 1st line shows Bicluster number 'bc#:', 2nd line shows column number 'c:', 3rd line shows row number 'r:' and so on ....
 bc#: 1
 c: 4 11 16 26 32 35 41 46 49 52 55 58 60 65 66 68 71 80 86 89 94 97 
 r: 1 2 14 19 20 32 37 38 50 55 56 68 73 74 86 91 92 
 Total col=22, Total row=17
 bc#: 2
 c: 2 8 10 14 17 19 22 25 28 31 39 45 46 53 59 60 62 65 66 68 71 73 74 76 79 80 86 94 100 
 r: 1 3 13 19 21 31 37 39 49 55 57 67 73 75 85 91 93 
 Total col=29, Total row=17
 bc#: 3
 c: 2 4 7 10 14 16 19 26 31 32 35 38 43 46 49 53 55 58 60 65 66 68 71 74 76 79 81 86 94 
 r: 1 4 19 22 37 40 55 58 73 76 91 94 
 Total col=29, Total row=12
 bc#: 4
 c: 8 11 17 22 25 28 30 39 41 45 52 59 62 73 80 84 87 89 92 95 97 100 
 r: 1 5 19 23 37 41 55 59 73 77 91 95 
 Total col=22, Total row=12
 bc#: 5
 c: 4 7 10 16 19 26 31 32 35 38 43 46 49 53 59 60 62 65 68 71 73 76 79 81 84 86 87 92 95 97 
 r: 1 6 19 24 37 42 55 60 73 78 91 96 
 Total col=30, Total row=12
 bc#: 6
 c: 2 4 8 11 14 17 22 28 30 39 45 46 52 58 60 66 76 81 84 87 94 100 
 r: 1 7 17 19 25 35 37 43 53 55 61 71 73 79 89 91 97 
 Total col=22, Total row=17
 bc#: 7
 c: 4 7 10 16 19 22 25 28 31 32 35 38 41 45 53 60 65 66 73 76 79 81 84 94 97 
 r: 1 8 18 19 26 36 37 44 54 55 62 72 73 80 90 91 98 
 Total col=25, Total row=17
 bc#: 8
 c: 8 11 14 17 22 25 28 31 35 41 43 46 49 52 55 58 60 66 73 79 81 84 87 92 95 
 r: 1 9 11 15 19 27 29 33 37 45 47 51 55 63 65 69 73 81 83 87 91 99 
 Total col=25, Total row=22
 bc#: 9
 c: 2 4 7 10 16 19 26 30 32 38 39 45 53 59 62 65 68 71 74 76 80 86 89 94 97 100 
 r: 1 10 12 16 19 28 30 34 37 46 48 52 55 64 66 70 73 82 84 88 91 100 
 Total col=26, Total row=22
 bc#: 10
 c: 8 11 14 17 22 25 28 31 35 41 43 46 49 52 55 58 60 66 73 79 81 84 87 92 95 
 r: 1 11 9 15 19 27 29 33 37 45 47 51 55 63 65 69 73 81 83 87 91 99 
 Total col=25, Total row=22
 bc#: 11
 c: 2 4 7 10 16 19 26 30 32 38 39 45 53 59 62 65 68 71 74 76 80 86 89 94 97 100 
 r: 1 12 10 16 19 28 30 34 37 46 48 52 55 64 66 70 73 82 84 88 91 100 
 Total col=26, Total row=22
 bc#: 12
 c: 2 8 10 14 17 19 22 25 28 31 39 45 46 53 59 60 62 65 66 68 71 73 74 76 79 80 86 94 100 
 r: 1 13 3 19 21 31 37 39 49 55 57 67 73 75 85 91 93 
 Total col=29, Total row=17
 bc#: 13
 c: 4 11 16 26 32 35 41 46 49 52 55 58 60 65 66 68 71 80 86 89 94 97 
 r: 1 14 2 19 20 32 37 38 50 55 56 68 73 74 86 91 92 
 Total col=22, Total row=17
 bc#: 14
 c: 8 11 14 17 22 25 28 31 35 41 43 46 49 52 55 58 60 66 73 79 81 84 87 92 95 
 r: 1 15 9 11 19 27 29 33 37 45 47 51 55 63 65 69 73 81 83 87 91 99 
 Total col=25, Total row=22
 bc#: 15
 c: 2 4 7 10 16 19 26 30 32 38 39 45 53 59 62 65 68 71 74 76 80 86 89 94 97 100 
 r: 1 16 10 12 19 28 30 34 37 46 48 52 55 64 66 70 73 82 84 88 91 100 
 Total col=26, Total row=22
 bc#: 16
 c: 2 4 8 11 14 17 22 28 30 39 45 46 52 58 60 66 76 81 84 87 94 100 
 r: 1 17 7 19 25 35 37 43 53 55 61 71 73 79 89 91 97 
 Total col=22, Total row=17
 bc#: 17
 c: 4 7 10 16 19 22 25 28 31 32 35 38 41 45 53 60 65 66 73 76 79 81 84 94 97 
 r: 1 18 8 19 26 36 37 44 54 55 62 72 73 80 90 91 98 
 Total col=25, Total row=17
 bc#: 18
 c: 4 11 16 26 32 35 41 46 49 52 55 58 60 65 66 68 71 80 86 89 94 97 
 r: 1 20 2 14 19 32 37 38 50 55 56 68 73 74 86 91 92 
 Total col=22, Total row=17
 bc#: 19
 c: 2 8 10 14 17 19 22 25 28 31 39 45 46 53 59 60 62 65 66 68 71 73 74 76 79 80 86 94 100 
 r: 1 21 3 13 19 31 37 39 49 55 57 67 73 75 85 91 93 
 Total col=29, Total row=17
 bc#: 20
 c: 2 4 7 10 14 16 19 26 31 32 35 38 43 46 49 53 55 58 60 65 66 68 71 74 76 79 81 86 94 
 r: 1 22 4 19 37 40 55 58 73 76 91 94 
 Total col=29, Total row=12
 bc#: 21
 c: 8 11 17 22 25 28 30 39 41 45 52 59 62 73 80 84 87 89 92 95 97 100 
 r: 1 23 5 19 37 41 55 59 73 77 91 95 
 Total col=22, Total row=12
 bc#: 22
 c: 4 7 10 16 19 26 31 32 35 38 43 46 49 53 59 60 62 65 68 71 73 76 79 81 84 86 87 92 95 97 
 r: 1 24 6 19 37 42 55 60 73 78 91 96 
 Total col=30, Total row=12
 bc#: 23
 c: 2 4 8 11 14 17 22 28 30 39 45 46 52 58 60 66 76 81 84 87 94 100 
 r: 1 25 7 17 19 35 37 43 53 55 61 71 73 79 89 91 97 
 Total col=22, Total row=17
 bc#: 24
 c: 4 7 10 16 19 22 25 28 31 32 35 38 41 45 53 60 65 66 73 76 79 81 84 94 97 
 r: 1 26 8 18 19 36 37 44 54 55 62 72 73 80 90 91 98 
 Total col=25, Total row=17
 bc#: 25
 c: 8 11 14 17 22 25 28 31 35 41 43 46 49 52 55 58 60 66 73 79 81 84 87 92 95 
 r: 1 27 9 11 15 19 29 33 37 45 47 51 55 63 65 69 73 81 83 87 91 99 
 Total col=25, Total row=22
 bc#: 26
 c: 2 4 7 10 16 19 26 30 32 38 39 45 53 59 62 65 68 71 74 76 80 86 89 94 97 100 
 r: 1 28 10 12 16 19 30 34 37 46 48 52 55 64 66 70 73 82 84 88 91 100 
 Total col=26, Total row=22
 bc#: 27
 c: 8 11 14 17 22 25 28 31 35 41 43 46 49 52 55 58 60 66 73 79 81 84 87 92 95 
 r: 1 29 9 11 15 19 27 33 37 45 47 51 55 63 65 69 73 81 83 87 91 99 
 Total col=25, Total row=22
 bc#: 28
 c: 2 4 7 10 16 19 26 30 32 38 39 45 53 59 62 65 68 71 74 76 80 86 89 94 97 100 
 r: 1 30 10 12 16 19 28 34 37 46 48 52 55 64 66 70 73 82 84 88 91 100 
 Total col=26, Total row=22
 bc#: 29
 c: 2 8 10 14 17 19 22 25 28 31 39 45 46 53 59 60 62 65 66 68 71 73 74 76 79 80 86 94 100 
 r: 1 31 3 13 19 21 37 39 49 55 57 67 73 75 85 91 93 
 Total col=29, Total row=17
 bc#: 30
 c: 4 11 16 26 32 35 41 46 49 52 55 58 60 65 66 68 71 80 86 89 94 97 
 r: 1 32 2 14 19 20 37 38 50 55 56 68 73 74 86 91 92 
 Total col=22, Total row=17
 bc#: 31
 c: 8 11 14 17 22 25 28 31 35 41 43 46 49 52 55 58 60 66 73 79 81 84 87 92 95 
 r: 1 33 9 11 15 19 27 29 37 45 47 51 55 63 65 69 73 81 83 87 91 99 
 Total col=25, Total row=22
 bc#: 32
 c: 2 4 7 10 16 19 26 30 32 38 39 45 53 59 62 65 68 71 74 76 80 86 89 94 97 100 
 r: 1 34 10 12 16 19 28 30 37 46 48 52 55 64 66 70 73 82 84 88 91 100 
 Total col=26, Total row=22
 bc#: 33
 c: 2 4 8 11 14 17 22 28 30 39 45 46 52 58 60 66 76 81 84 87 94 100 
 r: 1 35 7 17 19 25 37 43 53 55 61 71 73 79 89 91 97 
 Total col=22, Total row=17
 bc#: 34
 c: 4 7 10 16 19 22 25 28 31 32 35 38 41 45 53 60 65 66 73 76 79 81 84 94 97 
 r: 1 36 8 18 19 26 37 44 54 55 62 72 73 80 90 91 98 
 Total col=25, Total row=17
 bc#: 35
 c: 4 11 16 26 32 35 41 46 49 52 55 58 60 65 66 68 71 80 86 89 94 97 
 r: 1 38 2 14 19 20 32 37 50 55 56 68 73 74 86 91 92 
 Total col=22, Total row=17
 bc#: 36
 c: 2 8 10 14 17 19 22 25 28 31 39 45 46 53 59 60 62 65 66 68 71 73 74 76 79 80 86 94 100 
 r: 1 39 3 13 19 21 31 37 49 55 57 67 73 75 85 91 93 
 Total col=29, Total row=17
 bc#: 37
 c: 2 4 7 10 14 16 19 26 31 32 35 38 43 46 49 53 55 58 60 65 66 68 71 74 76 79 81 86 94 
 r: 1 40 4 19 22 37 55 58 73 76 91 94 
 Total col=29, Total row=12
 bc#: 38
 c: 8 11 17 22 25 28 30 39 41 45 52 59 62 73 80 84 87 89 92 95 97 100 
 r: 1 41 5 19 23 37 55 59 73 77 91 95 
 Total col=22, Total row=12
 bc#: 39
 c: 4 7 10 16 19 26 31 32 35 38 43 46 49 53 59 60 62 65 68 71 73 76 79 81 84 86 87 92 95 97 
 r: 1 42 6 19 24 37 55 60 73 78 91 96 
 Total col=30, Total row=12
 bc#: 40
 c: 2 4 8 11 14 17 22 28 30 39 45 46 52 58 60 66 76 81 84 87 94 100 
 r: 1 43 7 17 19 25 35 37 53 55 61 71 73 79 89 91 97 
 Total col=22, Total row=17
 bc#: 41
 c: 4 7 10 16 19 22 25 28 31 32 35 38 41 45 53 60 65 66 73 76 79 81 84 94 97 
 r: 1 44 8 18 19 26 36 37 54 55 62 72 73 80 90 91 98 
 Total col=25, Total row=17
 bc#: 42
 c: 8 11 14 17 22 25 28 31 35 41 43 46 49 52 55 58 60 66 73 79 81 84 87 92 95 
 r: 1 45 9 11 15 19 27 29 33 37 47 51 55 63 65 69 73 81 83 87 91 99 
 Total col=25, Total row=22
 bc#: 43
 c: 2 4 7 10 16 19 26 30 32 38 39 45 53 59 62 65 68 71 74 76 80 86 89 94 97 100 
 r: 1 46 10 12 16 19 28 30 34 37 48 52 55 64 66 70 73 82 84 88 91 100 
 Total col=26, Total row=22
 bc#: 44
 c: 8 11 14 17 22 25 28 31 35 41 43 46 49 52 55 58 60 66 73 79 81 84 87 92 95 
 r: 1 47 9 11 15 19 27 29 33 37 45 51 55 63 65 69 73 81 83 87 91 99 
 Total col=25, Total row=22
 bc#: 45
 c: 2 4 7 10 16 19 26 30 32 38 39 45 53 59 62 65 68 71 74 76 80 86 89 94 97 100 
 r: 1 48 10 12 16 19 28 30 34 37 46 52 55 64 66 70 73 82 84 88 91 100 
 Total col=26, Total row=22
 bc#: 46
 c: 2 8 10 14 17 19 22 25 28 31 39 45 46 53 59 60 62 65 66 68 71 73 74 76 79 80 86 94 100 
 r: 1 49 3 13 19 21 31 37 39 55 57 67 73 75 85 91 93 
 Total col=29, Total row=17
 bc#: 47
 c: 4 11 16 26 32 35 41 46 49 52 55 58 60 65 66 68 71 80 86 89 94 97 
 r: 1 50 2 14 19 20 32 37 38 55 56 68 73 74 86 91 92 
 Total col=22, Total row=17
 bc#: 48
 c: 8 11 14 17 22 25 28 31 35 41 43 46 49 52 55 58 60 66 73 79 81 84 87 92 95 
 r: 1 51 9 11 15 19 27 29 33 37 45 47 55 63 65 69 73 81 83 87 91 99 
 Total col=25, Total row=22
 bc#: 49
 c: 2 4 7 10 16 19 26 30 32 38 39 45 53 59 62 65 68 71 74 76 80 86 89 94 97 100 
 r: 1 52 10 12 16 19 28 30 34 37 46 48 55 64 66 70 73 82 84 88 91 100 
 Total col=26, Total row=22
 bc#: 50
 c: 2 4 8 11 14 17 22 28 30 39 45 46 52 58 60 66 76 81 84 87 94 100 
 r: 1 53 7 17 19 25 35 37 43 55 61 71 73 79 89 91 97 
 Total col=22, Total row=17
 bc#: 51
 c: 4 7 10 16 19 22 25 28 31 32 35 38 41 45 53 60 65 66 73 76 79 81 84 94 97 
 r: 1 54 8 18 19 26 36 37 44 55 62 72 73 80 90 91 98 
 Total col=25, Total row=17
 bc#: 52
 c: 4 11 16 26 32 35 41 46 49 52 55 58 60 65 66 68 71 80 86 89 94 97 
 r: 1 56 2 14 19 20 32 37 38 50 55 68 73 74 86 91 92 
 Total col=22, Total row=17
 bc#: 53
 c: 2 8 10 14 17 19 22 25 28 31 39 45 46 53 59 60 62 65 66 68 71 73 74 76 79 80 86 94 100 
 r: 1 57 3 13 19 21 31 37 39 49 55 67 73 75 85 91 93 
 Total col=29, Total row=17
 bc#: 54
 c: 2 4 7 10 14 16 19 26 31 32 35 38 43 46 49 53 55 58 60 65 66 68 71 74 76 79 81 86 94 
 r: 1 58 4 19 22 37 40 55 73 76 91 94 
 Total col=29, Total row=12
 bc#: 55
 c: 8 11 17 22 25 28 30 39 41 45 52 59 62 73 80 84 87 89 92 95 97 100 
 r: 1 59 5 19 23 37 41 55 73 77 91 95 
 Total col=22, Total row=12
 bc#: 56
 c: 4 7 10 16 19 26 31 32 35 38 43 46 49 53 59 60 62 65 68 71 73 76 79 81 84 86 87 92 95 97 
 r: 1 60 6 19 24 37 42 55 73 78 91 96 
 Total col=30, Total row=12
 bc#: 57
 c: 2 4 8 11 14 17 22 28 30 39 45 46 52 58 60 66 76 81 84 87 94 100 
 r: 1 61 7 17 19 25 35 37 43 53 55 71 73 79 89 91 97 
 Total col=22, Total row=17
 bc#: 58
 c: 4 7 10 16 19 22 25 28 31 32 35 38 41 45 53 60 65 66 73 76 79 81 84 94 97 
 r: 1 62 8 18 19 26 36 37 44 54 55 72 73 80 90 91 98 
 Total col=25, Total row=17
 bc#: 59
 c: 8 11 14 17 22 25 28 31 35 41 43 46 49 52 55 58 60 66 73 79 81 84 87 92 95 
 r: 1 63 9 11 15 19 27 29 33 37 45 47 51 55 65 69 73 81 83 87 91 99 
 Total col=25, Total row=22
 bc#: 60
 c: 2 4 7 10 16 19 26 30 32 38 39 45 53 59 62 65 68 71 74 76 80 86 89 94 97 100 
 r: 1 64 10 12 16 19 28 30 34 37 46 48 52 55 66 70 73 82 84 88 91 100 
 Total col=26, Total row=22
 bc#: 61
 c: 8 11 14 17 22 25 28 31 35 41 43 46 49 52 55 58 60 66 73 79 81 84 87 92 95 
 r: 1 65 9 11 15 19 27 29 33 37 45 47 51 55 63 69 73 81 83 87 91 99 
 Total col=25, Total row=22
 bc#: 62
 c: 2 4 7 10 16 19 26 30 32 38 39 45 53 59 62 65 68 71 74 76 80 86 89 94 97 100 
 r: 1 66 10 12 16 19 28 30 34 37 46 48 52 55 64 70 73 82 84 88 91 100 
 Total col=26, Total row=22
 bc#: 63
 c: 2 8 10 14 17 19 22 25 28 31 39 45 46 53 59 60 62 65 66 68 71 73 74 76 79 80 86 94 100 
 r: 1 67 3 13 19 21 31 37 39 49 55 57 73 75 85 91 93 
 Total col=29, Total row=17
 bc#: 64
 c: 4 11 16 26 32 35 41 46 49 52 55 58 60 65 66 68 71 80 86 89 94 97 
 r: 1 68 2 14 19 20 32 37 38 50 55 56 73 74 86 91 92 
 Total col=22, Total row=17
 bc#: 65
 c: 8 11 14 17 22 25 28 31 35 41 43 46 49 52 55 58 60 66 73 79 81 84 87 92 95 
 r: 1 69 9 11 15 19 27 29 33 37 45 47 51 55 63 65 73 81 83 87 91 99 
 Total col=25, Total row=22
 bc#: 66
 c: 2 4 7 10 16 19 26 30 32 38 39 45 53 59 62 65 68 71 74 76 80 86 89 94 97 100 
 r: 1 70 10 12 16 19 28 30 34 37 46 48 52 55 64 66 73 82 84 88 91 100 
 Total col=26, Total row=22
 bc#: 67
 c: 2 4 8 11 14 17 22 28 30 39 45 46 52 58 60 66 76 81 84 87 94 100 
 r: 1 71 7 17 19 25 35 37 43 53 55 61 73 79 89 91 97 
 Total col=22, Total row=17
 bc#: 68
 c: 4 7 10 16 19 22 25 28 31 32 35 38 41 45 53 60 65 66 73 76 79 81 84 94 97 
 r: 1 72 8 18 19 26 36 37 44 54 55 62 73 80 90 91 98 
 Total col=25, Total row=17
 bc#: 69
 c: 4 11 16 26 32 35 41 46 49 52 55 58 60 65 66 68 71 80 86 89 94 97 
 r: 1 74 2 14 19 20 32 37 38 50 55 56 68 73 86 91 92 
 Total col=22, Total row=17
 bc#: 70
 c: 2 8 10 14 17 19 22 25 28 31 39 45 46 53 59 60 62 65 66 68 71 73 74 76 79 80 86 94 100 
 r: 1 75 3 13 19 21 31 37 39 49 55 57 67 73 85 91 93 
 Total col=29, Total row=17
 bc#: 71
 c: 2 4 7 10 14 16 19 26 31 32 35 38 43 46 49 53 55 58 60 65 66 68 71 74 76 79 81 86 94 
 r: 1 76 4 19 22 37 40 55 58 73 91 94 
 Total col=29, Total row=12
 bc#: 72
 c: 8 11 17 22 25 28 30 39 41 45 52 59 62 73 80 84 87 89 92 95 97 100 
 r: 1 77 5 19 23 37 41 55 59 73 91 95 
 Total col=22, Total row=12
 bc#: 73
 c: 4 7 10 16 19 26 31 32 35 38 43 46 49 53 59 60 62 65 68 71 73 76 79 81 84 86 87 92 95 97 
 r: 1 78 6 19 24 37 42 55 60 73 91 96 
 Total col=30, Total row=12
 bc#: 74
 c: 2 4 8 11 14 17 22 28 30 39 45 46 52 58 60 66 76 81 84 87 94 100 
 r: 1 79 7 17 19 25 35 37 43 53 55 61 71 73 89 91 97 
 Total col=22, Total row=17
 bc#: 75
 c: 4 7 10 16 19 22 25 28 31 32 35 38 41 45 53 60 65 66 73 76 79 81 84 94 97 
 r: 1 80 8 18 19 26 36 37 44 54 55 62 72 73 90 91 98 
 Total col=25, Total row=17
 bc#: 76
 c: 8 11 14 17 22 25 28 31 35 41 43 46 49 52 55 58 60 66 73 79 81 84 87 92 95 
 r: 1 81 9 11 15 19 27 29 33 37 45 47 51 55 63 65 69 73 83 87 91 99 
 Total col=25, Total row=22
 bc#: 77
 c: 2 4 7 10 16 19 26 30 32 38 39 45 53 59 62 65 68 71 74 76 80 86 89 94 97 100 
 r: 1 82 10 12 16 19 28 30 34 37 46 48 52 55 64 66 70 73 84 88 91 100 
 Total col=26, Total row=22
 bc#: 78
 c: 8 11 14 17 22 25 28 31 35 41 43 46 49 52 55 58 60 66 73 79 81 84 87 92 95 
 r: 1 83 9 11 15 19 27 29 33 37 45 47 51 55 63 65 69 73 81 87 91 99 
 Total col=25, Total row=22
 bc#: 79
 c: 2 4 7 10 16 19 26 30 32 38 39 45 53 59 62 65 68 71 74 76 80 86 89 94 97 100 
 r: 1 84 10 12 16 19 28 30 34 37 46 48 52 55 64 66 70 73 82 88 91 100 
 Total col=26, Total row=22
 bc#: 80
 c: 2 8 10 14 17 19 22 25 28 31 39 45 46 53 59 60 62 65 66 68 71 73 74 76 79 80 86 94 100 
 r: 1 85 3 13 19 21 31 37 39 49 55 57 67 73 75 91 93 
 Total col=29, Total row=17
 bc#: 81
 c: 4 11 16 26 32 35 41 46 49 52 55 58 60 65 66 68 71 80 86 89 94 97 
 r: 1 86 2 14 19 20 32 37 38 50 55 56 68 73 74 91 92 
 Total col=22, Total row=17
 bc#: 82
 c: 8 11 14 17 22 25 28 31 35 41 43 46 49 52 55 58 60 66 73 79 81 84 87 92 95 
 r: 1 87 9 11 15 19 27 29 33 37 45 47 51 55 63 65 69 73 81 83 91 99 
 Total col=25, Total row=22
 bc#: 83
 c: 2 4 7 10 16 19 26 30 32 38 39 45 53 59 62 65 68 71 74 76 80 86 89 94 97 100 
 r: 1 88 10 12 16 19 28 30 34 37 46 48 52 55 64 66 70 73 82 84 91 100 
 Total col=26, Total row=22
 bc#: 84
 c: 2 4 8 11 14 17 22 28 30 39 45 46 52 58 60 66 76 81 84 87 94 100 
 r: 1 89 7 17 19 25 35 37 43 53 55 61 71 73 79 91 97 
 Total col=22, Total row=17
 bc#: 85
 c: 4 7 10 16 19 22 25 28 31 32 35 38 41 45 53 60 65 66 73 76 79 81 84 94 97 
 r: 1 90 8 18 19 26 36 37 44 54 55 62 72 73 80 91 98 
 Total col=25, Total row=17
 bc#: 86
 c: 4 11 16 26 32 35 41 46 49 52 55 58 60 65 66 68 71 80 86 89 94 97 
 r: 1 92 2 14 19 20 32 37 38 50 55 56 68 73 74 86 91 
 Total col=22, Total row=17
 bc#: 87
 c: 2 8 10 14 17 19 22 25 28 31 39 45 46 53 59 60 62 65 66 68 71 73 74 76 79 80 86 94 100 
 r: 1 93 3 13 19 21 31 37 39 49 55 57 67 73 75 85 91 
 Total col=29, Total row=17
 bc#: 88
 c: 2 4 7 10 14 16 19 26 31 32 35 38 43 46 49 53 55 58 60 65 66 68 71 74 76 79 81 86 94 
 r: 1 94 4 19 22 37 40 55 58 73 76 91 
 Total col=29, Total row=12
 bc#: 89
 c: 8 11 17 22 25 28 30 39 41 45 52 59 62 73 80 84 87 89 92 95 97 100 
 r: 1 95 5 19 23 37 41 55 59 73 77 91 
 Total col=22, Total row=12
 bc#: 90
 c: 4 7 10 16 19 26 31 32 35 38 43 46 49 53 59 60 62 65 68 71 73 76 79 81 84 86 87 92 95 97 
 r: 1 96 6 19 24 37 42 55 60 73 78 91 
 Total col=30, Total row=12
 bc#: 91
 c: 2 4 8 11 14 17 22 28 30 39 45 46 52 58 60 66 76 81 84 87 94 100 
 r: 1 97 7 17 19 25 35 37 43 53 55 61 71 73 79 89 91 
 Total col=22, Total row=17
 bc#: 92
 c: 4 7 10 16 19 22 25 28 31 32 35 38 41 45 53 60 65 66 73 76 79 81 84 94 97 
 r: 1 98 8 18 19 26 36 37 44 54 55 62 72 73 80 90 91 
 Total col=25, Total row=17
 bc#: 93
 c: 8 11 14 17 22 25 28 31 35 41 43 46 49 52 55 58 60 66 73 79 81 84 87 92 95 
 r: 1 99 9 11 15 19 27 29 33 37 45 47 51 55 63 65 69 73 81 83 87 91 
 Total col=25, Total row=22
 bc#: 94
 c: 2 4 7 10 16 19 26 30 32 38 39 45 53 59 62 65 68 71 74 76 80 86 89 94 97 100 
 r: 1 100 10 12 16 19 28 30 34 37 46 48 52 55 64 66 70 73 82 84 88 91 
 Total col=26, Total row=22
 bc#: 95
 c: 6 13 29 34 40 46 51 60 65 66 68 71 80 82 86 88 91 94 96 99 
 r: 2 3 13 14 20 21 31 32 38 39 49 50 56 57 67 68 74 75 85 86 92 93 
 Total col=20, Total row=22
 bc#: 96
 c: 1 4 9 16 18 21 24 26 27 29 32 35 37 40 46 49 51 55 57 58 60 63 65 66 68 71 77 83 86 88 91 94 96 99 
 r: 2 4 14 20 22 32 38 40 50 56 58 68 74 76 86 92 94 
 Total col=34, Total row=17
 bc#: 97
 c: 3 6 11 13 15 20 34 41 44 47 52 72 75 78 80 82 89 97 
 r: 2 5 14 20 23 32 38 41 50 56 59 68 74 77 86 92 95 
 Total col=18, Total row=17
 bc#: 98
 c: 1 3 4 9 15 16 18 21 24 26 27 29 32 35 37 40 46 49 51 57 60 65 68 71 75 82 86 97 
 r: 2 6 14 20 24 32 38 42 50 56 60 68 74 78 86 92 96 
 Total col=28, Total row=17
 bc#: 99
 c: 4 6 11 20 21 24 27 34 40 46 51 52 57 58 60 63 66 72 75 78 82 88 94 96 99 
 r: 2 7 14 17 20 25 32 35 38 43 50 53 56 61 68 71 74 79 86 89 92 97 
 Total col=25, Total row=22
 bc#: 100
 c: 1 4 9 13 15 16 18 27 32 35 37 41 47 51 57 60 63 65 66 75 82 88 91 94 97 
 r: 2 8 14 18 20 26 32 36 38 44 50 54 56 62 68 72 74 80 86 90 92 98 
 Total col=25, Total row=22
 bc#: 101
 c: 3 6 11 20 29 34 35 37 40 41 46 47 49 52 55 58 60 63 66 72 75 78 99 
 r: 2 9 11 14 15 20 27 29 32 33 38 45 47 50 51 56 63 65 68 69 74 81 83 86 87 92 99 
 Total col=23, Total row=27
 bc#: 102
 c: 1 4 9 13 15 16 18 21 24 26 27 32 44 51 57 65 68 71 77 80 82 83 86 88 89 91 94 96 97 
 r: 2 10 12 14 16 20 28 30 32 34 38 46 48 50 52 56 64 66 68 70 74 82 84 86 88 92 100 
 Total col=29, Total row=27
 bc#: 103
 c: 3 6 11 20 29 34 35 37 40 41 46 47 49 52 55 58 60 63 66 72 75 78 99 
 r: 2 11 9 14 15 20 27 29 32 33 38 45 47 50 51 56 63 65 68 69 74 81 83 86 87 92 99 
 Total col=23, Total row=27
 bc#: 104
 c: 1 4 9 13 15 16 18 21 24 26 27 32 44 51 57 65 68 71 77 80 82 83 86 88 89 91 94 96 97 
 r: 2 12 10 14 16 20 28 30 32 34 38 46 48 50 52 56 64 66 68 70 74 82 84 86 88 92 100 
 Total col=29, Total row=27
 bc#: 105
 c: 6 13 29 34 40 46 51 60 65 66 68 71 80 82 86 88 91 94 96 99 
 r: 2 13 3 14 20 21 31 32 38 39 49 50 56 57 67 68 74 75 85 86 92 93 
 Total col=20, Total row=22
 bc#: 106
 c: 3 6 11 20 29 34 35 37 40 41 46 47 49 52 55 58 60 63 66 72 75 78 99 
 r: 2 15 9 11 14 20 27 29 32 33 38 45 47 50 51 56 63 65 68 69 74 81 83 86 87 92 99 
 Total col=23, Total row=27
 bc#: 107
 c: 1 4 9 13 15 16 18 21 24 26 27 32 44 51 57 65 68 71 77 80 82 83 86 88 89 91 94 96 97 
 r: 2 16 10 12 14 20 28 30 32 34 38 46 48 50 52 56 64 66 68 70 74 82 84 86 88 92 100 
 Total col=29, Total row=27
 bc#: 108
 c: 4 6 11 20 21 24 27 34 40 46 51 52 57 58 60 63 66 72 75 78 82 88 94 96 99 
 r: 2 17 7 14 20 25 32 35 38 43 50 53 56 61 68 71 74 79 86 89 92 97 
 Total col=25, Total row=22
 bc#: 109
 c: 1 4 9 13 15 16 18 27 32 35 37 41 47 51 57 60 63 65 66 75 82 88 91 94 97 
 r: 2 18 8 14 20 26 32 36 38 44 50 54 56 62 68 72 74 80 86 90 92 98 
 Total col=25, Total row=22
 bc#: 110
 c: 4 11 16 26 32 35 41 46 49 52 55 58 60 65 66 68 71 80 86 89 94 97 
 r: 2 19 14 20 32 37 38 50 55 56 68 73 74 86 91 92 
 Total col=22, Total row=16
 bc#: 111
 c: 6 13 29 34 40 46 51 60 65 66 68 71 80 82 86 88 91 94 96 99 
 r: 2 21 3 13 14 20 31 32 38 39 49 50 56 57 67 68 74 75 85 86 92 93 
 Total col=20, Total row=22
 bc#: 112
 c: 3 6 11 13 15 20 34 41 44 47 52 72 75 78 80 82 89 97 
 r: 2 23 5 14 20 32 38 41 50 56 59 68 74 77 86 92 95 
 Total col=18, Total row=17
 bc#: 113
 c: 1 3 4 9 15 16 18 21 24 26 27 29 32 35 37 40 46 49 51 57 60 65 68 71 75 82 86 97 
 r: 2 24 6 14 20 32 38 42 50 56 60 68 74 78 86 92 96 
 Total col=28, Total row=17
 bc#: 114
 c: 4 6 11 20 21 24 27 34 40 46 51 52 57 58 60 63 66 72 75 78 82 88 94 96 99 
 r: 2 25 7 14 17 20 32 35 38 43 50 53 56 61 68 71 74 79 86 89 92 97 
 Total col=25, Total row=22
 bc#: 115
 c: 1 4 9 13 15 16 18 27 32 35 37 41 47 51 57 60 63 65 66 75 82 88 91 94 97 
 r: 2 26 8 14 18 20 32 36 38 44 50 54 56 62 68 72 74 80 86 90 92 98 
 Total col=25, Total row=22
 bc#: 116
 c: 3 6 11 20 29 34 35 37 40 41 46 47 49 52 55 58 60 63 66 72 75 78 99 
 r: 2 27 9 11 14 15 20 29 32 33 38 45 47 50 51 56 63 65 68 69 74 81 83 86 87 92 99 
 Total col=23, Total row=27
 bc#: 117
 c: 1 4 9 13 15 16 18 21 24 26 27 32 44 51 57 65 68 71 77 80 82 83 86 88 89 91 94 96 97 
 r: 2 28 10 12 14 16 20 30 32 34 38 46 48 50 52 56 64 66 68 70 74 82 84 86 88 92 100 
 Total col=29, Total row=27
 bc#: 118
 c: 3 6 11 20 29 34 35 37 40 41 46 47 49 52 55 58 60 63 66 72 75 78 99 
 r: 2 29 9 11 14 15 20 27 32 33 38 45 47 50 51 56 63 65 68 69 74 81 83 86 87 92 99 
 Total col=23, Total row=27
 bc#: 119
 c: 1 4 9 13 15 16 18 21 24 26 27 32 44 51 57 65 68 71 77 80 82 83 86 88 89 91 94 96 97 
 r: 2 30 10 12 14 16 20 28 32 34 38 46 48 50 52 56 64 66 68 70 74 82 84 86 88 92 100 
 Total col=29, Total row=27
 bc#: 120
 c: 6 13 29 34 40 46 51 60 65 66 68 71 80 82 86 88 91 94 96 99 
 r: 2 31 3 13 14 20 21 32 38 39 49 50 56 57 67 68 74 75 85 86 92 93 
 Total col=20, Total row=22
 bc#: 121
 c: 3 6 11 20 29 34 35 37 40 41 46 47 49 52 55 58 60 63 66 72 75 78 99 
 r: 2 33 9 11 14 15 20 27 29 32 38 45 47 50 51 56 63 65 68 69 74 81 83 86 87 92 99 
 Total col=23, Total row=27
 bc#: 122
 c: 1 4 9 13 15 16 18 21 24 26 27 32 44 51 57 65 68 71 77 80 82 83 86 88 89 91 94 96 97 
 r: 2 34 10 12 14 16 20 28 30 32 38 46 48 50 52 56 64 66 68 70 74 82 84 86 88 92 100 
 Total col=29, Total row=27
 bc#: 123
 c: 4 6 11 20 21 24 27 34 40 46 51 52 57 58 60 63 66 72 75 78 82 88 94 96 99 
 r: 2 35 7 14 17 20 25 32 38 43 50 53 56 61 68 71 74 79 86 89 92 97 
 Total col=25, Total row=22
 bc#: 124
 c: 1 4 9 13 15 16 18 27 32 35 37 41 47 51 57 60 63 65 66 75 82 88 91 94 97 
 r: 2 36 8 14 18 20 26 32 38 44 50 54 56 62 68 72 74 80 86 90 92 98 
 Total col=25, Total row=22
 bc#: 125
 c: 4 11 16 26 32 35 41 46 49 52 55 58 60 65 66 68 71 80 86 89 94 97 
 r: 2 37 14 19 20 32 38 50 55 56 68 73 74 86 91 92 
 Total col=22, Total row=16
 bc#: 126
 c: 6 13 29 34 40 46 51 60 65 66 68 71 80 82 86 88 91 94 96 99 
 r: 2 39 3 13 14 20 21 31 32 38 49 50 56 57 67 68 74 75 85 86 92 93 
 Total col=20, Total row=22
 bc#: 127
 c: 3 6 11 13 15 20 34 41 44 47 52 72 75 78 80 82 89 97 
 r: 2 41 5 14 20 23 32 38 50 56 59 68 74 77 86 92 95 
 Total col=18, Total row=17
 bc#: 128
 c: 1 3 4 9 15 16 18 21 24 26 27 29 32 35 37 40 46 49 51 57 60 65 68 71 75 82 86 97 
 r: 2 42 6 14 20 24 32 38 50 56 60 68 74 78 86 92 96 
 Total col=28, Total row=17
 bc#: 129
 c: 4 6 11 20 21 24 27 34 40 46 51 52 57 58 60 63 66 72 75 78 82 88 94 96 99 
 r: 2 43 7 14 17 20 25 32 35 38 50 53 56 61 68 71 74 79 86 89 92 97 
 Total col=25, Total row=22
 bc#: 130
 c: 1 4 9 13 15 16 18 27 32 35 37 41 47 51 57 60 63 65 66 75 82 88 91 94 97 
 r: 2 44 8 14 18 20 26 32 36 38 50 54 56 62 68 72 74 80 86 90 92 98 
 Total col=25, Total row=22
 bc#: 131
 c: 3 6 11 20 29 34 35 37 40 41 46 47 49 52 55 58 60 63 66 72 75 78 99 
 r: 2 45 9 11 14 15 20 27 29 32 33 38 47 50 51 56 63 65 68 69 74 81 83 86 87 92 99 
 Total col=23, Total row=27
 bc#: 132
 c: 1 4 9 13 15 16 18 21 24 26 27 32 44 51 57 65 68 71 77 80 82 83 86 88 89 91 94 96 97 
 r: 2 46 10 12 14 16 20 28 30 32 34 38 48 50 52 56 64 66 68 70 74 82 84 86 88 92 100 
 Total col=29, Total row=27
 bc#: 133
 c: 3 6 11 20 29 34 35 37 40 41 46 47 49 52 55 58 60 63 66 72 75 78 99 
 r: 2 47 9 11 14 15 20 27 29 32 33 38 45 50 51 56 63 65 68 69 74 81 83 86 87 92 99 
 Total col=23, Total row=27
 bc#: 134
 c: 1 4 9 13 15 16 18 21 24 26 27 32 44 51 57 65 68 71 77 80 82 83 86 88 89 91 94 96 97 
 r: 2 48 10 12 14 16 20 28 30 32 34 38 46 50 52 56 64 66 68 70 74 82 84 86 88 92 100 
 Total col=29, Total row=27
 bc#: 135
 c: 6 13 29 34 40 46 51 60 65 66 68 71 80 82 86 88 91 94 96 99 
 r: 2 49 3 13 14 20 21 31 32 38 39 50 56 57 67 68 74 75 85 86 92 93 
 Total col=20, Total row=22
 bc#: 136
 c: 3 6 11 20 29 34 35 37 40 41 46 47 49 52 55 58 60 63 66 72 75 78 99 
 r: 2 51 9 11 14 15 20 27 29 32 33 38 45 47 50 56 63 65 68 69 74 81 83 86 87 92 99 
 Total col=23, Total row=27
 bc#: 137
 c: 1 4 9 13 15 16 18 21 24 26 27 32 44 51 57 65 68 71 77 80 82 83 86 88 89 91 94 96 97 
 r: 2 52 10 12 14 16 20 28 30 32 34 38 46 48 50 56 64 66 68 70 74 82 84 86 88 92 100 
 Total col=29, Total row=27
 bc#: 138
 c: 4 6 11 20 21 24 27 34 40 46 51 52 57 58 60 63 66 72 75 78 82 88 94 96 99 
 r: 2 53 7 14 17 20 25 32 35 38 43 50 56 61 68 71 74 79 86 89 92 97 
 Total col=25, Total row=22
 bc#: 139
 c: 1 4 9 13 15 16 18 27 32 35 37 41 47 51 57 60 63 65 66 75 82 88 91 94 97 
 r: 2 54 8 14 18 20 26 32 36 38 44 50 56 62 68 72 74 80 86 90 92 98 
 Total col=25, Total row=22
 bc#: 140
 c: 4 11 16 26 32 35 41 46 49 52 55 58 60 65 66 68 71 80 86 89 94 97 
 r: 2 55 14 19 20 32 37 38 50 56 68 73 74 86 91 92 
 Total col=22, Total row=16
 bc#: 141
 c: 6 13 29 34 40 46 51 60 65 66 68 71 80 82 86 88 91 94 96 99 
 r: 2 57 3 13 14 20 21 31 32 38 39 49 50 56 67 68 74 75 85 86 92 93 
 Total col=20, Total row=22
 bc#: 142
 c: 3 6 11 13 15 20 34 41 44 47 52 72 75 78 80 82 89 97 
 r: 2 59 5 14 20 23 32 38 41 50 56 68 74 77 86 92 95 
 Total col=18, Total row=17
 bc#: 143
 c: 1 3 4 9 15 16 18 21 24 26 27 29 32 35 37 40 46 49 51 57 60 65 68 71 75 82 86 97 
 r: 2 60 6 14 20 24 32 38 42 50 56 68 74 78 86 92 96 
 Total col=28, Total row=17
 bc#: 144
 c: 4 6 11 20 21 24 27 34 40 46 51 52 57 58 60 63 66 72 75 78 82 88 94 96 99 
 r: 2 61 7 14 17 20 25 32 35 38 43 50 53 56 68 71 74 79 86 89 92 97 
 Total col=25, Total row=22
 bc#: 145
 c: 1 4 9 13 15 16 18 27 32 35 37 41 47 51 57 60 63 65 66 75 82 88 91 94 97 
 r: 2 62 8 14 18 20 26 32 36 38 44 50 54 56 68 72 74 80 86 90 92 98 
 Total col=25, Total row=22
 bc#: 146
 c: 3 6 11 20 29 34 35 37 40 41 46 47 49 52 55 58 60 63 66 72 75 78 99 
 r: 2 63 9 11 14 15 20 27 29 32 33 38 45 47 50 51 56 65 68 69 74 81 83 86 87 92 99 
 Total col=23, Total row=27
 bc#: 147
 c: 1 4 9 13 15 16 18 21 24 26 27 32 44 51 57 65 68 71 77 80 82 83 86 88 89 91 94 96 97 
 r: 2 64 10 12 14 16 20 28 30 32 34 38 46 48 50 52 56 66 68 70 74 82 84 86 88 92 100 
 Total col=29, Total row=27
 bc#: 148
 c: 3 6 11 20 29 34 35 37 40 41 46 47 49 52 55 58 60 63 66 72 75 78 99 
 r: 2 65 9 11 14 15 20 27 29 32 33 38 45 47 50 51 56 63 68 69 74 81 83 86 87 92 99 
 Total col=23, Total row=27
 bc#: 149
 c: 1 4 9 13 15 16 18 21 24 26 27 32 44 51 57 65 68 71 77 80 82 83 86 88 89 91 94 96 97 
 r: 2 66 10 12 14 16 20 28 30 32 34 38 46 48 50 52 56 64 68 70 74 82 84 86 88 92 100 
 Total col=29, Total row=27
 bc#: 150
 c: 6 13 29 34 40 46 51 60 65 66 68 71 80 82 86 88 91 94 96 99 
 r: 2 67 3 13 14 20 21 31 32 38 39 49 50 56 57 68 74 75 85 86 92 93 
 Total col=20, Total row=22
 bc#: 151
 c: 3 6 11 20 29 34 35 37 40 41 46 47 49 52 55 58 60 63 66 72 75 78 99 
 r: 2 69 9 11 14 15 20 27 29 32 33 38 45 47 50 51 56 63 65 68 74 81 83 86 87 92 99 
 Total col=23, Total row=27
 bc#: 152
 c: 1 4 9 13 15 16 18 21 24 26 27 32 44 51 57 65 68 71 77 80 82 83 86 88 89 91 94 96 97 
 r: 2 70 10 12 14 16 20 28 30 32 34 38 46 48 50 52 56 64 66 68 74 82 84 86 88 92 100 
 Total col=29, Total row=27
 bc#: 153
 c: 4 6 11 20 21 24 27 34 40 46 51 52 57 58 60 63 66 72 75 78 82 88 94 96 99 
 r: 2 71 7 14 17 20 25 32 35 38 43 50 53 56 61 68 74 79 86 89 92 97 
 Total col=25, Total row=22
 bc#: 154
 c: 1 4 9 13 15 16 18 27 32 35 37 41 47 51 57 60 63 65 66 75 82 88 91 94 97 
 r: 2 72 8 14 18 20 26 32 36 38 44 50 54 56 62 68 74 80 86 90 92 98 
 Total col=25, Total row=22
 bc#: 155
 c: 4 11 16 26 32 35 41 46 49 52 55 58 60 65 66 68 71 80 86 89 94 97 
 r: 2 73 14 19 20 32 37 38 50 55 56 68 74 86 91 92 
 Total col=22, Total row=16
 bc#: 156
 c: 6 13 29 34 40 46 51 60 65 66 68 71 80 82 86 88 91 94 96 99 
 r: 2 75 3 13 14 20 21 31 32 38 39 49 50 56 57 67 68 74 85 86 92 93 
 Total col=20, Total row=22
 bc#: 157
 c: 3 6 11 13 15 20 34 41 44 47 52 72 75 78 80 82 89 97 
 r: 2 77 5 14 20 23 32 38 41 50 56 59 68 74 86 92 95 
 Total col=18, Total row=17
 bc#: 158
 c: 1 3 4 9 15 16 18 21 24 26 27 29 32 35 37 40 46 49 51 57 60 65 68 71 75 82 86 97 
 r: 2 78 6 14 20 24 32 38 42 50 56 60 68 74 86 92 96 
 Total col=28, Total row=17
 bc#: 159
 c: 4 6 11 20 21 24 27 34 40 46 51 52 57 58 60 63 66 72 75 78 82 88 94 96 99 
 r: 2 79 7 14 17 20 25 32 35 38 43 50 53 56 61 68 71 74 86 89 92 97 
 Total col=25, Total row=22
 bc#: 160
 c: 1 4 9 13 15 16 18 27 32 35 37 41 47 51 57 60 63 65 66 75 82 88 91 94 97 
 r: 2 80 8 14 18 20 26 32 36 38 44 50 54 56 62 68 72 74 86 90 92 98 
 Total col=25, Total row=22
 bc#: 161
 c: 3 6 11 20 29 34 35 37 40 41 46 47 49 52 55 58 60 63 66 72 75 78 99 
 r: 2 81 9 11 14 15 20 27 29 32 33 38 45 47 50 51 56 63 65 68 69 74 83 86 87 92 99 
 Total col=23, Total row=27
 bc#: 162
 c: 1 4 9 13 15 16 18 21 24 26 27 32 44 51 57 65 68 71 77 80 82 83 86 88 89 91 94 96 97 
 r: 2 82 10 12 14 16 20 28 30 32 34 38 46 48 50 52 56 64 66 68 70 74 84 86 88 92 100 
 Total col=29, Total row=27
 bc#: 163
 c: 3 6 11 20 29 34 35 37 40 41 46 47 49 52 55 58 60 63 66 72 75 78 99 
 r: 2 83 9 11 14 15 20 27 29 32 33 38 45 47 50 51 56 63 65 68 69 74 81 86 87 92 99 
 Total col=23, Total row=27
 bc#: 164
 c: 1 4 9 13 15 16 18 21 24 26 27 32 44 51 57 65 68 71 77 80 82 83 86 88 89 91 94 96 97 
 r: 2 84 10 12 14 16 20 28 30 32 34 38 46 48 50 52 56 64 66 68 70 74 82 86 88 92 100 
 Total col=29, Total row=27
 bc#: 165
 c: 6 13 29 34 40 46 51 60 65 66 68 71 80 82 86 88 91 94 96 99 
 r: 2 85 3 13 14 20 21 31 32 38 39 49 50 56 57 67 68 74 75 86 92 93 
 Total col=20, Total row=22
 bc#: 166
 c: 3 6 11 20 29 34 35 37 40 41 46 47 49 52 55 58 60 63 66 72 75 78 99 
 r: 2 87 9 11 14 15 20 27 29 32 33 38 45 47 50 51 56 63 65 68 69 74 81 83 86 92 99 
 Total col=23, Total row=27
 bc#: 167
 c: 1 4 9 13 15 16 18 21 24 26 27 32 44 51 57 65 68 71 77 80 82 83 86 88 89 91 94 96 97 
 r: 2 88 10 12 14 16 20 28 30 32 34 38 46 48 50 52 56 64 66 68 70 74 82 84 86 92 100 
 Total col=29, Total row=27
 bc#: 168
 c: 4 6 11 20 21 24 27 34 40 46 51 52 57 58 60 63 66 72 75 78 82 88 94 96 99 
 r: 2 89 7 14 17 20 25 32 35 38 43 50 53 56 61 68 71 74 79 86 92 97 
 Total col=25, Total row=22
 bc#: 169
 c: 1 4 9 13 15 16 18 27 32 35 37 41 47 51 57 60 63 65 66 75 82 88 91 94 97 
 r: 2 90 8 14 18 20 26 32 36 38 44 50 54 56 62 68 72 74 80 86 92 98 
 Total col=25, Total row=22
 bc#: 170
 c: 4 11 16 26 32 35 41 46 49 52 55 58 60 65 66 68 71 80 86 89 94 97 
 r: 2 91 14 19 20 32 37 38 50 55 56 68 73 74 86 92 
 Total col=22, Total row=16
 bc#: 171
 c: 6 13 29 34 40 46 51 60 65 66 68 71 80 82 86 88 91 94 96 99 
 r: 2 93 3 13 14 20 21 31 32 38 39 49 50 56 57 67 68 74 75 85 86 92 
 Total col=20, Total row=22
 bc#: 172
 c: 3 6 11 13 15 20 34 41 44 47 52 72 75 78 80 82 89 97 
 r: 2 95 5 14 20 23 32 38 41 50 56 59 68 74 77 86 92 
 Total col=18, Total row=17
 bc#: 173
 c: 1 3 4 9 15 16 18 21 24 26 27 29 32 35 37 40 46 49 51 57 60 65 68 71 75 82 86 97 
 r: 2 96 6 14 20 24 32 38 42 50 56 60 68 74 78 86 92 
 Total col=28, Total row=17
 bc#: 174
 c: 4 6 11 20 21 24 27 34 40 46 51 52 57 58 60 63 66 72 75 78 82 88 94 96 99 
 r: 2 97 7 14 17 20 25 32 35 38 43 50 53 56 61 68 71 74 79 86 89 92 
 Total col=25, Total row=22
 bc#: 175
 c: 1 4 9 13 15 16 18 27 32 35 37 41 47 51 57 60 63 65 66 75 82 88 91 94 97 
 r: 2 98 8 14 18 20 26 32 36 38 44 50 54 56 62 68 72 74 80 86 90 92 
 Total col=25, Total row=22
 bc#: 176
 c: 3 6 11 20 29 34 35 37 40 41 46 47 49 52 55 58 60 63 66 72 75 78 99 
 r: 2 99 9 11 14 15 20 27 29 32 33 38 45 47 50 51 56 63 65 68 69 74 81 83 86 87 92 
 Total col=23, Total row=27
 bc#: 177
 c: 1 4 9 13 15 16 18 21 24 26 27 32 44 51 57 65 68 71 77 80 82 83 86 88 89 91 94 96 97 
 r: 2 100 10 12 14 16 20 28 30 32 34 38 46 48 50 52 56 64 66 68 70 74 82 84 86 88 92 
 Total col=29, Total row=27
 bc#: 178
 c: 2 10 14 19 29 31 40 42 46 48 51 53 60 65 66 68 71 74 76 79 85 86 88 91 93 94 96 99 
 r: 3 4 13 21 22 31 39 40 49 57 58 67 75 76 85 93 94 
 Total col=28, Total row=17
 bc#: 179
 c: 5 6 8 13 17 22 23 25 28 34 36 39 45 54 56 59 62 73 80 82 100 
 r: 3 5 13 21 23 31 39 41 49 57 59 67 75 77 85 93 95 
 Total col=21, Total row=17
 bc#: 180
 c: 10 19 29 31 40 42 46 48 51 53 54 59 60 62 65 68 71 73 76 79 82 86 93 
 r: 3 6 13 21 24 31 39 42 49 57 60 67 75 78 85 93 96 
 Total col=23, Total row=17
 bc#: 181
 c: 2 5 6 8 14 17 22 28 34 36 39 40 42 45 46 48 51 54 60 66 76 82 88 93 94 96 99 100 
 r: 3 7 13 17 21 25 31 35 39 43 49 53 57 61 67 71 75 79 85 89 93 97 
 Total col=28, Total row=22
 bc#: 182
 c: 10 13 19 22 25 28 31 42 45 48 51 53 54 56 60 65 66 73 76 79 82 85 88 91 93 94 
 r: 3 8 13 18 21 26 31 36 39 44 49 54 57 62 67 72 75 80 85 90 93 98 
 Total col=26, Total row=22
 bc#: 183
 c: 5 6 8 14 17 22 23 25 28 29 31 34 40 46 60 66 73 79 93 99 
 r: 3 9 11 13 15 21 27 29 31 33 39 45 47 49 51 57 63 65 67 69 75 81 83 85 87 93 99 
 Total col=20, Total row=27
 bc#: 184
 c: 2 10 13 19 36 39 42 45 48 51 53 54 56 59 62 65 68 71 74 76 80 82 85 86 88 91 94 96 100 
 r: 3 10 12 13 16 21 28 30 31 34 39 46 48 49 52 57 64 66 67 70 75 82 84 85 88 93 100 
 Total col=29, Total row=27
 bc#: 185
 c: 5 6 8 14 17 22 23 25 28 29 31 34 40 46 60 66 73 79 93 99 
 r: 3 11 9 13 15 21 27 29 31 33 39 45 47 49 51 57 63 65 67 69 75 81 83 85 87 93 99 
 Total col=20, Total row=27
 bc#: 186
 c: 2 10 13 19 36 39 42 45 48 51 53 54 56 59 62 65 68 71 74 76 80 82 85 86 88 91 94 96 100 
 r: 3 12 10 13 16 21 28 30 31 34 39 46 48 49 52 57 64 66 67 70 75 82 84 85 88 93 100 
 Total col=29, Total row=27
 bc#: 187
 c: 2 5 6 8 10 13 14 17 19 22 23 25 28 29 31 34 36 39 40 42 45 46 48 51 53 54 56 59 60 62 65 66 68 71 73 74 76 79 80 82 85 86 88 91 93 94 96 99 100 
 r: 3 13 21 31 39 49 57 67 75 85 93 
 Total col=49, Total row=11
 bc#: 188
 c: 6 13 29 34 40 46 51 60 65 66 68 71 80 82 86 88 91 94 96 99 
 r: 3 14 2 13 20 21 31 32 38 39 49 50 56 57 67 68 74 75 85 86 92 93 
 Total col=20, Total row=22
 bc#: 189
 c: 5 6 8 14 17 22 23 25 28 29 31 34 40 46 60 66 73 79 93 99 
 r: 3 15 9 11 13 21 27 29 31 33 39 45 47 49 51 57 63 65 67 69 75 81 83 85 87 93 99 
 Total col=20, Total row=27
 bc#: 190
 c: 2 10 13 19 36 39 42 45 48 51 53 54 56 59 62 65 68 71 74 76 80 82 85 86 88 91 94 96 100 
 r: 3 16 10 12 13 21 28 30 31 34 39 46 48 49 52 57 64 66 67 70 75 82 84 85 88 93 100 
 Total col=29, Total row=27
 bc#: 191
 c: 2 5 6 8 14 17 22 28 34 36 39 40 42 45 46 48 51 54 60 66 76 82 88 93 94 96 99 100 
 r: 3 17 7 13 21 25 31 35 39 43 49 53 57 61 67 71 75 79 85 89 93 97 
 Total col=28, Total row=22
 bc#: 192
 c: 10 13 19 22 25 28 31 42 45 48 51 53 54 56 60 65 66 73 76 79 82 85 88 91 93 94 
 r: 3 18 8 13 21 26 31 36 39 44 49 54 57 62 67 72 75 80 85 90 93 98 
 Total col=26, Total row=22
 bc#: 193
 c: 2 8 10 14 17 19 22 25 28 31 39 45 46 53 59 60 62 65 66 68 71 73 74 76 79 80 86 94 100 
 r: 3 19 13 21 31 37 39 49 55 57 67 73 75 85 91 93 
 Total col=29, Total row=16
 bc#: 194
 c: 6 13 29 34 40 46 51 60 65 66 68 71 80 82 86 88 91 94 96 99 
 r: 3 20 2 13 14 21 31 32 38 39 49 50 56 57 67 68 74 75 85 86 92 93 
 Total col=20, Total row=22
 bc#: 195
 c: 2 5 6 8 10 13 14 17 19 22 23 25 28 29 31 34 36 39 40 42 45 46 48 51 53 54 56 59 60 62 65 66 68 71 73 74 76 79 80 82 85 86 88 91 93 94 96 99 100 
 r: 3 21 13 31 39 49 57 67 75 85 93 
 Total col=49, Total row=11
 bc#: 196
 c: 2 10 14 19 29 31 40 42 46 48 51 53 60 65 66 68 71 74 76 79 85 86 88 91 93 94 96 99 
 r: 3 22 4 13 21 31 39 40 49 57 58 67 75 76 85 93 94 
 Total col=28, Total row=17
 bc#: 197
 c: 5 6 8 13 17 22 23 25 28 34 36 39 45 54 56 59 62 73 80 82 100 
 r: 3 23 5 13 21 31 39 41 49 57 59 67 75 77 85 93 95 
 Total col=21, Total row=17
 bc#: 198
 c: 10 19 29 31 40 42 46 48 51 53 54 59 60 62 65 68 71 73 76 79 82 86 93 
 r: 3 24 6 13 21 31 39 42 49 57 60 67 75 78 85 93 96 
 Total col=23, Total row=17
 bc#: 199
 c: 2 5 6 8 14 17 22 28 34 36 39 40 42 45 46 48 51 54 60 66 76 82 88 93 94 96 99 100 
 r: 3 25 7 13 17 21 31 35 39 43 49 53 57 61 67 71 75 79 85 89 93 97 
 Total col=28, Total row=22
 bc#: 200
 c: 10 13 19 22 25 28 31 42 45 48 51 53 54 56 60 65 66 73 76 79 82 85 88 91 93 94 
 r: 3 26 8 13 18 21 31 36 39 44 49 54 57 62 67 72 75 80 85 90 93 98 
 Total col=26, Total row=22
 bc#: 201
 c: 5 6 8 14 17 22 23 25 28 29 31 34 40 46 60 66 73 79 93 99 
 r: 3 27 9 11 13 15 21 29 31 33 39 45 47 49 51 57 63 65 67 69 75 81 83 85 87 93 99 
 Total col=20, Total row=27
 bc#: 202
 c: 2 10 13 19 36 39 42 45 48 51 53 54 56 59 62 65 68 71 74 76 80 82 85 86 88 91 94 96 100 
 r: 3 28 10 12 13 16 21 30 31 34 39 46 48 49 52 57 64 66 67 70 75 82 84 85 88 93 100 
 Total col=29, Total row=27
 bc#: 203
 c: 5 6 8 14 17 22 23 25 28 29 31 34 40 46 60 66 73 79 93 99 
 r: 3 29 9 11 13 15 21 27 31 33 39 45 47 49 51 57 63 65 67 69 75 81 83 85 87 93 99 
 Total col=20, Total row=27
 bc#: 204
 c: 2 10 13 19 36 39 42 45 48 51 53 54 56 59 62 65 68 71 74 76 80 82 85 86 88 91 94 96 100 
 r: 3 30 10 12 13 16 21 28 31 34 39 46 48 49 52 57 64 66 67 70 75 82 84 85 88 93 100 
 Total col=29, Total row=27
 bc#: 205
 c: 2 5 6 8 10 13 14 17 19 22 23 25 28 29 31 34 36 39 40 42 45 46 48 51 53 54 56 59 60 62 65 66 68 71 73 74 76 79 80 82 85 86 88 91 93 94 96 99 100 
 r: 3 31 13 21 39 49 57 67 75 85 93 
 Total col=49, Total row=11
 bc#: 206
 c: 6 13 29 34 40 46 51 60 65 66 68 71 80 82 86 88 91 94 96 99 
 r: 3 32 2 13 14 20 21 31 38 39 49 50 56 57 67 68 74 75 85 86 92 93 
 Total col=20, Total row=22
 bc#: 207
 c: 5 6 8 14 17 22 23 25 28 29 31 34 40 46 60 66 73 79 93 99 
 r: 3 33 9 11 13 15 21 27 29 31 39 45 47 49 51 57 63 65 67 69 75 81 83 85 87 93 99 
 Total col=20, Total row=27
 bc#: 208
 c: 2 10 13 19 36 39 42 45 48 51 53 54 56 59 62 65 68 71 74 76 80 82 85 86 88 91 94 96 100 
 r: 3 34 10 12 13 16 21 28 30 31 39 46 48 49 52 57 64 66 67 70 75 82 84 85 88 93 100 
 Total col=29, Total row=27
 bc#: 209
 c: 2 5 6 8 14 17 22 28 34 36 39 40 42 45 46 48 51 54 60 66 76 82 88 93 94 96 99 100 
 r: 3 35 7 13 17 21 25 31 39 43 49 53 57 61 67 71 75 79 85 89 93 97 
 Total col=28, Total row=22
 bc#: 210
 c: 10 13 19 22 25 28 31 42 45 48 51 53 54 56 60 65 66 73 76 79 82 85 88 91 93 94 
 r: 3 36 8 13 18 21 26 31 39 44 49 54 57 62 67 72 75 80 85 90 93 98 
 Total col=26, Total row=22
 bc#: 211
 c: 2 8 10 14 17 19 22 25 28 31 39 45 46 53 59 60 62 65 66 68 71 73 74 76 79 80 86 94 100 
 r: 3 37 13 19 21 31 39 49 55 57 67 73 75 85 91 93 
 Total col=29, Total row=16
 bc#: 212
 c: 6 13 29 34 40 46 51 60 65 66 68 71 80 82 86 88 91 94 96 99 
 r: 3 38 2 13 14 20 21 31 32 39 49 50 56 57 67 68 74 75 85 86 92 93 
 Total col=20, Total row=22
 bc#: 213
 c: 2 5 6 8 10 13 14 17 19 22 23 25 28 29 31 34 36 39 40 42 45 46 48 51 53 54 56 59 60 62 65 66 68 71 73 74 76 79 80 82 85 86 88 91 93 94 96 99 100 
 r: 3 39 13 21 31 49 57 67 75 85 93 
 Total col=49, Total row=11
 bc#: 214
 c: 2 10 14 19 29 31 40 42 46 48 51 53 60 65 66 68 71 74 76 79 85 86 88 91 93 94 96 99 
 r: 3 40 4 13 21 22 31 39 49 57 58 67 75 76 85 93 94 
 Total col=28, Total row=17
 bc#: 215
 c: 5 6 8 13 17 22 23 25 28 34 36 39 45 54 56 59 62 73 80 82 100 
 r: 3 41 5 13 21 23 31 39 49 57 59 67 75 77 85 93 95 
 Total col=21, Total row=17
 bc#: 216
 c: 10 19 29 31 40 42 46 48 51 53 54 59 60 62 65 68 71 73 76 79 82 86 93 
 r: 3 42 6 13 21 24 31 39 49 57 60 67 75 78 85 93 96 
 Total col=23, Total row=17
 bc#: 217
 c: 2 5 6 8 14 17 22 28 34 36 39 40 42 45 46 48 51 54 60 66 76 82 88 93 94 96 99 100 
 r: 3 43 7 13 17 21 25 31 35 39 49 53 57 61 67 71 75 79 85 89 93 97 
 Total col=28, Total row=22
 bc#: 218
 c: 10 13 19 22 25 28 31 42 45 48 51 53 54 56 60 65 66 73 76 79 82 85 88 91 93 94 
 r: 3 44 8 13 18 21 26 31 36 39 49 54 57 62 67 72 75 80 85 90 93 98 
 Total col=26, Total row=22
 bc#: 219
 c: 5 6 8 14 17 22 23 25 28 29 31 34 40 46 60 66 73 79 93 99 
 r: 3 45 9 11 13 15 21 27 29 31 33 39 47 49 51 57 63 65 67 69 75 81 83 85 87 93 99 
 Total col=20, Total row=27
 bc#: 220
 c: 2 10 13 19 36 39 42 45 48 51 53 54 56 59 62 65 68 71 74 76 80 82 85 86 88 91 94 96 100 
 r: 3 46 10 12 13 16 21 28 30 31 34 39 48 49 52 57 64 66 67 70 75 82 84 85 88 93 100 
 Total col=29, Total row=27
 bc#: 221
 c: 5 6 8 14 17 22 23 25 28 29 31 34 40 46 60 66 73 79 93 99 
 r: 3 47 9 11 13 15 21 27 29 31 33 39 45 49 51 57 63 65 67 69 75 81 83 85 87 93 99 
 Total col=20, Total row=27
 bc#: 222
 c: 2 10 13 19 36 39 42 45 48 51 53 54 56 59 62 65 68 71 74 76 80 82 85 86 88 91 94 96 100 
 r: 3 48 10 12 13 16 21 28 30 31 34 39 46 49 52 57 64 66 67 70 75 82 84 85 88 93 100 
 Total col=29, Total row=27
 bc#: 223
 c: 2 5 6 8 10 13 14 17 19 22 23 25 28 29 31 34 36 39 40 42 45 46 48 51 53 54 56 59 60 62 65 66 68 71 73 74 76 79 80 82 85 86 88 91 93 94 96 99 100 
 r: 3 49 13 21 31 39 57 67 75 85 93 
 Total col=49, Total row=11
 bc#: 224
 c: 6 13 29 34 40 46 51 60 65 66 68 71 80 82 86 88 91 94 96 99 
 r: 3 50 2 13 14 20 21 31 32 38 39 49 56 57 67 68 74 75 85 86 92 93 
 Total col=20, Total row=22
 bc#: 225
 c: 5 6 8 14 17 22 23 25 28 29 31 34 40 46 60 66 73 79 93 99 
 r: 3 51 9 11 13 15 21 27 29 31 33 39 45 47 49 57 63 65 67 69 75 81 83 85 87 93 99 
 Total col=20, Total row=27
 bc#: 226
 c: 2 10 13 19 36 39 42 45 48 51 53 54 56 59 62 65 68 71 74 76 80 82 85 86 88 91 94 96 100 
 r: 3 52 10 12 13 16 21 28 30 31 34 39 46 48 49 57 64 66 67 70 75 82 84 85 88 93 100 
 Total col=29, Total row=27
 bc#: 227
 c: 2 5 6 8 14 17 22 28 34 36 39 40 42 45 46 48 51 54 60 66 76 82 88 93 94 96 99 100 
 r: 3 53 7 13 17 21 25 31 35 39 43 49 57 61 67 71 75 79 85 89 93 97 
 Total col=28, Total row=22
 bc#: 228
 c: 10 13 19 22 25 28 31 42 45 48 51 53 54 56 60 65 66 73 76 79 82 85 88 91 93 94 
 r: 3 54 8 13 18 21 26 31 36 39 44 49 57 62 67 72 75 80 85 90 93 98 
 Total col=26, Total row=22
 bc#: 229
 c: 2 8 10 14 17 19 22 25 28 31 39 45 46 53 59 60 62 65 66 68 71 73 74 76 79 80 86 94 100 
 r: 3 55 13 19 21 31 37 39 49 57 67 73 75 85 91 93 
 Total col=29, Total row=16
 bc#: 230
 c: 6 13 29 34 40 46 51 60 65 66 68 71 80 82 86 88 91 94 96 99 
 r: 3 56 2 13 14 20 21 31 32 38 39 49 50 57 67 68 74 75 85 86 92 93 
 Total col=20, Total row=22
 bc#: 231
 c: 2 5 6 8 10 13 14 17 19 22 23 25 28 29 31 34 36 39 40 42 45 46 48 51 53 54 56 59 60 62 65 66 68 71 73 74 76 79 80 82 85 86 88 91 93 94 96 99 100 
 r: 3 57 13 21 31 39 49 67 75 85 93 
 Total col=49, Total row=11
 bc#: 232
 c: 2 10 14 19 29 31 40 42 46 48 51 53 60 65 66 68 71 74 76 79 85 86 88 91 93 94 96 99 
 r: 3 58 4 13 21 22 31 39 40 49 57 67 75 76 85 93 94 
 Total col=28, Total row=17
 bc#: 233
 c: 5 6 8 13 17 22 23 25 28 34 36 39 45 54 56 59 62 73 80 82 100 
 r: 3 59 5 13 21 23 31 39 41 49 57 67 75 77 85 93 95 
 Total col=21, Total row=17
 bc#: 234
 c: 10 19 29 31 40 42 46 48 51 53 54 59 60 62 65 68 71 73 76 79 82 86 93 
 r: 3 60 6 13 21 24 31 39 42 49 57 67 75 78 85 93 96 
 Total col=23, Total row=17
 bc#: 235
 c: 2 5 6 8 14 17 22 28 34 36 39 40 42 45 46 48 51 54 60 66 76 82 88 93 94 96 99 100 
 r: 3 61 7 13 17 21 25 31 35 39 43 49 53 57 67 71 75 79 85 89 93 97 
 Total col=28, Total row=22
 bc#: 236
 c: 10 13 19 22 25 28 31 42 45 48 51 53 54 56 60 65 66 73 76 79 82 85 88 91 93 94 
 r: 3 62 8 13 18 21 26 31 36 39 44 49 54 57 67 72 75 80 85 90 93 98 
 Total col=26, Total row=22
 bc#: 237
 c: 5 6 8 14 17 22 23 25 28 29 31 34 40 46 60 66 73 79 93 99 
 r: 3 63 9 11 13 15 21 27 29 31 33 39 45 47 49 51 57 65 67 69 75 81 83 85 87 93 99 
 Total col=20, Total row=27
 bc#: 238
 c: 2 10 13 19 36 39 42 45 48 51 53 54 56 59 62 65 68 71 74 76 80 82 85 86 88 91 94 96 100 
 r: 3 64 10 12 13 16 21 28 30 31 34 39 46 48 49 52 57 66 67 70 75 82 84 85 88 93 100 
 Total col=29, Total row=27
 bc#: 239
 c: 5 6 8 14 17 22 23 25 28 29 31 34 40 46 60 66 73 79 93 99 
 r: 3 65 9 11 13 15 21 27 29 31 33 39 45 47 49 51 57 63 67 69 75 81 83 85 87 93 99 
 Total col=20, Total row=27
 bc#: 240
 c: 2 10 13 19 36 39 42 45 48 51 53 54 56 59 62 65 68 71 74 76 80 82 85 86 88 91 94 96 100 
 r: 3 66 10 12 13 16 21 28 30 31 34 39 46 48 49 52 57 64 67 70 75 82 84 85 88 93 100 
 Total col=29, Total row=27
 bc#: 241
 c: 2 5 6 8 10 13 14 17 19 22 23 25 28 29 31 34 36 39 40 42 45 46 48 51 53 54 56 59 60 62 65 66 68 71 73 74 76 79 80 82 85 86 88 91 93 94 96 99 100 
 r: 3 67 13 21 31 39 49 57 75 85 93 
 Total col=49, Total row=11
 bc#: 242
 c: 6 13 29 34 40 46 51 60 65 66 68 71 80 82 86 88 91 94 96 99 
 r: 3 68 2 13 14 20 21 31 32 38 39 49 50 56 57 67 74 75 85 86 92 93 
 Total col=20, Total row=22
 bc#: 243
 c: 5 6 8 14 17 22 23 25 28 29 31 34 40 46 60 66 73 79 93 99 
 r: 3 69 9 11 13 15 21 27 29 31 33 39 45 47 49 51 57 63 65 67 75 81 83 85 87 93 99 
 Total col=20, Total row=27
 bc#: 244
 c: 2 10 13 19 36 39 42 45 48 51 53 54 56 59 62 65 68 71 74 76 80 82 85 86 88 91 94 96 100 
 r: 3 70 10 12 13 16 21 28 30 31 34 39 46 48 49 52 57 64 66 67 75 82 84 85 88 93 100 
 Total col=29, Total row=27
 bc#: 245
 c: 2 5 6 8 14 17 22 28 34 36 39 40 42 45 46 48 51 54 60 66 76 82 88 93 94 96 99 100 
 r: 3 71 7 13 17 21 25 31 35 39 43 49 53 57 61 67 75 79 85 89 93 97 
 Total col=28, Total row=22
 bc#: 246
 c: 10 13 19 22 25 28 31 42 45 48 51 53 54 56 60 65 66 73 76 79 82 85 88 91 93 94 
 r: 3 72 8 13 18 21 26 31 36 39 44 49 54 57 62 67 75 80 85 90 93 98 
 Total col=26, Total row=22
 bc#: 247
 c: 2 8 10 14 17 19 22 25 28 31 39 45 46 53 59 60 62 65 66 68 71 73 74 76 79 80 86 94 100 
 r: 3 73 13 19 21 31 37 39 49 55 57 67 75 85 91 93 
 Total col=29, Total row=16
 bc#: 248
 c: 6 13 29 34 40 46 51 60 65 66 68 71 80 82 86 88 91 94 96 99 
 r: 3 74 2 13 14 20 21 31 32 38 39 49 50 56 57 67 68 75 85 86 92 93 
 Total col=20, Total row=22
 bc#: 249
 c: 2 5 6 8 10 13 14 17 19 22 23 25 28 29 31 34 36 39 40 42 45 46 48 51 53 54 56 59 60 62 65 66 68 71 73 74 76 79 80 82 85 86 88 91 93 94 96 99 100 
 r: 3 75 13 21 31 39 49 57 67 85 93 
 Total col=49, Total row=11
 bc#: 250
 c: 2 10 14 19 29 31 40 42 46 48 51 53 60 65 66 68 71 74 76 79 85 86 88 91 93 94 96 99 
 r: 3 76 4 13 21 22 31 39 40 49 57 58 67 75 85 93 94 
 Total col=28, Total row=17
 bc#: 251
 c: 5 6 8 13 17 22 23 25 28 34 36 39 45 54 56 59 62 73 80 82 100 
 r: 3 77 5 13 21 23 31 39 41 49 57 59 67 75 85 93 95 
 Total col=21, Total row=17
 bc#: 252
 c: 10 19 29 31 40 42 46 48 51 53 54 59 60 62 65 68 71 73 76 79 82 86 93 
 r: 3 78 6 13 21 24 31 39 42 49 57 60 67 75 85 93 96 
 Total col=23, Total row=17
 bc#: 253
 c: 2 5 6 8 14 17 22 28 34 36 39 40 42 45 46 48 51 54 60 66 76 82 88 93 94 96 99 100 
 r: 3 79 7 13 17 21 25 31 35 39 43 49 53 57 61 67 71 75 85 89 93 97 
 Total col=28, Total row=22
 bc#: 254
 c: 10 13 19 22 25 28 31 42 45 48 51 53 54 56 60 65 66 73 76 79 82 85 88 91 93 94 
 r: 3 80 8 13 18 21 26 31 36 39 44 49 54 57 62 67 72 75 85 90 93 98 
 Total col=26, Total row=22
 bc#: 255
 c: 5 6 8 14 17 22 23 25 28 29 31 34 40 46 60 66 73 79 93 99 
 r: 3 81 9 11 13 15 21 27 29 31 33 39 45 47 49 51 57 63 65 67 69 75 83 85 87 93 99 
 Total col=20, Total row=27
 bc#: 256
 c: 2 10 13 19 36 39 42 45 48 51 53 54 56 59 62 65 68 71 74 76 80 82 85 86 88 91 94 96 100 
 r: 3 82 10 12 13 16 21 28 30 31 34 39 46 48 49 52 57 64 66 67 70 75 84 85 88 93 100 
 Total col=29, Total row=27
 bc#: 257
 c: 5 6 8 14 17 22 23 25 28 29 31 34 40 46 60 66 73 79 93 99 
 r: 3 83 9 11 13 15 21 27 29 31 33 39 45 47 49 51 57 63 65 67 69 75 81 85 87 93 99 
 Total col=20, Total row=27
 bc#: 258
 c: 2 10 13 19 36 39 42 45 48 51 53 54 56 59 62 65 68 71 74 76 80 82 85 86 88 91 94 96 100 
 r: 3 84 10 12 13 16 21 28 30 31 34 39 46 48 49 52 57 64 66 67 70 75 82 85 88 93 100 
 Total col=29, Total row=27
 bc#: 259
 c: 2 5 6 8 10 13 14 17 19 22 23 25 28 29 31 34 36 39 40 42 45 46 48 51 53 54 56 59 60 62 65 66 68 71 73 74 76 79 80 82 85 86 88 91 93 94 96 99 100 
 r: 3 85 13 21 31 39 49 57 67 75 93 
 Total col=49, Total row=11
 bc#: 260
 c: 6 13 29 34 40 46 51 60 65 66 68 71 80 82 86 88 91 94 96 99 
 r: 3 86 2 13 14 20 21 31 32 38 39 49 50 56 57 67 68 74 75 85 92 93 
 Total col=20, Total row=22
 bc#: 261
 c: 5 6 8 14 17 22 23 25 28 29 31 34 40 46 60 66 73 79 93 99 
 r: 3 87 9 11 13 15 21 27 29 31 33 39 45 47 49 51 57 63 65 67 69 75 81 83 85 93 99 
 Total col=20, Total row=27
 bc#: 262
 c: 2 10 13 19 36 39 42 45 48 51 53 54 56 59 62 65 68 71 74 76 80 82 85 86 88 91 94 96 100 
 r: 3 88 10 12 13 16 21 28 30 31 34 39 46 48 49 52 57 64 66 67 70 75 82 84 85 93 100 
 Total col=29, Total row=27
 bc#: 263
 c: 2 5 6 8 14 17 22 28 34 36 39 40 42 45 46 48 51 54 60 66 76 82 88 93 94 96 99 100 
 r: 3 89 7 13 17 21 25 31 35 39 43 49 53 57 61 67 71 75 79 85 93 97 
 Total col=28, Total row=22
 bc#: 264
 c: 10 13 19 22 25 28 31 42 45 48 51 53 54 56 60 65 66 73 76 79 82 85 88 91 93 94 
 r: 3 90 8 13 18 21 26 31 36 39 44 49 54 57 62 67 72 75 80 85 93 98 
 Total col=26, Total row=22
 bc#: 265
 c: 2 8 10 14 17 19 22 25 28 31 39 45 46 53 59 60 62 65 66 68 71 73 74 76 79 80 86 94 100 
 r: 3 91 13 19 21 31 37 39 49 55 57 67 73 75 85 93 
 Total col=29, Total row=16
 bc#: 266
 c: 6 13 29 34 40 46 51 60 65 66 68 71 80 82 86 88 91 94 96 99 
 r: 3 92 2 13 14 20 21 31 32 38 39 49 50 56 57 67 68 74 75 85 86 93 
 Total col=20, Total row=22
 bc#: 267
 c: 2 5 6 8 10 13 14 17 19 22 23 25 28 29 31 34 36 39 40 42 45 46 48 51 53 54 56 59 60 62 65 66 68 71 73 74 76 79 80 82 85 86 88 91 93 94 96 99 100 
 r: 3 93 13 21 31 39 49 57 67 75 85 
 Total col=49, Total row=11
 bc#: 268
 c: 2 10 14 19 29 31 40 42 46 48 51 53 60 65 66 68 71 74 76 79 85 86 88 91 93 94 96 99 
 r: 3 94 4 13 21 22 31 39 40 49 57 58 67 75 76 85 93 
 Total col=28, Total row=17
 bc#: 269
 c: 5 6 8 13 17 22 23 25 28 34 36 39 45 54 56 59 62 73 80 82 100 
 r: 3 95 5 13 21 23 31 39 41 49 57 59 67 75 77 85 93 
 Total col=21, Total row=17
 bc#: 270
 c: 10 19 29 31 40 42 46 48 51 53 54 59 60 62 65 68 71 73 76 79 82 86 93 
 r: 3 96 6 13 21 24 31 39 42 49 57 60 67 75 78 85 93 
 Total col=23, Total row=17
 bc#: 271
 c: 2 5 6 8 14 17 22 28 34 36 39 40 42 45 46 48 51 54 60 66 76 82 88 93 94 96 99 100 
 r: 3 97 7 13 17 21 25 31 35 39 43 49 53 57 61 67 71 75 79 85 89 93 
 Total col=28, Total row=22
 bc#: 272
 c: 10 13 19 22 25 28 31 42 45 48 51 53 54 56 60 65 66 73 76 79 82 85 88 91 93 94 
 r: 3 98 8 13 18 21 26 31 36 39 44 49 54 57 62 67 72 75 80 85 90 93 
 Total col=26, Total row=22
 bc#: 273
 c: 5 6 8 14 17 22 23 25 28 29 31 34 40 46 60 66 73 79 93 99 
 r: 3 99 9 11 13 15 21 27 29 31 33 39 45 47 49 51 57 63 65 67 69 75 81 83 85 87 93 
 Total col=20, Total row=27
 bc#: 274
 c: 2 10 13 19 36 39 42 45 48 51 53 54 56 59 62 65 68 71 74 76 80 82 85 86 88 91 94 96 100 
 r: 3 100 10 12 13 16 21 28 30 31 34 39 46 48 49 52 57 64 66 67 70 75 82 84 85 88 93 
 Total col=29, Total row=27
 bc#: 275
 c: 2 4 12 14 21 24 27 40 42 46 48 51 57 58 60 63 66 70 76 81 88 93 94 96 99 
 r: 4 7 17 22 25 35 40 43 53 58 61 71 76 79 89 94 97 
 Total col=25, Total row=17
 bc#: 276
 c: 1 4 7 9 10 16 18 19 27 31 32 35 37 38 42 48 51 53 57 60 63 65 66 70 76 79 81 85 88 91 93 94 98 
 r: 4 8 18 22 26 36 40 44 54 58 62 72 76 80 90 94 98 
 Total col=33, Total row=17
 bc#: 277
 c: 12 14 29 31 35 37 40 43 46 49 55 58 60 63 66 79 81 93 98 99 
 r: 4 9 11 15 22 27 29 33 40 45 47 51 58 63 65 69 76 81 83 87 94 99 
 Total col=20, Total row=22
 bc#: 278
 c: 12 14 29 31 35 37 40 43 46 49 55 58 60 63 66 79 81 93 98 99 
 r: 4 11 9 15 22 27 29 33 40 45 47 51 58 63 65 69 76 81 83 87 94 99 
 Total col=20, Total row=22
 bc#: 279
 c: 2 10 14 19 29 31 40 42 46 48 51 53 60 65 66 68 71 74 76 79 85 86 88 91 93 94 96 99 
 r: 4 13 3 21 22 31 39 40 49 57 58 67 75 76 85 93 94 
 Total col=28, Total row=17
 bc#: 280
 c: 12 14 29 31 35 37 40 43 46 49 55 58 60 63 66 79 81 93 98 99 
 r: 4 15 9 11 22 27 29 33 40 45 47 51 58 63 65 69 76 81 83 87 94 99 
 Total col=20, Total row=22
 bc#: 281
 c: 2 4 12 14 21 24 27 40 42 46 48 51 57 58 60 63 66 70 76 81 88 93 94 96 99 
 r: 4 17 7 22 25 35 40 43 53 58 61 71 76 79 89 94 97 
 Total col=25, Total row=17
 bc#: 282
 c: 1 4 7 9 10 16 18 19 27 31 32 35 37 38 42 48 51 53 57 60 63 65 66 70 76 79 81 85 88 91 93 94 98 
 r: 4 18 8 22 26 36 40 44 54 58 62 72 76 80 90 94 98 
 Total col=33, Total row=17
 bc#: 283
 c: 2 4 7 10 14 16 19 26 31 32 35 38 43 46 49 53 55 58 60 65 66 68 71 74 76 79 81 86 94 
 r: 4 19 22 37 40 55 58 73 76 91 94 
 Total col=29, Total row=11
 bc#: 284
 c: 2 10 14 19 29 31 40 42 46 48 51 53 60 65 66 68 71 74 76 79 85 86 88 91 93 94 96 99 
 r: 4 21 3 13 22 31 39 40 49 57 58 67 75 76 85 93 94 
 Total col=28, Total row=17
 bc#: 285
 c: 2 4 12 14 21 24 27 40 42 46 48 51 57 58 60 63 66 70 76 81 88 93 94 96 99 
 r: 4 25 7 17 22 35 40 43 53 58 61 71 76 79 89 94 97 
 Total col=25, Total row=17
 bc#: 286
 c: 1 4 7 9 10 16 18 19 27 31 32 35 37 38 42 48 51 53 57 60 63 65 66 70 76 79 81 85 88 91 93 94 98 
 r: 4 26 8 18 22 36 40 44 54 58 62 72 76 80 90 94 98 
 Total col=33, Total row=17
 bc#: 287
 c: 12 14 29 31 35 37 40 43 46 49 55 58 60 63 66 79 81 93 98 99 
 r: 4 27 9 11 15 22 29 33 40 45 47 51 58 63 65 69 76 81 83 87 94 99 
 Total col=20, Total row=22
 bc#: 288
 c: 12 14 29 31 35 37 40 43 46 49 55 58 60 63 66 79 81 93 98 99 
 r: 4 29 9 11 15 22 27 33 40 45 47 51 58 63 65 69 76 81 83 87 94 99 
 Total col=20, Total row=22
 bc#: 289
 c: 2 10 14 19 29 31 40 42 46 48 51 53 60 65 66 68 71 74 76 79 85 86 88 91 93 94 96 99 
 r: 4 31 3 13 21 22 39 40 49 57 58 67 75 76 85 93 94 
 Total col=28, Total row=17
 bc#: 290
 c: 12 14 29 31 35 37 40 43 46 49 55 58 60 63 66 79 81 93 98 99 
 r: 4 33 9 11 15 22 27 29 40 45 47 51 58 63 65 69 76 81 83 87 94 99 
 Total col=20, Total row=22
 bc#: 291
 c: 2 4 12 14 21 24 27 40 42 46 48 51 57 58 60 63 66 70 76 81 88 93 94 96 99 
 r: 4 35 7 17 22 25 40 43 53 58 61 71 76 79 89 94 97 
 Total col=25, Total row=17
 bc#: 292
 c: 1 4 7 9 10 16 18 19 27 31 32 35 37 38 42 48 51 53 57 60 63 65 66 70 76 79 81 85 88 91 93 94 98 
 r: 4 36 8 18 22 26 40 44 54 58 62 72 76 80 90 94 98 
 Total col=33, Total row=17
 bc#: 293
 c: 2 4 7 10 14 16 19 26 31 32 35 38 43 46 49 53 55 58 60 65 66 68 71 74 76 79 81 86 94 
 r: 4 37 19 22 40 55 58 73 76 91 94 
 Total col=29, Total row=11
 bc#: 294
 c: 2 10 14 19 29 31 40 42 46 48 51 53 60 65 66 68 71 74 76 79 85 86 88 91 93 94 96 99 
 r: 4 39 3 13 21 22 31 40 49 57 58 67 75 76 85 93 94 
 Total col=28, Total row=17
 bc#: 295
 c: 2 4 12 14 21 24 27 40 42 46 48 51 57 58 60 63 66 70 76 81 88 93 94 96 99 
 r: 4 43 7 17 22 25 35 40 53 58 61 71 76 79 89 94 97 
 Total col=25, Total row=17
 bc#: 296
 c: 1 4 7 9 10 16 18 19 27 31 32 35 37 38 42 48 51 53 57 60 63 65 66 70 76 79 81 85 88 91 93 94 98 
 r: 4 44 8 18 22 26 36 40 54 58 62 72 76 80 90 94 98 
 Total col=33, Total row=17
 bc#: 297
 c: 12 14 29 31 35 37 40 43 46 49 55 58 60 63 66 79 81 93 98 99 
 r: 4 45 9 11 15 22 27 29 33 40 47 51 58 63 65 69 76 81 83 87 94 99 
 Total col=20, Total row=22
 bc#: 298
 c: 12 14 29 31 35 37 40 43 46 49 55 58 60 63 66 79 81 93 98 99 
 r: 4 47 9 11 15 22 27 29 33 40 45 51 58 63 65 69 76 81 83 87 94 99 
 Total col=20, Total row=22
 bc#: 299
 c: 2 10 14 19 29 31 40 42 46 48 51 53 60 65 66 68 71 74 76 79 85 86 88 91 93 94 96 99 
 r: 4 49 3 13 21 22 31 39 40 57 58 67 75 76 85 93 94 
 Total col=28, Total row=17
 bc#: 300
 c: 12 14 29 31 35 37 40 43 46 49 55 58 60 63 66 79 81 93 98 99 
 r: 4 51 9 11 15 22 27 29 33 40 45 47 58 63 65 69 76 81 83 87 94 99 
 Total col=20, Total row=22
 bc#: 301
 c: 2 4 12 14 21 24 27 40 42 46 48 51 57 58 60 63 66 70 76 81 88 93 94 96 99 
 r: 4 53 7 17 22 25 35 40 43 58 61 71 76 79 89 94 97 
 Total col=25, Total row=17
 bc#: 302
 c: 1 4 7 9 10 16 18 19 27 31 32 35 37 38 42 48 51 53 57 60 63 65 66 70 76 79 81 85 88 91 93 94 98 
 r: 4 54 8 18 22 26 36 40 44 58 62 72 76 80 90 94 98 
 Total col=33, Total row=17
 bc#: 303
 c: 2 4 7 10 14 16 19 26 31 32 35 38 43 46 49 53 55 58 60 65 66 68 71 74 76 79 81 86 94 
 r: 4 55 19 22 37 40 58 73 76 91 94 
 Total col=29, Total row=11
 bc#: 304
 c: 2 10 14 19 29 31 40 42 46 48 51 53 60 65 66 68 71 74 76 79 85 86 88 91 93 94 96 99 
 r: 4 57 3 13 21 22 31 39 40 49 58 67 75 76 85 93 94 
 Total col=28, Total row=17
 bc#: 305
 c: 2 4 12 14 21 24 27 40 42 46 48 51 57 58 60 63 66 70 76 81 88 93 94 96 99 
 r: 4 61 7 17 22 25 35 40 43 53 58 71 76 79 89 94 97 
 Total col=25, Total row=17
 bc#: 306
 c: 1 4 7 9 10 16 18 19 27 31 32 35 37 38 42 48 51 53 57 60 63 65 66 70 76 79 81 85 88 91 93 94 98 
 r: 4 62 8 18 22 26 36 40 44 54 58 72 76 80 90 94 98 
 Total col=33, Total row=17
 bc#: 307
 c: 12 14 29 31 35 37 40 43 46 49 55 58 60 63 66 79 81 93 98 99 
 r: 4 63 9 11 15 22 27 29 33 40 45 47 51 58 65 69 76 81 83 87 94 99 
 Total col=20, Total row=22
 bc#: 308
 c: 12 14 29 31 35 37 40 43 46 49 55 58 60 63 66 79 81 93 98 99 
 r: 4 65 9 11 15 22 27 29 33 40 45 47 51 58 63 69 76 81 83 87 94 99 
 Total col=20, Total row=22
 bc#: 309
 c: 2 10 14 19 29 31 40 42 46 48 51 53 60 65 66 68 71 74 76 79 85 86 88 91 93 94 96 99 
 r: 4 67 3 13 21 22 31 39 40 49 57 58 75 76 85 93 94 
 Total col=28, Total row=17
 bc#: 310
 c: 12 14 29 31 35 37 40 43 46 49 55 58 60 63 66 79 81 93 98 99 
 r: 4 69 9 11 15 22 27 29 33 40 45 47 51 58 63 65 76 81 83 87 94 99 
 Total col=20, Total row=22
 bc#: 311
 c: 2 4 12 14 21 24 27 40 42 46 48 51 57 58 60 63 66 70 76 81 88 93 94 96 99 
 r: 4 71 7 17 22 25 35 40 43 53 58 61 76 79 89 94 97 
 Total col=25, Total row=17
 bc#: 312
 c: 1 4 7 9 10 16 18 19 27 31 32 35 37 38 42 48 51 53 57 60 63 65 66 70 76 79 81 85 88 91 93 94 98 
 r: 4 72 8 18 22 26 36 40 44 54 58 62 76 80 90 94 98 
 Total col=33, Total row=17
 bc#: 313
 c: 2 4 7 10 14 16 19 26 31 32 35 38 43 46 49 53 55 58 60 65 66 68 71 74 76 79 81 86 94 
 r: 4 73 19 22 37 40 55 58 76 91 94 
 Total col=29, Total row=11
 bc#: 314
 c: 2 10 14 19 29 31 40 42 46 48 51 53 60 65 66 68 71 74 76 79 85 86 88 91 93 94 96 99 
 r: 4 75 3 13 21 22 31 39 40 49 57 58 67 76 85 93 94 
 Total col=28, Total row=17
 bc#: 315
 c: 2 4 12 14 21 24 27 40 42 46 48 51 57 58 60 63 66 70 76 81 88 93 94 96 99 
 r: 4 79 7 17 22 25 35 40 43 53 58 61 71 76 89 94 97 
 Total col=25, Total row=17
 bc#: 316
 c: 1 4 7 9 10 16 18 19 27 31 32 35 37 38 42 48 51 53 57 60 63 65 66 70 76 79 81 85 88 91 93 94 98 
 r: 4 80 8 18 22 26 36 40 44 54 58 62 72 76 90 94 98 
 Total col=33, Total row=17
 bc#: 317
 c: 12 14 29 31 35 37 40 43 46 49 55 58 60 63 66 79 81 93 98 99 
 r: 4 81 9 11 15 22 27 29 33 40 45 47 51 58 63 65 69 76 83 87 94 99 
 Total col=20, Total row=22
 bc#: 318
 c: 12 14 29 31 35 37 40 43 46 49 55 58 60 63 66 79 81 93 98 99 
 r: 4 83 9 11 15 22 27 29 33 40 45 47 51 58 63 65 69 76 81 87 94 99 
 Total col=20, Total row=22
 bc#: 319
 c: 2 10 14 19 29 31 40 42 46 48 51 53 60 65 66 68 71 74 76 79 85 86 88 91 93 94 96 99 
 r: 4 85 3 13 21 22 31 39 40 49 57 58 67 75 76 93 94 
 Total col=28, Total row=17
 bc#: 320
 c: 12 14 29 31 35 37 40 43 46 49 55 58 60 63 66 79 81 93 98 99 
 r: 4 87 9 11 15 22 27 29 33 40 45 47 51 58 63 65 69 76 81 83 94 99 
 Total col=20, Total row=22
 bc#: 321
 c: 2 4 12 14 21 24 27 40 42 46 48 51 57 58 60 63 66 70 76 81 88 93 94 96 99 
 r: 4 89 7 17 22 25 35 40 43 53 58 61 71 76 79 94 97 
 Total col=25, Total row=17
 bc#: 322
 c: 1 4 7 9 10 16 18 19 27 31 32 35 37 38 42 48 51 53 57 60 63 65 66 70 76 79 81 85 88 91 93 94 98 
 r: 4 90 8 18 22 26 36 40 44 54 58 62 72 76 80 94 98 
 Total col=33, Total row=17
 bc#: 323
 c: 2 4 7 10 14 16 19 26 31 32 35 38 43 46 49 53 55 58 60 65 66 68 71 74 76 79 81 86 94 
 r: 4 91 19 22 37 40 55 58 73 76 94 
 Total col=29, Total row=11
 bc#: 324
 c: 2 10 14 19 29 31 40 42 46 48 51 53 60 65 66 68 71 74 76 79 85 86 88 91 93 94 96 99 
 r: 4 93 3 13 21 22 31 39 40 49 57 58 67 75 76 85 94 
 Total col=28, Total row=17
 bc#: 325
 c: 2 4 12 14 21 24 27 40 42 46 48 51 57 58 60 63 66 70 76 81 88 93 94 96 99 
 r: 4 97 7 17 22 25 35 40 43 53 58 61 71 76 79 89 94 
 Total col=25, Total row=17
 bc#: 326
 c: 1 4 7 9 10 16 18 19 27 31 32 35 37 38 42 48 51 53 57 60 63 65 66 70 76 79 81 85 88 91 93 94 98 
 r: 4 98 8 18 22 26 36 40 44 54 58 62 72 76 80 90 94 
 Total col=33, Total row=17
 bc#: 327
 c: 12 14 29 31 35 37 40 43 46 49 55 58 60 63 66 79 81 93 98 99 
 r: 4 99 9 11 15 22 27 29 33 40 45 47 51 58 63 65 69 76 81 83 87 94 
 Total col=20, Total row=22
 bc#: 328
 c: 3 15 54 59 62 64 73 75 82 84 87 90 92 95 97 
 r: 5 6 23 24 41 42 59 60 77 78 95 96 
 Total col=15, Total row=12
 bc#: 329
 c: 5 6 8 11 17 20 22 28 30 33 34 36 39 45 52 54 64 69 72 75 78 82 84 87 90 100 
 r: 5 7 17 23 25 35 41 43 53 59 61 71 77 79 89 95 97 
 Total col=26, Total row=17
 bc#: 330
 c: 13 15 22 25 28 41 45 47 54 56 69 73 75 82 84 97 
 r: 5 8 18 23 26 36 41 44 54 59 62 72 77 80 90 95 98 
 Total col=16, Total row=17
 bc#: 331
 c: 3 5 6 8 11 17 20 22 23 25 28 34 41 47 52 61 67 69 72 73 75 78 84 87 90 92 95 
 r: 5 9 11 15 23 27 29 33 41 45 47 51 59 63 65 69 77 81 83 87 95 99 
 Total col=27, Total row=22
 bc#: 332
 c: 13 15 30 33 36 39 44 45 50 54 56 59 62 64 80 82 89 97 100 
 r: 5 10 12 16 23 28 30 34 41 46 48 52 59 64 66 70 77 82 84 88 95 100 
 Total col=19, Total row=22
 bc#: 333
 c: 3 5 6 8 11 17 20 22 23 25 28 34 41 47 52 61 67 69 72 73 75 78 84 87 90 92 95 
 r: 5 11 9 15 23 27 29 33 41 45 47 51 59 63 65 69 77 81 83 87 95 99 
 Total col=27, Total row=22
 bc#: 334
 c: 13 15 30 33 36 39 44 45 50 54 56 59 62 64 80 82 89 97 100 
 r: 5 12 10 16 23 28 30 34 41 46 48 52 59 64 66 70 77 82 84 88 95 100 
 Total col=19, Total row=22
 bc#: 335
 c: 5 6 8 13 17 22 23 25 28 34 36 39 45 54 56 59 62 73 80 82 100 
 r: 5 13 3 21 23 31 39 41 49 57 59 67 75 77 85 93 95 
 Total col=21, Total row=17
 bc#: 336
 c: 3 6 11 13 15 20 34 41 44 47 52 72 75 78 80 82 89 97 
 r: 5 14 2 20 23 32 38 41 50 56 59 68 74 77 86 92 95 
 Total col=18, Total row=17
 bc#: 337
 c: 3 5 6 8 11 17 20 22 23 25 28 34 41 47 52 61 67 69 72 73 75 78 84 87 90 92 95 
 r: 5 15 9 11 23 27 29 33 41 45 47 51 59 63 65 69 77 81 83 87 95 99 
 Total col=27, Total row=22
 bc#: 338
 c: 13 15 30 33 36 39 44 45 50 54 56 59 62 64 80 82 89 97 100 
 r: 5 16 10 12 23 28 30 34 41 46 48 52 59 64 66 70 77 82 84 88 95 100 
 Total col=19, Total row=22
 bc#: 339
 c: 5 6 8 11 17 20 22 28 30 33 34 36 39 45 52 54 64 69 72 75 78 82 84 87 90 100 
 r: 5 17 7 23 25 35 41 43 53 59 61 71 77 79 89 95 97 
 Total col=26, Total row=17
 bc#: 340
 c: 13 15 22 25 28 41 45 47 54 56 69 73 75 82 84 97 
 r: 5 18 8 23 26 36 41 44 54 59 62 72 77 80 90 95 98 
 Total col=16, Total row=17
 bc#: 341
 c: 8 11 17 22 25 28 30 39 41 45 52 59 62 73 80 84 87 89 92 95 97 100 
 r: 5 19 23 37 41 55 59 73 77 91 95 
 Total col=22, Total row=11
 bc#: 342
 c: 3 6 11 13 15 20 34 41 44 47 52 72 75 78 80 82 89 97 
 r: 5 20 2 14 23 32 38 41 50 56 59 68 74 77 86 92 95 
 Total col=18, Total row=17
 bc#: 343
 c: 5 6 8 13 17 22 23 25 28 34 36 39 45 54 56 59 62 73 80 82 100 
 r: 5 21 3 13 23 31 39 41 49 57 59 67 75 77 85 93 95 
 Total col=21, Total row=17
 bc#: 344
 c: 3 5 6 8 11 13 15 17 20 22 23 25 28 30 33 34 36 39 41 44 45 47 50 52 54 56 59 61 62 64 67 69 72 73 75 78 80 82 84 87 89 90 92 95 97 100 
 r: 5 23 41 59 77 95 
 Total col=46, Total row=6
 bc#: 345
 c: 3 15 54 59 62 64 73 75 82 84 87 90 92 95 97 
 r: 5 24 6 23 41 42 59 60 77 78 95 96 
 Total col=15, Total row=12
 bc#: 346
 c: 5 6 8 11 17 20 22 28 30 33 34 36 39 45 52 54 64 69 72 75 78 82 84 87 90 100 
 r: 5 25 7 17 23 35 41 43 53 59 61 71 77 79 89 95 97 
 Total col=26, Total row=17
 bc#: 347
 c: 13 15 22 25 28 41 45 47 54 56 69 73 75 82 84 97 
 r: 5 26 8 18 23 36 41 44 54 59 62 72 77 80 90 95 98 
 Total col=16, Total row=17
 bc#: 348
 c: 3 5 6 8 11 17 20 22 23 25 28 34 41 47 52 61 67 69 72 73 75 78 84 87 90 92 95 
 r: 5 27 9 11 15 23 29 33 41 45 47 51 59 63 65 69 77 81 83 87 95 99 
 Total col=27, Total row=22
 bc#: 349
 c: 13 15 30 33 36 39 44 45 50 54 56 59 62 64 80 82 89 97 100 
 r: 5 28 10 12 16 23 30 34 41 46 48 52 59 64 66 70 77 82 84 88 95 100 
 Total col=19, Total row=22
 bc#: 350
 c: 3 5 6 8 11 17 20 22 23 25 28 34 41 47 52 61 67 69 72 73 75 78 84 87 90 92 95 
 r: 5 29 9 11 15 23 27 33 41 45 47 51 59 63 65 69 77 81 83 87 95 99 
 Total col=27, Total row=22
 bc#: 351
 c: 13 15 30 33 36 39 44 45 50 54 56 59 62 64 80 82 89 97 100 
 r: 5 30 10 12 16 23 28 34 41 46 48 52 59 64 66 70 77 82 84 88 95 100 
 Total col=19, Total row=22
 bc#: 352
 c: 5 6 8 13 17 22 23 25 28 34 36 39 45 54 56 59 62 73 80 82 100 
 r: 5 31 3 13 21 23 39 41 49 57 59 67 75 77 85 93 95 
 Total col=21, Total row=17
 bc#: 353
 c: 3 6 11 13 15 20 34 41 44 47 52 72 75 78 80 82 89 97 
 r: 5 32 2 14 20 23 38 41 50 56 59 68 74 77 86 92 95 
 Total col=18, Total row=17
 bc#: 354
 c: 3 5 6 8 11 17 20 22 23 25 28 34 41 47 52 61 67 69 72 73 75 78 84 87 90 92 95 
 r: 5 33 9 11 15 23 27 29 41 45 47 51 59 63 65 69 77 81 83 87 95 99 
 Total col=27, Total row=22
 bc#: 355
 c: 13 15 30 33 36 39 44 45 50 54 56 59 62 64 80 82 89 97 100 
 r: 5 34 10 12 16 23 28 30 41 46 48 52 59 64 66 70 77 82 84 88 95 100 
 Total col=19, Total row=22
 bc#: 356
 c: 5 6 8 11 17 20 22 28 30 33 34 36 39 45 52 54 64 69 72 75 78 82 84 87 90 100 
 r: 5 35 7 17 23 25 41 43 53 59 61 71 77 79 89 95 97 
 Total col=26, Total row=17
 bc#: 357
 c: 13 15 22 25 28 41 45 47 54 56 69 73 75 82 84 97 
 r: 5 36 8 18 23 26 41 44 54 59 62 72 77 80 90 95 98 
 Total col=16, Total row=17
 bc#: 358
 c: 8 11 17 22 25 28 30 39 41 45 52 59 62 73 80 84 87 89 92 95 97 100 
 r: 5 37 19 23 41 55 59 73 77 91 95 
 Total col=22, Total row=11
 bc#: 359
 c: 3 6 11 13 15 20 34 41 44 47 52 72 75 78 80 82 89 97 
 r: 5 38 2 14 20 23 32 41 50 56 59 68 74 77 86 92 95 
 Total col=18, Total row=17
 bc#: 360
 c: 5 6 8 13 17 22 23 25 28 34 36 39 45 54 56 59 62 73 80 82 100 
 r: 5 39 3 13 21 23 31 41 49 57 59 67 75 77 85 93 95 
 Total col=21, Total row=17
 bc#: 361
 c: 3 5 6 8 11 13 15 17 20 22 23 25 28 30 33 34 36 39 41 44 45 47 50 52 54 56 59 61 62 64 67 69 72 73 75 78 80 82 84 87 89 90 92 95 97 100 
 r: 5 41 23 59 77 95 
 Total col=46, Total row=6
 bc#: 362
 c: 3 15 54 59 62 64 73 75 82 84 87 90 92 95 97 
 r: 5 42 6 23 24 41 59 60 77 78 95 96 
 Total col=15, Total row=12
 bc#: 363
 c: 5 6 8 11 17 20 22 28 30 33 34 36 39 45 52 54 64 69 72 75 78 82 84 87 90 100 
 r: 5 43 7 17 23 25 35 41 53 59 61 71 77 79 89 95 97 
 Total col=26, Total row=17
 bc#: 364
 c: 13 15 22 25 28 41 45 47 54 56 69 73 75 82 84 97 
 r: 5 44 8 18 23 26 36 41 54 59 62 72 77 80 90 95 98 
 Total col=16, Total row=17
 bc#: 365
 c: 3 5 6 8 11 17 20 22 23 25 28 34 41 47 52 61 67 69 72 73 75 78 84 87 90 92 95 
 r: 5 45 9 11 15 23 27 29 33 41 47 51 59 63 65 69 77 81 83 87 95 99 
 Total col=27, Total row=22
 bc#: 366
 c: 13 15 30 33 36 39 44 45 50 54 56 59 62 64 80 82 89 97 100 
 r: 5 46 10 12 16 23 28 30 34 41 48 52 59 64 66 70 77 82 84 88 95 100 
 Total col=19, Total row=22
 bc#: 367
 c: 3 5 6 8 11 17 20 22 23 25 28 34 41 47 52 61 67 69 72 73 75 78 84 87 90 92 95 
 r: 5 47 9 11 15 23 27 29 33 41 45 51 59 63 65 69 77 81 83 87 95 99 
 Total col=27, Total row=22
 bc#: 368
 c: 13 15 30 33 36 39 44 45 50 54 56 59 62 64 80 82 89 97 100 
 r: 5 48 10 12 16 23 28 30 34 41 46 52 59 64 66 70 77 82 84 88 95 100 
 Total col=19, Total row=22
 bc#: 369
 c: 5 6 8 13 17 22 23 25 28 34 36 39 45 54 56 59 62 73 80 82 100 
 r: 5 49 3 13 21 23 31 39 41 57 59 67 75 77 85 93 95 
 Total col=21, Total row=17
 bc#: 370
 c: 3 6 11 13 15 20 34 41 44 47 52 72 75 78 80 82 89 97 
 r: 5 50 2 14 20 23 32 38 41 56 59 68 74 77 86 92 95 
 Total col=18, Total row=17
 bc#: 371
 c: 3 5 6 8 11 17 20 22 23 25 28 34 41 47 52 61 67 69 72 73 75 78 84 87 90 92 95 
 r: 5 51 9 11 15 23 27 29 33 41 45 47 59 63 65 69 77 81 83 87 95 99 
 Total col=27, Total row=22
 bc#: 372
 c: 13 15 30 33 36 39 44 45 50 54 56 59 62 64 80 82 89 97 100 
 r: 5 52 10 12 16 23 28 30 34 41 46 48 59 64 66 70 77 82 84 88 95 100 
 Total col=19, Total row=22
 bc#: 373
 c: 5 6 8 11 17 20 22 28 30 33 34 36 39 45 52 54 64 69 72 75 78 82 84 87 90 100 
 r: 5 53 7 17 23 25 35 41 43 59 61 71 77 79 89 95 97 
 Total col=26, Total row=17
 bc#: 374
 c: 13 15 22 25 28 41 45 47 54 56 69 73 75 82 84 97 
 r: 5 54 8 18 23 26 36 41 44 59 62 72 77 80 90 95 98 
 Total col=16, Total row=17
 bc#: 375
 c: 8 11 17 22 25 28 30 39 41 45 52 59 62 73 80 84 87 89 92 95 97 100 
 r: 5 55 19 23 37 41 59 73 77 91 95 
 Total col=22, Total row=11
 bc#: 376
 c: 3 6 11 13 15 20 34 41 44 47 52 72 75 78 80 82 89 97 
 r: 5 56 2 14 20 23 32 38 41 50 59 68 74 77 86 92 95 
 Total col=18, Total row=17
 bc#: 377
 c: 5 6 8 13 17 22 23 25 28 34 36 39 45 54 56 59 62 73 80 82 100 
 r: 5 57 3 13 21 23 31 39 41 49 59 67 75 77 85 93 95 
 Total col=21, Total row=17
 bc#: 378
 c: 3 5 6 8 11 13 15 17 20 22 23 25 28 30 33 34 36 39 41 44 45 47 50 52 54 56 59 61 62 64 67 69 72 73 75 78 80 82 84 87 89 90 92 95 97 100 
 r: 5 59 23 41 77 95 
 Total col=46, Total row=6
 bc#: 379
 c: 3 15 54 59 62 64 73 75 82 84 87 90 92 95 97 
 r: 5 60 6 23 24 41 42 59 77 78 95 96 
 Total col=15, Total row=12
 bc#: 380
 c: 5 6 8 11 17 20 22 28 30 33 34 36 39 45 52 54 64 69 72 75 78 82 84 87 90 100 
 r: 5 61 7 17 23 25 35 41 43 53 59 71 77 79 89 95 97 
 Total col=26, Total row=17
 bc#: 381
 c: 13 15 22 25 28 41 45 47 54 56 69 73 75 82 84 97 
 r: 5 62 8 18 23 26 36 41 44 54 59 72 77 80 90 95 98 
 Total col=16, Total row=17
 bc#: 382
 c: 3 5 6 8 11 17 20 22 23 25 28 34 41 47 52 61 67 69 72 73 75 78 84 87 90 92 95 
 r: 5 63 9 11 15 23 27 29 33 41 45 47 51 59 65 69 77 81 83 87 95 99 
 Total col=27, Total row=22
 bc#: 383
 c: 13 15 30 33 36 39 44 45 50 54 56 59 62 64 80 82 89 97 100 
 r: 5 64 10 12 16 23 28 30 34 41 46 48 52 59 66 70 77 82 84 88 95 100 
 Total col=19, Total row=22
 bc#: 384
 c: 3 5 6 8 11 17 20 22 23 25 28 34 41 47 52 61 67 69 72 73 75 78 84 87 90 92 95 
 r: 5 65 9 11 15 23 27 29 33 41 45 47 51 59 63 69 77 81 83 87 95 99 
 Total col=27, Total row=22
 bc#: 385
 c: 13 15 30 33 36 39 44 45 50 54 56 59 62 64 80 82 89 97 100 
 r: 5 66 10 12 16 23 28 30 34 41 46 48 52 59 64 70 77 82 84 88 95 100 
 Total col=19, Total row=22
 bc#: 386
 c: 5 6 8 13 17 22 23 25 28 34 36 39 45 54 56 59 62 73 80 82 100 
 r: 5 67 3 13 21 23 31 39 41 49 57 59 75 77 85 93 95 
 Total col=21, Total row=17
 bc#: 387
 c: 3 6 11 13 15 20 34 41 44 47 52 72 75 78 80 82 89 97 
 r: 5 68 2 14 20 23 32 38 41 50 56 59 74 77 86 92 95 
 Total col=18, Total row=17
 bc#: 388
 c: 3 5 6 8 11 17 20 22 23 25 28 34 41 47 52 61 67 69 72 73 75 78 84 87 90 92 95 
 r: 5 69 9 11 15 23 27 29 33 41 45 47 51 59 63 65 77 81 83 87 95 99 
 Total col=27, Total row=22
 bc#: 389
 c: 13 15 30 33 36 39 44 45 50 54 56 59 62 64 80 82 89 97 100 
 r: 5 70 10 12 16 23 28 30 34 41 46 48 52 59 64 66 77 82 84 88 95 100 
 Total col=19, Total row=22
 bc#: 390
 c: 5 6 8 11 17 20 22 28 30 33 34 36 39 45 52 54 64 69 72 75 78 82 84 87 90 100 
 r: 5 71 7 17 23 25 35 41 43 53 59 61 77 79 89 95 97 
 Total col=26, Total row=17
 bc#: 391
 c: 13 15 22 25 28 41 45 47 54 56 69 73 75 82 84 97 
 r: 5 72 8 18 23 26 36 41 44 54 59 62 77 80 90 95 98 
 Total col=16, Total row=17
 bc#: 392
 c: 8 11 17 22 25 28 30 39 41 45 52 59 62 73 80 84 87 89 92 95 97 100 
 r: 5 73 19 23 37 41 55 59 77 91 95 
 Total col=22, Total row=11
 bc#: 393
 c: 3 6 11 13 15 20 34 41 44 47 52 72 75 78 80 82 89 97 
 r: 5 74 2 14 20 23 32 38 41 50 56 59 68 77 86 92 95 
 Total col=18, Total row=17
 bc#: 394
 c: 5 6 8 13 17 22 23 25 28 34 36 39 45 54 56 59 62 73 80 82 100 
 r: 5 75 3 13 21 23 31 39 41 49 57 59 67 77 85 93 95 
 Total col=21, Total row=17
 bc#: 395
 c: 3 5 6 8 11 13 15 17 20 22 23 25 28 30 33 34 36 39 41 44 45 47 50 52 54 56 59 61 62 64 67 69 72 73 75 78 80 82 84 87 89 90 92 95 97 100 
 r: 5 77 23 41 59 95 
 Total col=46, Total row=6
 bc#: 396
 c: 3 15 54 59 62 64 73 75 82 84 87 90 92 95 97 
 r: 5 78 6 23 24 41 42 59 60 77 95 96 
 Total col=15, Total row=12
 bc#: 397
 c: 5 6 8 11 17 20 22 28 30 33 34 36 39 45 52 54 64 69 72 75 78 82 84 87 90 100 
 r: 5 79 7 17 23 25 35 41 43 53 59 61 71 77 89 95 97 
 Total col=26, Total row=17
 bc#: 398
 c: 13 15 22 25 28 41 45 47 54 56 69 73 75 82 84 97 
 r: 5 80 8 18 23 26 36 41 44 54 59 62 72 77 90 95 98 
 Total col=16, Total row=17
 bc#: 399
 c: 3 5 6 8 11 17 20 22 23 25 28 34 41 47 52 61 67 69 72 73 75 78 84 87 90 92 95 
 r: 5 81 9 11 15 23 27 29 33 41 45 47 51 59 63 65 69 77 83 87 95 99 
 Total col=27, Total row=22
 bc#: 400
 c: 13 15 30 33 36 39 44 45 50 54 56 59 62 64 80 82 89 97 100 
 r: 5 82 10 12 16 23 28 30 34 41 46 48 52 59 64 66 70 77 84 88 95 100 
 Total col=19, Total row=22
 bc#: 401
 c: 3 5 6 8 11 17 20 22 23 25 28 34 41 47 52 61 67 69 72 73 75 78 84 87 90 92 95 
 r: 5 83 9 11 15 23 27 29 33 41 45 47 51 59 63 65 69 77 81 87 95 99 
 Total col=27, Total row=22
 bc#: 402
 c: 13 15 30 33 36 39 44 45 50 54 56 59 62 64 80 82 89 97 100 
 r: 5 84 10 12 16 23 28 30 34 41 46 48 52 59 64 66 70 77 82 88 95 100 
 Total col=19, Total row=22
 bc#: 403
 c: 5 6 8 13 17 22 23 25 28 34 36 39 45 54 56 59 62 73 80 82 100 
 r: 5 85 3 13 21 23 31 39 41 49 57 59 67 75 77 93 95 
 Total col=21, Total row=17
 bc#: 404
 c: 3 6 11 13 15 20 34 41 44 47 52 72 75 78 80 82 89 97 
 r: 5 86 2 14 20 23 32 38 41 50 56 59 68 74 77 92 95 
 Total col=18, Total row=17
 bc#: 405
 c: 3 5 6 8 11 17 20 22 23 25 28 34 41 47 52 61 67 69 72 73 75 78 84 87 90 92 95 
 r: 5 87 9 11 15 23 27 29 33 41 45 47 51 59 63 65 69 77 81 83 95 99 
 Total col=27, Total row=22
 bc#: 406
 c: 13 15 30 33 36 39 44 45 50 54 56 59 62 64 80 82 89 97 100 
 r: 5 88 10 12 16 23 28 30 34 41 46 48 52 59 64 66 70 77 82 84 95 100 
 Total col=19, Total row=22
 bc#: 407
 c: 5 6 8 11 17 20 22 28 30 33 34 36 39 45 52 54 64 69 72 75 78 82 84 87 90 100 
 r: 5 89 7 17 23 25 35 41 43 53 59 61 71 77 79 95 97 
 Total col=26, Total row=17
 bc#: 408
 c: 13 15 22 25 28 41 45 47 54 56 69 73 75 82 84 97 
 r: 5 90 8 18 23 26 36 41 44 54 59 62 72 77 80 95 98 
 Total col=16, Total row=17
 bc#: 409
 c: 8 11 17 22 25 28 30 39 41 45 52 59 62 73 80 84 87 89 92 95 97 100 
 r: 5 91 19 23 37 41 55 59 73 77 95 
 Total col=22, Total row=11
 bc#: 410
 c: 3 6 11 13 15 20 34 41 44 47 52 72 75 78 80 82 89 97 
 r: 5 92 2 14 20 23 32 38 41 50 56 59 68 74 77 86 95 
 Total col=18, Total row=17
 bc#: 411
 c: 5 6 8 13 17 22 23 25 28 34 36 39 45 54 56 59 62 73 80 82 100 
 r: 5 93 3 13 21 23 31 39 41 49 57 59 67 75 77 85 95 
 Total col=21, Total row=17
 bc#: 412
 c: 3 5 6 8 11 13 15 17 20 22 23 25 28 30 33 34 36 39 41 44 45 47 50 52 54 56 59 61 62 64 67 69 72 73 75 78 80 82 84 87 89 90 92 95 97 100 
 r: 5 95 23 41 59 77 
 Total col=46, Total row=6
 bc#: 413
 c: 3 15 54 59 62 64 73 75 82 84 87 90 92 95 97 
 r: 5 96 6 23 24 41 42 59 60 77 78 95 
 Total col=15, Total row=12
 bc#: 414
 c: 5 6 8 11 17 20 22 28 30 33 34 36 39 45 52 54 64 69 72 75 78 82 84 87 90 100 
 r: 5 97 7 17 23 25 35 41 43 53 59 61 71 77 79 89 95 
 Total col=26, Total row=17
 bc#: 415
 c: 13 15 22 25 28 41 45 47 54 56 69 73 75 82 84 97 
 r: 5 98 8 18 23 26 36 41 44 54 59 62 72 77 80 90 95 
 Total col=16, Total row=17
 bc#: 416
 c: 3 5 6 8 11 17 20 22 23 25 28 34 41 47 52 61 67 69 72 73 75 78 84 87 90 92 95 
 r: 5 99 9 11 15 23 27 29 33 41 45 47 51 59 63 65 69 77 81 83 87 95 
 Total col=27, Total row=22
 bc#: 417
 c: 13 15 30 33 36 39 44 45 50 54 56 59 62 64 80 82 89 97 100 
 r: 5 100 10 12 16 23 28 30 34 41 46 48 52 59 64 66 70 77 82 84 88 95 
 Total col=19, Total row=22
 bc#: 418
 c: 4 12 21 24 27 40 42 46 48 51 54 57 60 64 70 75 76 81 82 84 87 90 93 
 r: 6 7 17 24 25 35 42 43 53 60 61 71 78 79 89 96 97 
 Total col=23, Total row=17
 bc#: 419
 c: 1 4 7 9 10 15 16 18 19 27 31 32 35 37 38 42 48 51 53 54 57 60 65 70 73 75 76 79 81 82 84 93 97 98 
 r: 6 8 18 24 26 36 42 44 54 60 62 72 78 80 90 96 98 
 Total col=34, Total row=17
 bc#: 420
 c: 3 12 29 31 35 37 40 43 46 49 60 73 75 79 81 84 87 90 92 93 95 98 
 r: 6 9 11 15 24 27 29 33 42 45 47 51 60 63 65 69 78 81 83 87 96 99 
 Total col=22, Total row=22
 bc#: 421
 c: 1 4 7 9 10 15 16 18 19 21 24 26 27 32 38 42 48 51 53 54 57 59 62 64 65 68 70 71 76 82 86 97 
 r: 6 10 12 16 24 28 30 34 42 46 48 52 60 64 66 70 78 82 84 88 96 100 
 Total col=32, Total row=22
 bc#: 422
 c: 3 12 29 31 35 37 40 43 46 49 60 73 75 79 81 84 87 90 92 93 95 98 
 r: 6 11 9 15 24 27 29 33 42 45 47 51 60 63 65 69 78 81 83 87 96 99 
 Total col=22, Total row=22
 bc#: 423
 c: 1 4 7 9 10 15 16 18 19 21 24 26 27 32 38 42 48 51 53 54 57 59 62 64 65 68 70 71 76 82 86 97 
 r: 6 12 10 16 24 28 30 34 42 46 48 52 60 64 66 70 78 82 84 88 96 100 
 Total col=32, Total row=22
 bc#: 424
 c: 10 19 29 31 40 42 46 48 51 53 54 59 60 62 65 68 71 73 76 79 82 86 93 
 r: 6 13 3 21 24 31 39 42 49 57 60 67 75 78 85 93 96 
 Total col=23, Total row=17
 bc#: 425
 c: 1 3 4 9 15 16 18 21 24 26 27 29 32 35 37 40 46 49 51 57 60 65 68 71 75 82 86 97 
 r: 6 14 2 20 24 32 38 42 50 56 60 68 74 78 86 92 96 
 Total col=28, Total row=17
 bc#: 426
 c: 3 12 29 31 35 37 40 43 46 49 60 73 75 79 81 84 87 90 92 93 95 98 
 r: 6 15 9 11 24 27 29 33 42 45 47 51 60 63 65 69 78 81 83 87 96 99 
 Total col=22, Total row=22
 bc#: 427
 c: 1 4 7 9 10 15 16 18 19 21 24 26 27 32 38 42 48 51 53 54 57 59 62 64 65 68 70 71 76 82 86 97 
 r: 6 16 10 12 24 28 30 34 42 46 48 52 60 64 66 70 78 82 84 88 96 100 
 Total col=32, Total row=22
 bc#: 428
 c: 4 12 21 24 27 40 42 46 48 51 54 57 60 64 70 75 76 81 82 84 87 90 93 
 r: 6 17 7 24 25 35 42 43 53 60 61 71 78 79 89 96 97 
 Total col=23, Total row=17
 bc#: 429
 c: 1 4 7 9 10 15 16 18 19 27 31 32 35 37 38 42 48 51 53 54 57 60 65 70 73 75 76 79 81 82 84 93 97 98 
 r: 6 18 8 24 26 36 42 44 54 60 62 72 78 80 90 96 98 
 Total col=34, Total row=17
 bc#: 430
 c: 4 7 10 16 19 26 31 32 35 38 43 46 49 53 59 60 62 65 68 71 73 76 79 81 84 86 87 92 95 97 
 r: 6 19 24 37 42 55 60 73 78 91 96 
 Total col=30, Total row=11
 bc#: 431
 c: 1 3 4 9 15 16 18 21 24 26 27 29 32 35 37 40 46 49 51 57 60 65 68 71 75 82 86 97 
 r: 6 20 2 14 24 32 38 42 50 56 60 68 74 78 86 92 96 
 Total col=28, Total row=17
 bc#: 432
 c: 10 19 29 31 40 42 46 48 51 53 54 59 60 62 65 68 71 73 76 79 82 86 93 
 r: 6 21 3 13 24 31 39 42 49 57 60 67 75 78 85 93 96 
 Total col=23, Total row=17
 bc#: 433
 c: 3 15 54 59 62 64 73 75 82 84 87 90 92 95 97 
 r: 6 23 5 24 41 42 59 60 77 78 95 96 
 Total col=15, Total row=12
 bc#: 434
 c: 1 3 4 7 9 10 12 15 16 18 19 21 24 26 27 29 31 32 35 37 38 40 42 43 46 48 49 51 53 54 57 59 60 62 64 65 68 70 71 73 75 76 79 81 82 84 86 87 90 92 93 95 97 98 
 r: 6 24 42 60 78 96 
 Total col=54, Total row=6
 bc#: 435
 c: 4 12 21 24 27 40 42 46 48 51 54 57 60 64 70 75 76 81 82 84 87 90 93 
 r: 6 25 7 17 24 35 42 43 53 60 61 71 78 79 89 96 97 
 Total col=23, Total row=17
 bc#: 436
 c: 1 4 7 9 10 15 16 18 19 27 31 32 35 37 38 42 48 51 53 54 57 60 65 70 73 75 76 79 81 82 84 93 97 98 
 r: 6 26 8 18 24 36 42 44 54 60 62 72 78 80 90 96 98 
 Total col=34, Total row=17
 bc#: 437
 c: 3 12 29 31 35 37 40 43 46 49 60 73 75 79 81 84 87 90 92 93 95 98 
 r: 6 27 9 11 15 24 29 33 42 45 47 51 60 63 65 69 78 81 83 87 96 99 
 Total col=22, Total row=22
 bc#: 438
 c: 1 4 7 9 10 15 16 18 19 21 24 26 27 32 38 42 48 51 53 54 57 59 62 64 65 68 70 71 76 82 86 97 
 r: 6 28 10 12 16 24 30 34 42 46 48 52 60 64 66 70 78 82 84 88 96 100 
 Total col=32, Total row=22
 bc#: 439
 c: 3 12 29 31 35 37 40 43 46 49 60 73 75 79 81 84 87 90 92 93 95 98 
 r: 6 29 9 11 15 24 27 33 42 45 47 51 60 63 65 69 78 81 83 87 96 99 
 Total col=22, Total row=22
 bc#: 440
 c: 1 4 7 9 10 15 16 18 19 21 24 26 27 32 38 42 48 51 53 54 57 59 62 64 65 68 70 71 76 82 86 97 
 r: 6 30 10 12 16 24 28 34 42 46 48 52 60 64 66 70 78 82 84 88 96 100 
 Total col=32, Total row=22
 bc#: 441
 c: 10 19 29 31 40 42 46 48 51 53 54 59 60 62 65 68 71 73 76 79 82 86 93 
 r: 6 31 3 13 21 24 39 42 49 57 60 67 75 78 85 93 96 
 Total col=23, Total row=17
 bc#: 442
 c: 1 3 4 9 15 16 18 21 24 26 27 29 32 35 37 40 46 49 51 57 60 65 68 71 75 82 86 97 
 r: 6 32 2 14 20 24 38 42 50 56 60 68 74 78 86 92 96 
 Total col=28, Total row=17
 bc#: 443
 c: 3 12 29 31 35 37 40 43 46 49 60 73 75 79 81 84 87 90 92 93 95 98 
 r: 6 33 9 11 15 24 27 29 42 45 47 51 60 63 65 69 78 81 83 87 96 99 
 Total col=22, Total row=22
 bc#: 444
 c: 1 4 7 9 10 15 16 18 19 21 24 26 27 32 38 42 48 51 53 54 57 59 62 64 65 68 70 71 76 82 86 97 
 r: 6 34 10 12 16 24 28 30 42 46 48 52 60 64 66 70 78 82 84 88 96 100 
 Total col=32, Total row=22
 bc#: 445
 c: 4 12 21 24 27 40 42 46 48 51 54 57 60 64 70 75 76 81 82 84 87 90 93 
 r: 6 35 7 17 24 25 42 43 53 60 61 71 78 79 89 96 97 
 Total col=23, Total row=17
 bc#: 446
 c: 1 4 7 9 10 15 16 18 19 27 31 32 35 37 38 42 48 51 53 54 57 60 65 70 73 75 76 79 81 82 84 93 97 98 
 r: 6 36 8 18 24 26 42 44 54 60 62 72 78 80 90 96 98 
 Total col=34, Total row=17
 bc#: 447
 c: 4 7 10 16 19 26 31 32 35 38 43 46 49 53 59 60 62 65 68 71 73 76 79 81 84 86 87 92 95 97 
 r: 6 37 19 24 42 55 60 73 78 91 96 
 Total col=30, Total row=11
 bc#: 448
 c: 1 3 4 9 15 16 18 21 24 26 27 29 32 35 37 40 46 49 51 57 60 65 68 71 75 82 86 97 
 r: 6 38 2 14 20 24 32 42 50 56 60 68 74 78 86 92 96 
 Total col=28, Total row=17
 bc#: 449
 c: 10 19 29 31 40 42 46 48 51 53 54 59 60 62 65 68 71 73 76 79 82 86 93 
 r: 6 39 3 13 21 24 31 42 49 57 60 67 75 78 85 93 96 
 Total col=23, Total row=17
 bc#: 450
 c: 3 15 54 59 62 64 73 75 82 84 87 90 92 95 97 
 r: 6 41 5 23 24 42 59 60 77 78 95 96 
 Total col=15, Total row=12
 bc#: 451
 c: 1 3 4 7 9 10 12 15 16 18 19 21 24 26 27 29 31 32 35 37 38 40 42 43 46 48 49 51 53 54 57 59 60 62 64 65 68 70 71 73 75 76 79 81 82 84 86 87 90 92 93 95 97 98 
 r: 6 42 24 60 78 96 
 Total col=54, Total row=6
 bc#: 452
 c: 4 12 21 24 27 40 42 46 48 51 54 57 60 64 70 75 76 81 82 84 87 90 93 
 r: 6 43 7 17 24 25 35 42 53 60 61 71 78 79 89 96 97 
 Total col=23, Total row=17
 bc#: 453
 c: 1 4 7 9 10 15 16 18 19 27 31 32 35 37 38 42 48 51 53 54 57 60 65 70 73 75 76 79 81 82 84 93 97 98 
 r: 6 44 8 18 24 26 36 42 54 60 62 72 78 80 90 96 98 
 Total col=34, Total row=17
 bc#: 454
 c: 3 12 29 31 35 37 40 43 46 49 60 73 75 79 81 84 87 90 92 93 95 98 
 r: 6 45 9 11 15 24 27 29 33 42 47 51 60 63 65 69 78 81 83 87 96 99 
 Total col=22, Total row=22
 bc#: 455
 c: 1 4 7 9 10 15 16 18 19 21 24 26 27 32 38 42 48 51 53 54 57 59 62 64 65 68 70 71 76 82 86 97 
 r: 6 46 10 12 16 24 28 30 34 42 48 52 60 64 66 70 78 82 84 88 96 100 
 Total col=32, Total row=22
 bc#: 456
 c: 3 12 29 31 35 37 40 43 46 49 60 73 75 79 81 84 87 90 92 93 95 98 
 r: 6 47 9 11 15 24 27 29 33 42 45 51 60 63 65 69 78 81 83 87 96 99 
 Total col=22, Total row=22
 bc#: 457
 c: 1 4 7 9 10 15 16 18 19 21 24 26 27 32 38 42 48 51 53 54 57 59 62 64 65 68 70 71 76 82 86 97 
 r: 6 48 10 12 16 24 28 30 34 42 46 52 60 64 66 70 78 82 84 88 96 100 
 Total col=32, Total row=22
 bc#: 458
 c: 10 19 29 31 40 42 46 48 51 53 54 59 60 62 65 68 71 73 76 79 82 86 93 
 r: 6 49 3 13 21 24 31 39 42 57 60 67 75 78 85 93 96 
 Total col=23, Total row=17
 bc#: 459
 c: 1 3 4 9 15 16 18 21 24 26 27 29 32 35 37 40 46 49 51 57 60 65 68 71 75 82 86 97 
 r: 6 50 2 14 20 24 32 38 42 56 60 68 74 78 86 92 96 
 Total col=28, Total row=17
 bc#: 460
 c: 3 12 29 31 35 37 40 43 46 49 60 73 75 79 81 84 87 90 92 93 95 98 
 r: 6 51 9 11 15 24 27 29 33 42 45 47 60 63 65 69 78 81 83 87 96 99 
 Total col=22, Total row=22
 bc#: 461
 c: 1 4 7 9 10 15 16 18 19 21 24 26 27 32 38 42 48 51 53 54 57 59 62 64 65 68 70 71 76 82 86 97 
 r: 6 52 10 12 16 24 28 30 34 42 46 48 60 64 66 70 78 82 84 88 96 100 
 Total col=32, Total row=22
 bc#: 462
 c: 4 12 21 24 27 40 42 46 48 51 54 57 60 64 70 75 76 81 82 84 87 90 93 
 r: 6 53 7 17 24 25 35 42 43 60 61 71 78 79 89 96 97 
 Total col=23, Total row=17
 bc#: 463
 c: 1 4 7 9 10 15 16 18 19 27 31 32 35 37 38 42 48 51 53 54 57 60 65 70 73 75 76 79 81 82 84 93 97 98 
 r: 6 54 8 18 24 26 36 42 44 60 62 72 78 80 90 96 98 
 Total col=34, Total row=17
 bc#: 464
 c: 4 7 10 16 19 26 31 32 35 38 43 46 49 53 59 60 62 65 68 71 73 76 79 81 84 86 87 92 95 97 
 r: 6 55 19 24 37 42 60 73 78 91 96 
 Total col=30, Total row=11
 bc#: 465
 c: 1 3 4 9 15 16 18 21 24 26 27 29 32 35 37 40 46 49 51 57 60 65 68 71 75 82 86 97 
 r: 6 56 2 14 20 24 32 38 42 50 60 68 74 78 86 92 96 
 Total col=28, Total row=17
 bc#: 466
 c: 10 19 29 31 40 42 46 48 51 53 54 59 60 62 65 68 71 73 76 79 82 86 93 
 r: 6 57 3 13 21 24 31 39 42 49 60 67 75 78 85 93 96 
 Total col=23, Total row=17
 bc#: 467
 c: 3 15 54 59 62 64 73 75 82 84 87 90 92 95 97 
 r: 6 59 5 23 24 41 42 60 77 78 95 96 
 Total col=15, Total row=12
 bc#: 468
 c: 1 3 4 7 9 10 12 15 16 18 19 21 24 26 27 29 31 32 35 37 38 40 42 43 46 48 49 51 53 54 57 59 60 62 64 65 68 70 71 73 75 76 79 81 82 84 86 87 90 92 93 95 97 98 
 r: 6 60 24 42 78 96 
 Total col=54, Total row=6
 bc#: 469
 c: 4 12 21 24 27 40 42 46 48 51 54 57 60 64 70 75 76 81 82 84 87 90 93 
 r: 6 61 7 17 24 25 35 42 43 53 60 71 78 79 89 96 97 
 Total col=23, Total row=17
 bc#: 470
 c: 1 4 7 9 10 15 16 18 19 27 31 32 35 37 38 42 48 51 53 54 57 60 65 70 73 75 76 79 81 82 84 93 97 98 
 r: 6 62 8 18 24 26 36 42 44 54 60 72 78 80 90 96 98 
 Total col=34, Total row=17
 bc#: 471
 c: 3 12 29 31 35 37 40 43 46 49 60 73 75 79 81 84 87 90 92 93 95 98 
 r: 6 63 9 11 15 24 27 29 33 42 45 47 51 60 65 69 78 81 83 87 96 99 
 Total col=22, Total row=22
 bc#: 472
 c: 1 4 7 9 10 15 16 18 19 21 24 26 27 32 38 42 48 51 53 54 57 59 62 64 65 68 70 71 76 82 86 97 
 r: 6 64 10 12 16 24 28 30 34 42 46 48 52 60 66 70 78 82 84 88 96 100 
 Total col=32, Total row=22
 bc#: 473
 c: 3 12 29 31 35 37 40 43 46 49 60 73 75 79 81 84 87 90 92 93 95 98 
 r: 6 65 9 11 15 24 27 29 33 42 45 47 51 60 63 69 78 81 83 87 96 99 
 Total col=22, Total row=22
 bc#: 474
 c: 1 4 7 9 10 15 16 18 19 21 24 26 27 32 38 42 48 51 53 54 57 59 62 64 65 68 70 71 76 82 86 97 
 r: 6 66 10 12 16 24 28 30 34 42 46 48 52 60 64 70 78 82 84 88 96 100 
 Total col=32, Total row=22
 bc#: 475
 c: 10 19 29 31 40 42 46 48 51 53 54 59 60 62 65 68 71 73 76 79 82 86 93 
 r: 6 67 3 13 21 24 31 39 42 49 57 60 75 78 85 93 96 
 Total col=23, Total row=17
 bc#: 476
 c: 1 3 4 9 15 16 18 21 24 26 27 29 32 35 37 40 46 49 51 57 60 65 68 71 75 82 86 97 
 r: 6 68 2 14 20 24 32 38 42 50 56 60 74 78 86 92 96 
 Total col=28, Total row=17
 bc#: 477
 c: 3 12 29 31 35 37 40 43 46 49 60 73 75 79 81 84 87 90 92 93 95 98 
 r: 6 69 9 11 15 24 27 29 33 42 45 47 51 60 63 65 78 81 83 87 96 99 
 Total col=22, Total row=22
 bc#: 478
 c: 1 4 7 9 10 15 16 18 19 21 24 26 27 32 38 42 48 51 53 54 57 59 62 64 65 68 70 71 76 82 86 97 
 r: 6 70 10 12 16 24 28 30 34 42 46 48 52 60 64 66 78 82 84 88 96 100 
 Total col=32, Total row=22
 bc#: 479
 c: 4 12 21 24 27 40 42 46 48 51 54 57 60 64 70 75 76 81 82 84 87 90 93 
 r: 6 71 7 17 24 25 35 42 43 53 60 61 78 79 89 96 97 
 Total col=23, Total row=17
 bc#: 480
 c: 1 4 7 9 10 15 16 18 19 27 31 32 35 37 38 42 48 51 53 54 57 60 65 70 73 75 76 79 81 82 84 93 97 98 
 r: 6 72 8 18 24 26 36 42 44 54 60 62 78 80 90 96 98 
 Total col=34, Total row=17
 bc#: 481
 c: 4 7 10 16 19 26 31 32 35 38 43 46 49 53 59 60 62 65 68 71 73 76 79 81 84 86 87 92 95 97 
 r: 6 73 19 24 37 42 55 60 78 91 96 
 Total col=30, Total row=11
 bc#: 482
 c: 1 3 4 9 15 16 18 21 24 26 27 29 32 35 37 40 46 49 51 57 60 65 68 71 75 82 86 97 
 r: 6 74 2 14 20 24 32 38 42 50 56 60 68 78 86 92 96 
 Total col=28, Total row=17
 bc#: 483
 c: 10 19 29 31 40 42 46 48 51 53 54 59 60 62 65 68 71 73 76 79 82 86 93 
 r: 6 75 3 13 21 24 31 39 42 49 57 60 67 78 85 93 96 
 Total col=23, Total row=17
 bc#: 484
 c: 3 15 54 59 62 64 73 75 82 84 87 90 92 95 97 
 r: 6 77 5 23 24 41 42 59 60 78 95 96 
 Total col=15, Total row=12
 bc#: 485
 c: 1 3 4 7 9 10 12 15 16 18 19 21 24 26 27 29 31 32 35 37 38 40 42 43 46 48 49 51 53 54 57 59 60 62 64 65 68 70 71 73 75 76 79 81 82 84 86 87 90 92 93 95 97 98 
 r: 6 78 24 42 60 96 
 Total col=54, Total row=6
 bc#: 486
 c: 4 12 21 24 27 40 42 46 48 51 54 57 60 64 70 75 76 81 82 84 87 90 93 
 r: 6 79 7 17 24 25 35 42 43 53 60 61 71 78 89 96 97 
 Total col=23, Total row=17
 bc#: 487
 c: 1 4 7 9 10 15 16 18 19 27 31 32 35 37 38 42 48 51 53 54 57 60 65 70 73 75 76 79 81 82 84 93 97 98 
 r: 6 80 8 18 24 26 36 42 44 54 60 62 72 78 90 96 98 
 Total col=34, Total row=17
 bc#: 488
 c: 3 12 29 31 35 37 40 43 46 49 60 73 75 79 81 84 87 90 92 93 95 98 
 r: 6 81 9 11 15 24 27 29 33 42 45 47 51 60 63 65 69 78 83 87 96 99 
 Total col=22, Total row=22
 bc#: 489
 c: 1 4 7 9 10 15 16 18 19 21 24 26 27 32 38 42 48 51 53 54 57 59 62 64 65 68 70 71 76 82 86 97 
 r: 6 82 10 12 16 24 28 30 34 42 46 48 52 60 64 66 70 78 84 88 96 100 
 Total col=32, Total row=22
 bc#: 490
 c: 3 12 29 31 35 37 40 43 46 49 60 73 75 79 81 84 87 90 92 93 95 98 
 r: 6 83 9 11 15 24 27 29 33 42 45 47 51 60 63 65 69 78 81 87 96 99 
 Total col=22, Total row=22
 bc#: 491
 c: 1 4 7 9 10 15 16 18 19 21 24 26 27 32 38 42 48 51 53 54 57 59 62 64 65 68 70 71 76 82 86 97 
 r: 6 84 10 12 16 24 28 30 34 42 46 48 52 60 64 66 70 78 82 88 96 100 
 Total col=32, Total row=22
 bc#: 492
 c: 10 19 29 31 40 42 46 48 51 53 54 59 60 62 65 68 71 73 76 79 82 86 93 
 r: 6 85 3 13 21 24 31 39 42 49 57 60 67 75 78 93 96 
 Total col=23, Total row=17
 bc#: 493
 c: 1 3 4 9 15 16 18 21 24 26 27 29 32 35 37 40 46 49 51 57 60 65 68 71 75 82 86 97 
 r: 6 86 2 14 20 24 32 38 42 50 56 60 68 74 78 92 96 
 Total col=28, Total row=17
 bc#: 494
 c: 3 12 29 31 35 37 40 43 46 49 60 73 75 79 81 84 87 90 92 93 95 98 
 r: 6 87 9 11 15 24 27 29 33 42 45 47 51 60 63 65 69 78 81 83 96 99 
 Total col=22, Total row=22
 bc#: 495
 c: 1 4 7 9 10 15 16 18 19 21 24 26 27 32 38 42 48 51 53 54 57 59 62 64 65 68 70 71 76 82 86 97 
 r: 6 88 10 12 16 24 28 30 34 42 46 48 52 60 64 66 70 78 82 84 96 100 
 Total col=32, Total row=22
 bc#: 496
 c: 4 12 21 24 27 40 42 46 48 51 54 57 60 64 70 75 76 81 82 84 87 90 93 
 r: 6 89 7 17 24 25 35 42 43 53 60 61 71 78 79 96 97 
 Total col=23, Total row=17
 bc#: 497
 c: 1 4 7 9 10 15 16 18 19 27 31 32 35 37 38 42 48 51 53 54 57 60 65 70 73 75 76 79 81 82 84 93 97 98 
 r: 6 90 8 18 24 26 36 42 44 54 60 62 72 78 80 96 98 
 Total col=34, Total row=17
 bc#: 498
 c: 4 7 10 16 19 26 31 32 35 38 43 46 49 53 59 60 62 65 68 71 73 76 79 81 84 86 87 92 95 97 
 r: 6 91 19 24 37 42 55 60 73 78 96 
 Total col=30, Total row=11
 bc#: 499
 c: 1 3 4 9 15 16 18 21 24 26 27 29 32 35 37 40 46 49 51 57 60 65 68 71 75 82 86 97 
 r: 6 92 2 14 20 24 32 38 42 50 56 60 68 74 78 86 96 
 Total col=28, Total row=17
 bc#: 500
 c: 10 19 29 31 40 42 46 48 51 53 54 59 60 62 65 68 71 73 76 79 82 86 93 
 r: 6 93 3 13 21 24 31 39 42 49 57 60 67 75 78 85 96 
 Total col=23, Total row=17
 bc#: 501
 c: 3 15 54 59 62 64 73 75 82 84 87 90 92 95 97 
 r: 6 95 5 23 24 41 42 59 60 77 78 96 
 Total col=15, Total row=12
 bc#: 502
 c: 1 3 4 7 9 10 12 15 16 18 19 21 24 26 27 29 31 32 35 37 38 40 42 43 46 48 49 51 53 54 57 59 60 62 64 65 68 70 71 73 75 76 79 81 82 84 86 87 90 92 93 95 97 98 
 r: 6 96 24 42 60 78 
 Total col=54, Total row=6
 bc#: 503
 c: 4 12 21 24 27 40 42 46 48 51 54 57 60 64 70 75 76 81 82 84 87 90 93 
 r: 6 97 7 17 24 25 35 42 43 53 60 61 71 78 79 89 96 
 Total col=23, Total row=17
 bc#: 504
 c: 1 4 7 9 10 15 16 18 19 27 31 32 35 37 38 42 48 51 53 54 57 60 65 70 73 75 76 79 81 82 84 93 97 98 
 r: 6 98 8 18 24 26 36 42 44 54 60 62 72 78 80 90 96 
 Total col=34, Total row=17
 bc#: 505
 c: 3 12 29 31 35 37 40 43 46 49 60 73 75 79 81 84 87 90 92 93 95 98 
 r: 6 99 9 11 15 24 27 29 33 42 45 47 51 60 63 65 69 78 81 83 87 96 
 Total col=22, Total row=22
 bc#: 506
 c: 1 4 7 9 10 15 16 18 19 21 24 26 27 32 38 42 48 51 53 54 57 59 62 64 65 68 70 71 76 82 86 97 
 r: 6 100 10 12 16 24 28 30 34 42 46 48 52 60 64 66 70 78 82 84 88 96 
 Total col=32, Total row=22
 bc#: 507
 c: 5 6 8 11 12 14 17 20 22 28 34 40 46 52 58 60 63 66 69 72 75 78 81 84 87 90 93 99 
 r: 7 9 11 15 17 25 27 29 33 35 43 45 47 51 53 61 63 65 69 71 79 81 83 87 89 97 99 
 Total col=28, Total row=27
 bc#: 508
 c: 2 4 21 24 27 30 33 36 39 42 45 48 51 54 57 64 70 76 82 88 94 96 100 
 r: 7 10 12 16 17 25 28 30 34 35 43 46 48 52 53 61 64 66 70 71 79 82 84 88 89 97 100 
 Total col=23, Total row=27
 bc#: 509
 c: 5 6 8 11 12 14 17 20 22 28 34 40 46 52 58 60 63 66 69 72 75 78 81 84 87 90 93 99 
 r: 7 11 9 15 17 25 27 29 33 35 43 45 47 51 53 61 63 65 69 71 79 81 83 87 89 97 99 
 Total col=28, Total row=27
 bc#: 510
 c: 2 4 21 24 27 30 33 36 39 42 45 48 51 54 57 64 70 76 82 88 94 96 100 
 r: 7 12 10 16 17 25 28 30 34 35 43 46 48 52 53 61 64 66 70 71 79 82 84 88 89 97 100 
 Total col=23, Total row=27
 bc#: 511
 c: 2 5 6 8 14 17 22 28 34 36 39 40 42 45 46 48 51 54 60 66 76 82 88 93 94 96 99 100 
 r: 7 13 3 17 21 25 31 35 39 43 49 53 57 61 67 71 75 79 85 89 93 97 
 Total col=28, Total row=22
 bc#: 512
 c: 4 6 11 20 21 24 27 34 40 46 51 52 57 58 60 63 66 72 75 78 82 88 94 96 99 
 r: 7 14 2 17 20 25 32 35 38 43 50 53 56 61 68 71 74 79 86 89 92 97 
 Total col=25, Total row=22
 bc#: 513
 c: 5 6 8 11 12 14 17 20 22 28 34 40 46 52 58 60 63 66 69 72 75 78 81 84 87 90 93 99 
 r: 7 15 9 11 17 25 27 29 33 35 43 45 47 51 53 61 63 65 69 71 79 81 83 87 89 97 99 
 Total col=28, Total row=27
 bc#: 514
 c: 2 4 21 24 27 30 33 36 39 42 45 48 51 54 57 64 70 76 82 88 94 96 100 
 r: 7 16 10 12 17 25 28 30 34 35 43 46 48 52 53 61 64 66 70 71 79 82 84 88 89 97 100 
 Total col=23, Total row=27
 bc#: 515
 c: 2 4 8 11 14 17 22 28 30 39 45 46 52 58 60 66 76 81 84 87 94 100 
 r: 7 19 17 25 35 37 43 53 55 61 71 73 79 89 91 97 
 Total col=22, Total row=16
 bc#: 516
 c: 4 6 11 20 21 24 27 34 40 46 51 52 57 58 60 63 66 72 75 78 82 88 94 96 99 
 r: 7 20 2 14 17 25 32 35 38 43 50 53 56 61 68 71 74 79 86 89 92 97 
 Total col=25, Total row=22
 bc#: 517
 c: 2 5 6 8 14 17 22 28 34 36 39 40 42 45 46 48 51 54 60 66 76 82 88 93 94 96 99 100 
 r: 7 21 3 13 17 25 31 35 39 43 49 53 57 61 67 71 75 79 85 89 93 97 
 Total col=28, Total row=22
 bc#: 518
 c: 2 4 12 14 21 24 27 40 42 46 48 51 57 58 60 63 66 70 76 81 88 93 94 96 99 
 r: 7 22 4 17 25 35 40 43 53 58 61 71 76 79 89 94 97 
 Total col=25, Total row=17
 bc#: 519
 c: 5 6 8 11 17 20 22 28 30 33 34 36 39 45 52 54 64 69 72 75 78 82 84 87 90 100 
 r: 7 23 5 17 25 35 41 43 53 59 61 71 77 79 89 95 97 
 Total col=26, Total row=17
 bc#: 520
 c: 4 12 21 24 27 40 42 46 48 51 54 57 60 64 70 75 76 81 82 84 87 90 93 
 r: 7 24 6 17 25 35 42 43 53 60 61 71 78 79 89 96 97 
 Total col=23, Total row=17
 bc#: 521
 c: 5 6 8 11 12 14 17 20 22 28 34 40 46 52 58 60 63 66 69 72 75 78 81 84 87 90 93 99 
 r: 7 27 9 11 15 17 25 29 33 35 43 45 47 51 53 61 63 65 69 71 79 81 83 87 89 97 99 
 Total col=28, Total row=27
 bc#: 522
 c: 2 4 21 24 27 30 33 36 39 42 45 48 51 54 57 64 70 76 82 88 94 96 100 
 r: 7 28 10 12 16 17 25 30 34 35 43 46 48 52 53 61 64 66 70 71 79 82 84 88 89 97 100 
 Total col=23, Total row=27
 bc#: 523
 c: 5 6 8 11 12 14 17 20 22 28 34 40 46 52 58 60 63 66 69 72 75 78 81 84 87 90 93 99 
 r: 7 29 9 11 15 17 25 27 33 35 43 45 47 51 53 61 63 65 69 71 79 81 83 87 89 97 99 
 Total col=28, Total row=27
 bc#: 524
 c: 2 4 21 24 27 30 33 36 39 42 45 48 51 54 57 64 70 76 82 88 94 96 100 
 r: 7 30 10 12 16 17 25 28 34 35 43 46 48 52 53 61 64 66 70 71 79 82 84 88 89 97 100 
 Total col=23, Total row=27
 bc#: 525
 c: 2 5 6 8 14 17 22 28 34 36 39 40 42 45 46 48 51 54 60 66 76 82 88 93 94 96 99 100 
 r: 7 31 3 13 17 21 25 35 39 43 49 53 57 61 67 71 75 79 85 89 93 97 
 Total col=28, Total row=22
 bc#: 526
 c: 4 6 11 20 21 24 27 34 40 46 51 52 57 58 60 63 66 72 75 78 82 88 94 96 99 
 r: 7 32 2 14 17 20 25 35 38 43 50 53 56 61 68 71 74 79 86 89 92 97 
 Total col=25, Total row=22
 bc#: 527
 c: 5 6 8 11 12 14 17 20 22 28 34 40 46 52 58 60 63 66 69 72 75 78 81 84 87 90 93 99 
 r: 7 33 9 11 15 17 25 27 29 35 43 45 47 51 53 61 63 65 69 71 79 81 83 87 89 97 99 
 Total col=28, Total row=27
 bc#: 528
 c: 2 4 21 24 27 30 33 36 39 42 45 48 51 54 57 64 70 76 82 88 94 96 100 
 r: 7 34 10 12 16 17 25 28 30 35 43 46 48 52 53 61 64 66 70 71 79 82 84 88 89 97 100 
 Total col=23, Total row=27
 bc#: 529
 c: 2 4 8 11 14 17 22 28 30 39 45 46 52 58 60 66 76 81 84 87 94 100 
 r: 7 37 17 19 25 35 43 53 55 61 71 73 79 89 91 97 
 Total col=22, Total row=16
 bc#: 530
 c: 4 6 11 20 21 24 27 34 40 46 51 52 57 58 60 63 66 72 75 78 82 88 94 96 99 
 r: 7 38 2 14 17 20 25 32 35 43 50 53 56 61 68 71 74 79 86 89 92 97 
 Total col=25, Total row=22
 bc#: 531
 c: 2 5 6 8 14 17 22 28 34 36 39 40 42 45 46 48 51 54 60 66 76 82 88 93 94 96 99 100 
 r: 7 39 3 13 17 21 25 31 35 43 49 53 57 61 67 71 75 79 85 89 93 97 
 Total col=28, Total row=22
 bc#: 532
 c: 2 4 12 14 21 24 27 40 42 46 48 51 57 58 60 63 66 70 76 81 88 93 94 96 99 
 r: 7 40 4 17 22 25 35 43 53 58 61 71 76 79 89 94 97 
 Total col=25, Total row=17
 bc#: 533
 c: 5 6 8 11 17 20 22 28 30 33 34 36 39 45 52 54 64 69 72 75 78 82 84 87 90 100 
 r: 7 41 5 17 23 25 35 43 53 59 61 71 77 79 89 95 97 
 Total col=26, Total row=17
 bc#: 534
 c: 4 12 21 24 27 40 42 46 48 51 54 57 60 64 70 75 76 81 82 84 87 90 93 
 r: 7 42 6 17 24 25 35 43 53 60 61 71 78 79 89 96 97 
 Total col=23, Total row=17
 bc#: 535
 c: 5 6 8 11 12 14 17 20 22 28 34 40 46 52 58 60 63 66 69 72 75 78 81 84 87 90 93 99 
 r: 7 45 9 11 15 17 25 27 29 33 35 43 47 51 53 61 63 65 69 71 79 81 83 87 89 97 99 
 Total col=28, Total row=27
 bc#: 536
 c: 2 4 21 24 27 30 33 36 39 42 45 48 51 54 57 64 70 76 82 88 94 96 100 
 r: 7 46 10 12 16 17 25 28 30 34 35 43 48 52 53 61 64 66 70 71 79 82 84 88 89 97 100 
 Total col=23, Total row=27
 bc#: 537
 c: 5 6 8 11 12 14 17 20 22 28 34 40 46 52 58 60 63 66 69 72 75 78 81 84 87 90 93 99 
 r: 7 47 9 11 15 17 25 27 29 33 35 43 45 51 53 61 63 65 69 71 79 81 83 87 89 97 99 
 Total col=28, Total row=27
 bc#: 538
 c: 2 4 21 24 27 30 33 36 39 42 45 48 51 54 57 64 70 76 82 88 94 96 100 
 r: 7 48 10 12 16 17 25 28 30 34 35 43 46 52 53 61 64 66 70 71 79 82 84 88 89 97 100 
 Total col=23, Total row=27
 bc#: 539
 c: 2 5 6 8 14 17 22 28 34 36 39 40 42 45 46 48 51 54 60 66 76 82 88 93 94 96 99 100 
 r: 7 49 3 13 17 21 25 31 35 39 43 53 57 61 67 71 75 79 85 89 93 97 
 Total col=28, Total row=22
 bc#: 540
 c: 4 6 11 20 21 24 27 34 40 46 51 52 57 58 60 63 66 72 75 78 82 88 94 96 99 
 r: 7 50 2 14 17 20 25 32 35 38 43 53 56 61 68 71 74 79 86 89 92 97 
 Total col=25, Total row=22
 bc#: 541
 c: 5 6 8 11 12 14 17 20 22 28 34 40 46 52 58 60 63 66 69 72 75 78 81 84 87 90 93 99 
 r: 7 51 9 11 15 17 25 27 29 33 35 43 45 47 53 61 63 65 69 71 79 81 83 87 89 97 99 
 Total col=28, Total row=27
 bc#: 542
 c: 2 4 21 24 27 30 33 36 39 42 45 48 51 54 57 64 70 76 82 88 94 96 100 
 r: 7 52 10 12 16 17 25 28 30 34 35 43 46 48 53 61 64 66 70 71 79 82 84 88 89 97 100 
 Total col=23, Total row=27
 bc#: 543
 c: 2 4 8 11 14 17 22 28 30 39 45 46 52 58 60 66 76 81 84 87 94 100 
 r: 7 55 17 19 25 35 37 43 53 61 71 73 79 89 91 97 
 Total col=22, Total row=16
 bc#: 544
 c: 4 6 11 20 21 24 27 34 40 46 51 52 57 58 60 63 66 72 75 78 82 88 94 96 99 
 r: 7 56 2 14 17 20 25 32 35 38 43 50 53 61 68 71 74 79 86 89 92 97 
 Total col=25, Total row=22
 bc#: 545
 c: 2 5 6 8 14 17 22 28 34 36 39 40 42 45 46 48 51 54 60 66 76 82 88 93 94 96 99 100 
 r: 7 57 3 13 17 21 25 31 35 39 43 49 53 61 67 71 75 79 85 89 93 97 
 Total col=28, Total row=22
 bc#: 546
 c: 2 4 12 14 21 24 27 40 42 46 48 51 57 58 60 63 66 70 76 81 88 93 94 96 99 
 r: 7 58 4 17 22 25 35 40 43 53 61 71 76 79 89 94 97 
 Total col=25, Total row=17
 bc#: 547
 c: 5 6 8 11 17 20 22 28 30 33 34 36 39 45 52 54 64 69 72 75 78 82 84 87 90 100 
 r: 7 59 5 17 23 25 35 41 43 53 61 71 77 79 89 95 97 
 Total col=26, Total row=17
 bc#: 548
 c: 4 12 21 24 27 40 42 46 48 51 54 57 60 64 70 75 76 81 82 84 87 90 93 
 r: 7 60 6 17 24 25 35 42 43 53 61 71 78 79 89 96 97 
 Total col=23, Total row=17
 bc#: 549
 c: 5 6 8 11 12 14 17 20 22 28 34 40 46 52 58 60 63 66 69 72 75 78 81 84 87 90 93 99 
 r: 7 63 9 11 15 17 25 27 29 33 35 43 45 47 51 53 61 65 69 71 79 81 83 87 89 97 99 
 Total col=28, Total row=27
 bc#: 550
 c: 2 4 21 24 27 30 33 36 39 42 45 48 51 54 57 64 70 76 82 88 94 96 100 
 r: 7 64 10 12 16 17 25 28 30 34 35 43 46 48 52 53 61 66 70 71 79 82 84 88 89 97 100 
 Total col=23, Total row=27
 bc#: 551
 c: 5 6 8 11 12 14 17 20 22 28 34 40 46 52 58 60 63 66 69 72 75 78 81 84 87 90 93 99 
 r: 7 65 9 11 15 17 25 27 29 33 35 43 45 47 51 53 61 63 69 71 79 81 83 87 89 97 99 
 Total col=28, Total row=27
 bc#: 552
 c: 2 4 21 24 27 30 33 36 39 42 45 48 51 54 57 64 70 76 82 88 94 96 100 
 r: 7 66 10 12 16 17 25 28 30 34 35 43 46 48 52 53 61 64 70 71 79 82 84 88 89 97 100 
 Total col=23, Total row=27
 bc#: 553
 c: 2 5 6 8 14 17 22 28 34 36 39 40 42 45 46 48 51 54 60 66 76 82 88 93 94 96 99 100 
 r: 7 67 3 13 17 21 25 31 35 39 43 49 53 57 61 71 75 79 85 89 93 97 
 Total col=28, Total row=22
 bc#: 554
 c: 4 6 11 20 21 24 27 34 40 46 51 52 57 58 60 63 66 72 75 78 82 88 94 96 99 
 r: 7 68 2 14 17 20 25 32 35 38 43 50 53 56 61 71 74 79 86 89 92 97 
 Total col=25, Total row=22
 bc#: 555
 c: 5 6 8 11 12 14 17 20 22 28 34 40 46 52 58 60 63 66 69 72 75 78 81 84 87 90 93 99 
 r: 7 69 9 11 15 17 25 27 29 33 35 43 45 47 51 53 61 63 65 71 79 81 83 87 89 97 99 
 Total col=28, Total row=27
 bc#: 556
 c: 2 4 21 24 27 30 33 36 39 42 45 48 51 54 57 64 70 76 82 88 94 96 100 
 r: 7 70 10 12 16 17 25 28 30 34 35 43 46 48 52 53 61 64 66 71 79 82 84 88 89 97 100 
 Total col=23, Total row=27
 bc#: 557
 c: 2 4 8 11 14 17 22 28 30 39 45 46 52 58 60 66 76 81 84 87 94 100 
 r: 7 73 17 19 25 35 37 43 53 55 61 71 79 89 91 97 
 Total col=22, Total row=16
 bc#: 558
 c: 4 6 11 20 21 24 27 34 40 46 51 52 57 58 60 63 66 72 75 78 82 88 94 96 99 
 r: 7 74 2 14 17 20 25 32 35 38 43 50 53 56 61 68 71 79 86 89 92 97 
 Total col=25, Total row=22
 bc#: 559
 c: 2 5 6 8 14 17 22 28 34 36 39 40 42 45 46 48 51 54 60 66 76 82 88 93 94 96 99 100 
 r: 7 75 3 13 17 21 25 31 35 39 43 49 53 57 61 67 71 79 85 89 93 97 
 Total col=28, Total row=22
 bc#: 560
 c: 2 4 12 14 21 24 27 40 42 46 48 51 57 58 60 63 66 70 76 81 88 93 94 96 99 
 r: 7 76 4 17 22 25 35 40 43 53 58 61 71 79 89 94 97 
 Total col=25, Total row=17
 bc#: 561
 c: 5 6 8 11 17 20 22 28 30 33 34 36 39 45 52 54 64 69 72 75 78 82 84 87 90 100 
 r: 7 77 5 17 23 25 35 41 43 53 59 61 71 79 89 95 97 
 Total col=26, Total row=17
 bc#: 562
 c: 4 12 21 24 27 40 42 46 48 51 54 57 60 64 70 75 76 81 82 84 87 90 93 
 r: 7 78 6 17 24 25 35 42 43 53 60 61 71 79 89 96 97 
 Total col=23, Total row=17
 bc#: 563
 c: 5 6 8 11 12 14 17 20 22 28 34 40 46 52 58 60 63 66 69 72 75 78 81 84 87 90 93 99 
 r: 7 81 9 11 15 17 25 27 29 33 35 43 45 47 51 53 61 63 65 69 71 79 83 87 89 97 99 
 Total col=28, Total row=27
 bc#: 564
 c: 2 4 21 24 27 30 33 36 39 42 45 48 51 54 57 64 70 76 82 88 94 96 100 
 r: 7 82 10 12 16 17 25 28 30 34 35 43 46 48 52 53 61 64 66 70 71 79 84 88 89 97 100 
 Total col=23, Total row=27
 bc#: 565
 c: 5 6 8 11 12 14 17 20 22 28 34 40 46 52 58 60 63 66 69 72 75 78 81 84 87 90 93 99 
 r: 7 83 9 11 15 17 25 27 29 33 35 43 45 47 51 53 61 63 65 69 71 79 81 87 89 97 99 
 Total col=28, Total row=27
 bc#: 566
 c: 2 4 21 24 27 30 33 36 39 42 45 48 51 54 57 64 70 76 82 88 94 96 100 
 r: 7 84 10 12 16 17 25 28 30 34 35 43 46 48 52 53 61 64 66 70 71 79 82 88 89 97 100 
 Total col=23, Total row=27
 bc#: 567
 c: 2 5 6 8 14 17 22 28 34 36 39 40 42 45 46 48 51 54 60 66 76 82 88 93 94 96 99 100 
 r: 7 85 3 13 17 21 25 31 35 39 43 49 53 57 61 67 71 75 79 89 93 97 
 Total col=28, Total row=22
 bc#: 568
 c: 4 6 11 20 21 24 27 34 40 46 51 52 57 58 60 63 66 72 75 78 82 88 94 96 99 
 r: 7 86 2 14 17 20 25 32 35 38 43 50 53 56 61 68 71 74 79 89 92 97 
 Total col=25, Total row=22
 bc#: 569
 c: 5 6 8 11 12 14 17 20 22 28 34 40 46 52 58 60 63 66 69 72 75 78 81 84 87 90 93 99 
 r: 7 87 9 11 15 17 25 27 29 33 35 43 45 47 51 53 61 63 65 69 71 79 81 83 89 97 99 
 Total col=28, Total row=27
 bc#: 570
 c: 2 4 21 24 27 30 33 36 39 42 45 48 51 54 57 64 70 76 82 88 94 96 100 
 r: 7 88 10 12 16 17 25 28 30 34 35 43 46 48 52 53 61 64 66 70 71 79 82 84 89 97 100 
 Total col=23, Total row=27
 bc#: 571
 c: 2 4 8 11 14 17 22 28 30 39 45 46 52 58 60 66 76 81 84 87 94 100 
 r: 7 91 17 19 25 35 37 43 53 55 61 71 73 79 89 97 
 Total col=22, Total row=16
 bc#: 572
 c: 4 6 11 20 21 24 27 34 40 46 51 52 57 58 60 63 66 72 75 78 82 88 94 96 99 
 r: 7 92 2 14 17 20 25 32 35 38 43 50 53 56 61 68 71 74 79 86 89 97 
 Total col=25, Total row=22
 bc#: 573
 c: 2 5 6 8 14 17 22 28 34 36 39 40 42 45 46 48 51 54 60 66 76 82 88 93 94 96 99 100 
 r: 7 93 3 13 17 21 25 31 35 39 43 49 53 57 61 67 71 75 79 85 89 97 
 Total col=28, Total row=22
 bc#: 574
 c: 2 4 12 14 21 24 27 40 42 46 48 51 57 58 60 63 66 70 76 81 88 93 94 96 99 
 r: 7 94 4 17 22 25 35 40 43 53 58 61 71 76 79 89 97 
 Total col=25, Total row=17
 bc#: 575
 c: 5 6 8 11 17 20 22 28 30 33 34 36 39 45 52 54 64 69 72 75 78 82 84 87 90 100 
 r: 7 95 5 17 23 25 35 41 43 53 59 61 71 77 79 89 97 
 Total col=26, Total row=17
 bc#: 576
 c: 4 12 21 24 27 40 42 46 48 51 54 57 60 64 70 75 76 81 82 84 87 90 93 
 r: 7 96 6 17 24 25 35 42 43 53 60 61 71 78 79 89 97 
 Total col=23, Total row=17
 bc#: 577
 c: 5 6 8 11 12 14 17 20 22 28 34 40 46 52 58 60 63 66 69 72 75 78 81 84 87 90 93 99 
 r: 7 99 9 11 15 17 25 27 29 33 35 43 45 47 51 53 61 63 65 69 71 79 81 83 87 89 97 
 Total col=28, Total row=27
 bc#: 578
 c: 2 4 21 24 27 30 33 36 39 42 45 48 51 54 57 64 70 76 82 88 94 96 100 
 r: 7 100 10 12 16 17 25 28 30 34 35 43 46 48 52 53 61 64 66 70 71 79 82 84 88 89 97 
 Total col=23, Total row=27
 bc#: 579
 c: 22 25 28 31 35 37 41 47 60 63 66 69 73 75 79 81 84 93 98 
 r: 8 9 11 15 18 26 27 29 33 36 44 45 47 51 54 62 63 65 69 72 80 81 83 87 90 98 99 
 Total col=19, Total row=27
 bc#: 580
 c: 1 4 7 9 10 13 15 16 18 19 27 32 38 42 45 48 51 53 54 56 57 65 70 76 82 85 88 91 94 97 
 r: 8 10 12 16 18 26 28 30 34 36 44 46 48 52 54 62 64 66 70 72 80 82 84 88 90 98 100 
 Total col=30, Total row=27
 bc#: 581
 c: 22 25 28 31 35 37 41 47 60 63 66 69 73 75 79 81 84 93 98 
 r: 8 11 9 15 18 26 27 29 33 36 44 45 47 51 54 62 63 65 69 72 80 81 83 87 90 98 99 
 Total col=19, Total row=27
 bc#: 582
 c: 1 4 7 9 10 13 15 16 18 19 27 32 38 42 45 48 51 53 54 56 57 65 70 76 82 85 88 91 94 97 
 r: 8 12 10 16 18 26 28 30 34 36 44 46 48 52 54 62 64 66 70 72 80 82 84 88 90 98 100 
 Total col=30, Total row=27
 bc#: 583
 c: 10 13 19 22 25 28 31 42 45 48 51 53 54 56 60 65 66 73 76 79 82 85 88 91 93 94 
 r: 8 13 3 18 21 26 31 36 39 44 49 54 57 62 67 72 75 80 85 90 93 98 
 Total col=26, Total row=22
 bc#: 584
 c: 1 4 9 13 15 16 18 27 32 35 37 41 47 51 57 60 63 65 66 75 82 88 91 94 97 
 r: 8 14 2 18 20 26 32 36 38 44 50 54 56 62 68 72 74 80 86 90 92 98 
 Total col=25, Total row=22
 bc#: 585
 c: 22 25 28 31 35 37 41 47 60 63 66 69 73 75 79 81 84 93 98 
 r: 8 15 9 11 18 26 27 29 33 36 44 45 47 51 54 62 63 65 69 72 80 81 83 87 90 98 99 
 Total col=19, Total row=27
 bc#: 586
 c: 1 4 7 9 10 13 15 16 18 19 27 32 38 42 45 48 51 53 54 56 57 65 70 76 82 85 88 91 94 97 
 r: 8 16 10 12 18 26 28 30 34 36 44 46 48 52 54 62 64 66 70 72 80 82 84 88 90 98 100 
 Total col=30, Total row=27
 bc#: 587
 c: 4 7 10 16 19 22 25 28 31 32 35 38 41 45 53 60 65 66 73 76 79 81 84 94 97 
 r: 8 19 18 26 36 37 44 54 55 62 72 73 80 90 91 98 
 Total col=25, Total row=16
 bc#: 588
 c: 1 4 9 13 15 16 18 27 32 35 37 41 47 51 57 60 63 65 66 75 82 88 91 94 97 
 r: 8 20 2 14 18 26 32 36 38 44 50 54 56 62 68 72 74 80 86 90 92 98 
 Total col=25, Total row=22
 bc#: 589
 c: 10 13 19 22 25 28 31 42 45 48 51 53 54 56 60 65 66 73 76 79 82 85 88 91 93 94 
 r: 8 21 3 13 18 26 31 36 39 44 49 54 57 62 67 72 75 80 85 90 93 98 
 Total col=26, Total row=22
 bc#: 590
 c: 1 4 7 9 10 16 18 19 27 31 32 35 37 38 42 48 51 53 57 60 63 65 66 70 76 79 81 85 88 91 93 94 98 
 r: 8 22 4 18 26 36 40 44 54 58 62 72 76 80 90 94 98 
 Total col=33, Total row=17
 bc#: 591
 c: 13 15 22 25 28 41 45 47 54 56 69 73 75 82 84 97 
 r: 8 23 5 18 26 36 41 44 54 59 62 72 77 80 90 95 98 
 Total col=16, Total row=17
 bc#: 592
 c: 1 4 7 9 10 15 16 18 19 27 31 32 35 37 38 42 48 51 53 54 57 60 65 70 73 75 76 79 81 82 84 93 97 98 
 r: 8 24 6 18 26 36 42 44 54 60 62 72 78 80 90 96 98 
 Total col=34, Total row=17
 bc#: 593
 c: 22 25 28 31 35 37 41 47 60 63 66 69 73 75 79 81 84 93 98 
 r: 8 27 9 11 15 18 26 29 33 36 44 45 47 51 54 62 63 65 69 72 80 81 83 87 90 98 99 
 Total col=19, Total row=27
 bc#: 594
 c: 1 4 7 9 10 13 15 16 18 19 27 32 38 42 45 48 51 53 54 56 57 65 70 76 82 85 88 91 94 97 
 r: 8 28 10 12 16 18 26 30 34 36 44 46 48 52 54 62 64 66 70 72 80 82 84 88 90 98 100 
 Total col=30, Total row=27
 bc#: 595
 c: 22 25 28 31 35 37 41 47 60 63 66 69 73 75 79 81 84 93 98 
 r: 8 29 9 11 15 18 26 27 33 36 44 45 47 51 54 62 63 65 69 72 80 81 83 87 90 98 99 
 Total col=19, Total row=27
 bc#: 596
 c: 1 4 7 9 10 13 15 16 18 19 27 32 38 42 45 48 51 53 54 56 57 65 70 76 82 85 88 91 94 97 
 r: 8 30 10 12 16 18 26 28 34 36 44 46 48 52 54 62 64 66 70 72 80 82 84 88 90 98 100 
 Total col=30, Total row=27
 bc#: 597
 c: 10 13 19 22 25 28 31 42 45 48 51 53 54 56 60 65 66 73 76 79 82 85 88 91 93 94 
 r: 8 31 3 13 18 21 26 36 39 44 49 54 57 62 67 72 75 80 85 90 93 98 
 Total col=26, Total row=22
 bc#: 598
 c: 1 4 9 13 15 16 18 27 32 35 37 41 47 51 57 60 63 65 66 75 82 88 91 94 97 
 r: 8 32 2 14 18 20 26 36 38 44 50 54 56 62 68 72 74 80 86 90 92 98 
 Total col=25, Total row=22
 bc#: 599
 c: 22 25 28 31 35 37 41 47 60 63 66 69 73 75 79 81 84 93 98 
 r: 8 33 9 11 15 18 26 27 29 36 44 45 47 51 54 62 63 65 69 72 80 81 83 87 90 98 99 
 Total col=19, Total row=27
 bc#: 600
 c: 1 4 7 9 10 13 15 16 18 19 27 32 38 42 45 48 51 53 54 56 57 65 70 76 82 85 88 91 94 97 
 r: 8 34 10 12 16 18 26 28 30 36 44 46 48 52 54 62 64 66 70 72 80 82 84 88 90 98 100 
 Total col=30, Total row=27
 bc#: 601
 c: 4 7 10 16 19 22 25 28 31 32 35 38 41 45 53 60 65 66 73 76 79 81 84 94 97 
 r: 8 37 18 19 26 36 44 54 55 62 72 73 80 90 91 98 
 Total col=25, Total row=16
 bc#: 602
 c: 1 4 9 13 15 16 18 27 32 35 37 41 47 51 57 60 63 65 66 75 82 88 91 94 97 
 r: 8 38 2 14 18 20 26 32 36 44 50 54 56 62 68 72 74 80 86 90 92 98 
 Total col=25, Total row=22
 bc#: 603
 c: 10 13 19 22 25 28 31 42 45 48 51 53 54 56 60 65 66 73 76 79 82 85 88 91 93 94 
 r: 8 39 3 13 18 21 26 31 36 44 49 54 57 62 67 72 75 80 85 90 93 98 
 Total col=26, Total row=22
 bc#: 604
 c: 1 4 7 9 10 16 18 19 27 31 32 35 37 38 42 48 51 53 57 60 63 65 66 70 76 79 81 85 88 91 93 94 98 
 r: 8 40 4 18 22 26 36 44 54 58 62 72 76 80 90 94 98 
 Total col=33, Total row=17
 bc#: 605
 c: 13 15 22 25 28 41 45 47 54 56 69 73 75 82 84 97 
 r: 8 41 5 18 23 26 36 44 54 59 62 72 77 80 90 95 98 
 Total col=16, Total row=17
 bc#: 606
 c: 1 4 7 9 10 15 16 18 19 27 31 32 35 37 38 42 48 51 53 54 57 60 65 70 73 75 76 79 81 82 84 93 97 98 
 r: 8 42 6 18 24 26 36 44 54 60 62 72 78 80 90 96 98 
 Total col=34, Total row=17
 bc#: 607
 c: 22 25 28 31 35 37 41 47 60 63 66 69 73 75 79 81 84 93 98 
 r: 8 45 9 11 15 18 26 27 29 33 36 44 47 51 54 62 63 65 69 72 80 81 83 87 90 98 99 
 Total col=19, Total row=27
 bc#: 608
 c: 1 4 7 9 10 13 15 16 18 19 27 32 38 42 45 48 51 53 54 56 57 65 70 76 82 85 88 91 94 97 
 r: 8 46 10 12 16 18 26 28 30 34 36 44 48 52 54 62 64 66 70 72 80 82 84 88 90 98 100 
 Total col=30, Total row=27
 bc#: 609
 c: 22 25 28 31 35 37 41 47 60 63 66 69 73 75 79 81 84 93 98 
 r: 8 47 9 11 15 18 26 27 29 33 36 44 45 51 54 62 63 65 69 72 80 81 83 87 90 98 99 
 Total col=19, Total row=27
 bc#: 610
 c: 1 4 7 9 10 13 15 16 18 19 27 32 38 42 45 48 51 53 54 56 57 65 70 76 82 85 88 91 94 97 
 r: 8 48 10 12 16 18 26 28 30 34 36 44 46 52 54 62 64 66 70 72 80 82 84 88 90 98 100 
 Total col=30, Total row=27
 bc#: 611
 c: 10 13 19 22 25 28 31 42 45 48 51 53 54 56 60 65 66 73 76 79 82 85 88 91 93 94 
 r: 8 49 3 13 18 21 26 31 36 39 44 54 57 62 67 72 75 80 85 90 93 98 
 Total col=26, Total row=22
 bc#: 612
 c: 1 4 9 13 15 16 18 27 32 35 37 41 47 51 57 60 63 65 66 75 82 88 91 94 97 
 r: 8 50 2 14 18 20 26 32 36 38 44 54 56 62 68 72 74 80 86 90 92 98 
 Total col=25, Total row=22
 bc#: 613
 c: 22 25 28 31 35 37 41 47 60 63 66 69 73 75 79 81 84 93 98 
 r: 8 51 9 11 15 18 26 27 29 33 36 44 45 47 54 62 63 65 69 72 80 81 83 87 90 98 99 
 Total col=19, Total row=27
 bc#: 614
 c: 1 4 7 9 10 13 15 16 18 19 27 32 38 42 45 48 51 53 54 56 57 65 70 76 82 85 88 91 94 97 
 r: 8 52 10 12 16 18 26 28 30 34 36 44 46 48 54 62 64 66 70 72 80 82 84 88 90 98 100 
 Total col=30, Total row=27
 bc#: 615
 c: 4 7 10 16 19 22 25 28 31 32 35 38 41 45 53 60 65 66 73 76 79 81 84 94 97 
 r: 8 55 18 19 26 36 37 44 54 62 72 73 80 90 91 98 
 Total col=25, Total row=16
 bc#: 616
 c: 1 4 9 13 15 16 18 27 32 35 37 41 47 51 57 60 63 65 66 75 82 88 91 94 97 
 r: 8 56 2 14 18 20 26 32 36 38 44 50 54 62 68 72 74 80 86 90 92 98 
 Total col=25, Total row=22
 bc#: 617
 c: 10 13 19 22 25 28 31 42 45 48 51 53 54 56 60 65 66 73 76 79 82 85 88 91 93 94 
 r: 8 57 3 13 18 21 26 31 36 39 44 49 54 62 67 72 75 80 85 90 93 98 
 Total col=26, Total row=22
 bc#: 618
 c: 1 4 7 9 10 16 18 19 27 31 32 35 37 38 42 48 51 53 57 60 63 65 66 70 76 79 81 85 88 91 93 94 98 
 r: 8 58 4 18 22 26 36 40 44 54 62 72 76 80 90 94 98 
 Total col=33, Total row=17
 bc#: 619
 c: 13 15 22 25 28 41 45 47 54 56 69 73 75 82 84 97 
 r: 8 59 5 18 23 26 36 41 44 54 62 72 77 80 90 95 98 
 Total col=16, Total row=17
 bc#: 620
 c: 1 4 7 9 10 15 16 18 19 27 31 32 35 37 38 42 48 51 53 54 57 60 65 70 73 75 76 79 81 82 84 93 97 98 
 r: 8 60 6 18 24 26 36 42 44 54 62 72 78 80 90 96 98 
 Total col=34, Total row=17
 bc#: 621
 c: 22 25 28 31 35 37 41 47 60 63 66 69 73 75 79 81 84 93 98 
 r: 8 63 9 11 15 18 26 27 29 33 36 44 45 47 51 54 62 65 69 72 80 81 83 87 90 98 99 
 Total col=19, Total row=27
 bc#: 622
 c: 1 4 7 9 10 13 15 16 18 19 27 32 38 42 45 48 51 53 54 56 57 65 70 76 82 85 88 91 94 97 
 r: 8 64 10 12 16 18 26 28 30 34 36 44 46 48 52 54 62 66 70 72 80 82 84 88 90 98 100 
 Total col=30, Total row=27
 bc#: 623
 c: 22 25 28 31 35 37 41 47 60 63 66 69 73 75 79 81 84 93 98 
 r: 8 65 9 11 15 18 26 27 29 33 36 44 45 47 51 54 62 63 69 72 80 81 83 87 90 98 99 
 Total col=19, Total row=27
 bc#: 624
 c: 1 4 7 9 10 13 15 16 18 19 27 32 38 42 45 48 51 53 54 56 57 65 70 76 82 85 88 91 94 97 
 r: 8 66 10 12 16 18 26 28 30 34 36 44 46 48 52 54 62 64 70 72 80 82 84 88 90 98 100 
 Total col=30, Total row=27
 bc#: 625
 c: 10 13 19 22 25 28 31 42 45 48 51 53 54 56 60 65 66 73 76 79 82 85 88 91 93 94 
 r: 8 67 3 13 18 21 26 31 36 39 44 49 54 57 62 72 75 80 85 90 93 98 
 Total col=26, Total row=22
 bc#: 626
 c: 1 4 9 13 15 16 18 27 32 35 37 41 47 51 57 60 63 65 66 75 82 88 91 94 97 
 r: 8 68 2 14 18 20 26 32 36 38 44 50 54 56 62 72 74 80 86 90 92 98 
 Total col=25, Total row=22
 bc#: 627
 c: 22 25 28 31 35 37 41 47 60 63 66 69 73 75 79 81 84 93 98 
 r: 8 69 9 11 15 18 26 27 29 33 36 44 45 47 51 54 62 63 65 72 80 81 83 87 90 98 99 
 Total col=19, Total row=27
 bc#: 628
 c: 1 4 7 9 10 13 15 16 18 19 27 32 38 42 45 48 51 53 54 56 57 65 70 76 82 85 88 91 94 97 
 r: 8 70 10 12 16 18 26 28 30 34 36 44 46 48 52 54 62 64 66 72 80 82 84 88 90 98 100 
 Total col=30, Total row=27
 bc#: 629
 c: 4 7 10 16 19 22 25 28 31 32 35 38 41 45 53 60 65 66 73 76 79 81 84 94 97 
 r: 8 73 18 19 26 36 37 44 54 55 62 72 80 90 91 98 
 Total col=25, Total row=16
 bc#: 630
 c: 1 4 9 13 15 16 18 27 32 35 37 41 47 51 57 60 63 65 66 75 82 88 91 94 97 
 r: 8 74 2 14 18 20 26 32 36 38 44 50 54 56 62 68 72 80 86 90 92 98 
 Total col=25, Total row=22
 bc#: 631
 c: 10 13 19 22 25 28 31 42 45 48 51 53 54 56 60 65 66 73 76 79 82 85 88 91 93 94 
 r: 8 75 3 13 18 21 26 31 36 39 44 49 54 57 62 67 72 80 85 90 93 98 
 Total col=26, Total row=22
 bc#: 632
 c: 1 4 7 9 10 16 18 19 27 31 32 35 37 38 42 48 51 53 57 60 63 65 66 70 76 79 81 85 88 91 93 94 98 
 r: 8 76 4 18 22 26 36 40 44 54 58 62 72 80 90 94 98 
 Total col=33, Total row=17
 bc#: 633
 c: 13 15 22 25 28 41 45 47 54 56 69 73 75 82 84 97 
 r: 8 77 5 18 23 26 36 41 44 54 59 62 72 80 90 95 98 
 Total col=16, Total row=17
 bc#: 634
 c: 1 4 7 9 10 15 16 18 19 27 31 32 35 37 38 42 48 51 53 54 57 60 65 70 73 75 76 79 81 82 84 93 97 98 
 r: 8 78 6 18 24 26 36 42 44 54 60 62 72 80 90 96 98 
 Total col=34, Total row=17
 bc#: 635
 c: 22 25 28 31 35 37 41 47 60 63 66 69 73 75 79 81 84 93 98 
 r: 8 81 9 11 15 18 26 27 29 33 36 44 45 47 51 54 62 63 65 69 72 80 83 87 90 98 99 
 Total col=19, Total row=27
 bc#: 636
 c: 1 4 7 9 10 13 15 16 18 19 27 32 38 42 45 48 51 53 54 56 57 65 70 76 82 85 88 91 94 97 
 r: 8 82 10 12 16 18 26 28 30 34 36 44 46 48 52 54 62 64 66 70 72 80 84 88 90 98 100 
 Total col=30, Total row=27
 bc#: 637
 c: 22 25 28 31 35 37 41 47 60 63 66 69 73 75 79 81 84 93 98 
 r: 8 83 9 11 15 18 26 27 29 33 36 44 45 47 51 54 62 63 65 69 72 80 81 87 90 98 99 
 Total col=19, Total row=27
 bc#: 638
 c: 1 4 7 9 10 13 15 16 18 19 27 32 38 42 45 48 51 53 54 56 57 65 70 76 82 85 88 91 94 97 
 r: 8 84 10 12 16 18 26 28 30 34 36 44 46 48 52 54 62 64 66 70 72 80 82 88 90 98 100 
 Total col=30, Total row=27
 bc#: 639
 c: 10 13 19 22 25 28 31 42 45 48 51 53 54 56 60 65 66 73 76 79 82 85 88 91 93 94 
 r: 8 85 3 13 18 21 26 31 36 39 44 49 54 57 62 67 72 75 80 90 93 98 
 Total col=26, Total row=22
 bc#: 640
 c: 1 4 9 13 15 16 18 27 32 35 37 41 47 51 57 60 63 65 66 75 82 88 91 94 97 
 r: 8 86 2 14 18 20 26 32 36 38 44 50 54 56 62 68 72 74 80 90 92 98 
 Total col=25, Total row=22
 bc#: 641
 c: 22 25 28 31 35 37 41 47 60 63 66 69 73 75 79 81 84 93 98 
 r: 8 87 9 11 15 18 26 27 29 33 36 44 45 47 51 54 62 63 65 69 72 80 81 83 90 98 99 
 Total col=19, Total row=27
 bc#: 642
 c: 1 4 7 9 10 13 15 16 18 19 27 32 38 42 45 48 51 53 54 56 57 65 70 76 82 85 88 91 94 97 
 r: 8 88 10 12 16 18 26 28 30 34 36 44 46 48 52 54 62 64 66 70 72 80 82 84 90 98 100 
 Total col=30, Total row=27
 bc#: 643
 c: 4 7 10 16 19 22 25 28 31 32 35 38 41 45 53 60 65 66 73 76 79 81 84 94 97 
 r: 8 91 18 19 26 36 37 44 54 55 62 72 73 80 90 98 
 Total col=25, Total row=16
 bc#: 644
 c: 1 4 9 13 15 16 18 27 32 35 37 41 47 51 57 60 63 65 66 75 82 88 91 94 97 
 r: 8 92 2 14 18 20 26 32 36 38 44 50 54 56 62 68 72 74 80 86 90 98 
 Total col=25, Total row=22
 bc#: 645
 c: 10 13 19 22 25 28 31 42 45 48 51 53 54 56 60 65 66 73 76 79 82 85 88 91 93 94 
 r: 8 93 3 13 18 21 26 31 36 39 44 49 54 57 62 67 72 75 80 85 90 98 
 Total col=26, Total row=22
 bc#: 646
 c: 1 4 7 9 10 16 18 19 27 31 32 35 37 38 42 48 51 53 57 60 63 65 66 70 76 79 81 85 88 91 93 94 98 
 r: 8 94 4 18 22 26 36 40 44 54 58 62 72 76 80 90 98 
 Total col=33, Total row=17
 bc#: 647
 c: 13 15 22 25 28 41 45 47 54 56 69 73 75 82 84 97 
 r: 8 95 5 18 23 26 36 41 44 54 59 62 72 77 80 90 98 
 Total col=16, Total row=17
 bc#: 648
 c: 1 4 7 9 10 15 16 18 19 27 31 32 35 37 38 42 48 51 53 54 57 60 65 70 73 75 76 79 81 82 84 93 97 98 
 r: 8 96 6 18 24 26 36 42 44 54 60 62 72 78 80 90 98 
 Total col=34, Total row=17
 bc#: 649
 c: 22 25 28 31 35 37 41 47 60 63 66 69 73 75 79 81 84 93 98 
 r: 8 99 9 11 15 18 26 27 29 33 36 44 45 47 51 54 62 63 65 69 72 80 81 83 87 90 98 
 Total col=19, Total row=27
 bc#: 650
 c: 1 4 7 9 10 13 15 16 18 19 27 32 38 42 45 48 51 53 54 56 57 65 70 76 82 85 88 91 94 97 
 r: 8 100 10 12 16 18 26 28 30 34 36 44 46 48 52 54 62 64 66 70 72 80 82 84 88 90 98 
 Total col=30, Total row=27
 bc#: 651
 c: 5 6 8 14 17 22 23 25 28 29 31 34 40 46 60 66 73 79 93 99 
 r: 9 13 3 11 15 21 27 29 31 33 39 45 47 49 51 57 63 65 67 69 75 81 83 85 87 93 99 
 Total col=20, Total row=27
 bc#: 652
 c: 3 6 11 20 29 34 35 37 40 41 46 47 49 52 55 58 60 63 66 72 75 78 99 
 r: 9 14 2 11 15 20 27 29 32 33 38 45 47 50 51 56 63 65 68 69 74 81 83 86 87 92 99 
 Total col=23, Total row=27
 bc#: 653
 c: 5 6 8 11 12 14 17 20 22 28 34 40 46 52 58 60 63 66 69 72 75 78 81 84 87 90 93 99 
 r: 9 17 7 11 15 25 27 29 33 35 43 45 47 51 53 61 63 65 69 71 79 81 83 87 89 97 99 
 Total col=28, Total row=27
 bc#: 654
 c: 22 25 28 31 35 37 41 47 60 63 66 69 73 75 79 81 84 93 98 
 r: 9 18 8 11 15 26 27 29 33 36 44 45 47 51 54 62 63 65 69 72 80 81 83 87 90 98 99 
 Total col=19, Total row=27
 bc#: 655
 c: 8 11 14 17 22 25 28 31 35 41 43 46 49 52 55 58 60 66 73 79 81 84 87 92 95 
 r: 9 19 11 15 27 29 33 37 45 47 51 55 63 65 69 73 81 83 87 91 99 
 Total col=25, Total row=21
 bc#: 656
 c: 3 6 11 20 29 34 35 37 40 41 46 47 49 52 55 58 60 63 66 72 75 78 99 
 r: 9 20 2 11 14 15 27 29 32 33 38 45 47 50 51 56 63 65 68 69 74 81 83 86 87 92 99 
 Total col=23, Total row=27
 bc#: 657
 c: 5 6 8 14 17 22 23 25 28 29 31 34 40 46 60 66 73 79 93 99 
 r: 9 21 3 11 13 15 27 29 31 33 39 45 47 49 51 57 63 65 67 69 75 81 83 85 87 93 99 
 Total col=20, Total row=27
 bc#: 658
 c: 12 14 29 31 35 37 40 43 46 49 55 58 60 63 66 79 81 93 98 99 
 r: 9 22 4 11 15 27 29 33 40 45 47 51 58 63 65 69 76 81 83 87 94 99 
 Total col=20, Total row=22
 bc#: 659
 c: 3 5 6 8 11 17 20 22 23 25 28 34 41 47 52 61 67 69 72 73 75 78 84 87 90 92 95 
 r: 9 23 5 11 15 27 29 33 41 45 47 51 59 63 65 69 77 81 83 87 95 99 
 Total col=27, Total row=22
 bc#: 660
 c: 3 12 29 31 35 37 40 43 46 49 60 73 75 79 81 84 87 90 92 93 95 98 
 r: 9 24 6 11 15 27 29 33 42 45 47 51 60 63 65 69 78 81 83 87 96 99 
 Total col=22, Total row=22
 bc#: 661
 c: 5 6 8 11 12 14 17 20 22 28 34 40 46 52 58 60 63 66 69 72 75 78 81 84 87 90 93 99 
 r: 9 25 7 11 15 17 27 29 33 35 43 45 47 51 53 61 63 65 69 71 79 81 83 87 89 97 99 
 Total col=28, Total row=27
 bc#: 662
 c: 22 25 28 31 35 37 41 47 60 63 66 69 73 75 79 81 84 93 98 
 r: 9 26 8 11 15 18 27 29 33 36 44 45 47 51 54 62 63 65 69 72 80 81 83 87 90 98 99 
 Total col=19, Total row=27
 bc#: 663
 c: 5 6 8 14 17 22 23 25 28 29 31 34 40 46 60 66 73 79 93 99 
 r: 9 31 3 11 13 15 21 27 29 33 39 45 47 49 51 57 63 65 67 69 75 81 83 85 87 93 99 
 Total col=20, Total row=27
 bc#: 664
 c: 3 6 11 20 29 34 35 37 40 41 46 47 49 52 55 58 60 63 66 72 75 78 99 
 r: 9 32 2 11 14 15 20 27 29 33 38 45 47 50 51 56 63 65 68 69 74 81 83 86 87 92 99 
 Total col=23, Total row=27
 bc#: 665
 c: 5 6 8 11 12 14 17 20 22 28 34 40 46 52 58 60 63 66 69 72 75 78 81 84 87 90 93 99 
 r: 9 35 7 11 15 17 25 27 29 33 43 45 47 51 53 61 63 65 69 71 79 81 83 87 89 97 99 
 Total col=28, Total row=27
 bc#: 666
 c: 22 25 28 31 35 37 41 47 60 63 66 69 73 75 79 81 84 93 98 
 r: 9 36 8 11 15 18 26 27 29 33 44 45 47 51 54 62 63 65 69 72 80 81 83 87 90 98 99 
 Total col=19, Total row=27
 bc#: 667
 c: 8 11 14 17 22 25 28 31 35 41 43 46 49 52 55 58 60 66 73 79 81 84 87 92 95 
 r: 9 37 11 15 19 27 29 33 45 47 51 55 63 65 69 73 81 83 87 91 99 
 Total col=25, Total row=21
 bc#: 668
 c: 3 6 11 20 29 34 35 37 40 41 46 47 49 52 55 58 60 63 66 72 75 78 99 
 r: 9 38 2 11 14 15 20 27 29 32 33 45 47 50 51 56 63 65 68 69 74 81 83 86 87 92 99 
 Total col=23, Total row=27
 bc#: 669
 c: 5 6 8 14 17 22 23 25 28 29 31 34 40 46 60 66 73 79 93 99 
 r: 9 39 3 11 13 15 21 27 29 31 33 45 47 49 51 57 63 65 67 69 75 81 83 85 87 93 99 
 Total col=20, Total row=27
 bc#: 670
 c: 12 14 29 31 35 37 40 43 46 49 55 58 60 63 66 79 81 93 98 99 
 r: 9 40 4 11 15 22 27 29 33 45 47 51 58 63 65 69 76 81 83 87 94 99 
 Total col=20, Total row=22
 bc#: 671
 c: 3 5 6 8 11 17 20 22 23 25 28 34 41 47 52 61 67 69 72 73 75 78 84 87 90 92 95 
 r: 9 41 5 11 15 23 27 29 33 45 47 51 59 63 65 69 77 81 83 87 95 99 
 Total col=27, Total row=22
 bc#: 672
 c: 3 12 29 31 35 37 40 43 46 49 60 73 75 79 81 84 87 90 92 93 95 98 
 r: 9 42 6 11 15 24 27 29 33 45 47 51 60 63 65 69 78 81 83 87 96 99 
 Total col=22, Total row=22
 bc#: 673
 c: 5 6 8 11 12 14 17 20 22 28 34 40 46 52 58 60 63 66 69 72 75 78 81 84 87 90 93 99 
 r: 9 43 7 11 15 17 25 27 29 33 35 45 47 51 53 61 63 65 69 71 79 81 83 87 89 97 99 
 Total col=28, Total row=27
 bc#: 674
 c: 22 25 28 31 35 37 41 47 60 63 66 69 73 75 79 81 84 93 98 
 r: 9 44 8 11 15 18 26 27 29 33 36 45 47 51 54 62 63 65 69 72 80 81 83 87 90 98 99 
 Total col=19, Total row=27
 bc#: 675
 c: 5 6 8 14 17 22 23 25 28 29 31 34 40 46 60 66 73 79 93 99 
 r: 9 49 3 11 13 15 21 27 29 31 33 39 45 47 51 57 63 65 67 69 75 81 83 85 87 93 99 
 Total col=20, Total row=27
 bc#: 676
 c: 3 6 11 20 29 34 35 37 40 41 46 47 49 52 55 58 60 63 66 72 75 78 99 
 r: 9 50 2 11 14 15 20 27 29 32 33 38 45 47 51 56 63 65 68 69 74 81 83 86 87 92 99 
 Total col=23, Total row=27
 bc#: 677
 c: 5 6 8 11 12 14 17 20 22 28 34 40 46 52 58 60 63 66 69 72 75 78 81 84 87 90 93 99 
 r: 9 53 7 11 15 17 25 27 29 33 35 43 45 47 51 61 63 65 69 71 79 81 83 87 89 97 99 
 Total col=28, Total row=27
 bc#: 678
 c: 22 25 28 31 35 37 41 47 60 63 66 69 73 75 79 81 84 93 98 
 r: 9 54 8 11 15 18 26 27 29 33 36 44 45 47 51 62 63 65 69 72 80 81 83 87 90 98 99 
 Total col=19, Total row=27
 bc#: 679
 c: 8 11 14 17 22 25 28 31 35 41 43 46 49 52 55 58 60 66 73 79 81 84 87 92 95 
 r: 9 55 11 15 19 27 29 33 37 45 47 51 63 65 69 73 81 83 87 91 99 
 Total col=25, Total row=21
 bc#: 680
 c: 3 6 11 20 29 34 35 37 40 41 46 47 49 52 55 58 60 63 66 72 75 78 99 
 r: 9 56 2 11 14 15 20 27 29 32 33 38 45 47 50 51 63 65 68 69 74 81 83 86 87 92 99 
 Total col=23, Total row=27
 bc#: 681
 c: 5 6 8 14 17 22 23 25 28 29 31 34 40 46 60 66 73 79 93 99 
 r: 9 57 3 11 13 15 21 27 29 31 33 39 45 47 49 51 63 65 67 69 75 81 83 85 87 93 99 
 Total col=20, Total row=27
 bc#: 682
 c: 12 14 29 31 35 37 40 43 46 49 55 58 60 63 66 79 81 93 98 99 
 r: 9 58 4 11 15 22 27 29 33 40 45 47 51 63 65 69 76 81 83 87 94 99 
 Total col=20, Total row=22
 bc#: 683
 c: 3 5 6 8 11 17 20 22 23 25 28 34 41 47 52 61 67 69 72 73 75 78 84 87 90 92 95 
 r: 9 59 5 11 15 23 27 29 33 41 45 47 51 63 65 69 77 81 83 87 95 99 
 Total col=27, Total row=22
 bc#: 684
 c: 3 12 29 31 35 37 40 43 46 49 60 73 75 79 81 84 87 90 92 93 95 98 
 r: 9 60 6 11 15 24 27 29 33 42 45 47 51 63 65 69 78 81 83 87 96 99 
 Total col=22, Total row=22
 bc#: 685
 c: 5 6 8 11 12 14 17 20 22 28 34 40 46 52 58 60 63 66 69 72 75 78 81 84 87 90 93 99 
 r: 9 61 7 11 15 17 25 27 29 33 35 43 45 47 51 53 63 65 69 71 79 81 83 87 89 97 99 
 Total col=28, Total row=27
 bc#: 686
 c: 22 25 28 31 35 37 41 47 60 63 66 69 73 75 79 81 84 93 98 
 r: 9 62 8 11 15 18 26 27 29 33 36 44 45 47 51 54 63 65 69 72 80 81 83 87 90 98 99 
 Total col=19, Total row=27
 bc#: 687
 c: 5 6 8 14 17 22 23 25 28 29 31 34 40 46 60 66 73 79 93 99 
 r: 9 67 3 11 13 15 21 27 29 31 33 39 45 47 49 51 57 63 65 69 75 81 83 85 87 93 99 
 Total col=20, Total row=27
 bc#: 688
 c: 3 6 11 20 29 34 35 37 40 41 46 47 49 52 55 58 60 63 66 72 75 78 99 
 r: 9 68 2 11 14 15 20 27 29 32 33 38 45 47 50 51 56 63 65 69 74 81 83 86 87 92 99 
 Total col=23, Total row=27
 bc#: 689
 c: 5 6 8 11 12 14 17 20 22 28 34 40 46 52 58 60 63 66 69 72 75 78 81 84 87 90 93 99 
 r: 9 71 7 11 15 17 25 27 29 33 35 43 45 47 51 53 61 63 65 69 79 81 83 87 89 97 99 
 Total col=28, Total row=27
 bc#: 690
 c: 22 25 28 31 35 37 41 47 60 63 66 69 73 75 79 81 84 93 98 
 r: 9 72 8 11 15 18 26 27 29 33 36 44 45 47 51 54 62 63 65 69 80 81 83 87 90 98 99 
 Total col=19, Total row=27
 bc#: 691
 c: 8 11 14 17 22 25 28 31 35 41 43 46 49 52 55 58 60 66 73 79 81 84 87 92 95 
 r: 9 73 11 15 19 27 29 33 37 45 47 51 55 63 65 69 81 83 87 91 99 
 Total col=25, Total row=21
 bc#: 692
 c: 3 6 11 20 29 34 35 37 40 41 46 47 49 52 55 58 60 63 66 72 75 78 99 
 r: 9 74 2 11 14 15 20 27 29 32 33 38 45 47 50 51 56 63 65 68 69 81 83 86 87 92 99 
 Total col=23, Total row=27
 bc#: 693
 c: 5 6 8 14 17 22 23 25 28 29 31 34 40 46 60 66 73 79 93 99 
 r: 9 75 3 11 13 15 21 27 29 31 33 39 45 47 49 51 57 63 65 67 69 81 83 85 87 93 99 
 Total col=20, Total row=27
 bc#: 694
 c: 12 14 29 31 35 37 40 43 46 49 55 58 60 63 66 79 81 93 98 99 
 r: 9 76 4 11 15 22 27 29 33 40 45 47 51 58 63 65 69 81 83 87 94 99 
 Total col=20, Total row=22
 bc#: 695
 c: 3 5 6 8 11 17 20 22 23 25 28 34 41 47 52 61 67 69 72 73 75 78 84 87 90 92 95 
 r: 9 77 5 11 15 23 27 29 33 41 45 47 51 59 63 65 69 81 83 87 95 99 
 Total col=27, Total row=22
 bc#: 696
 c: 3 12 29 31 35 37 40 43 46 49 60 73 75 79 81 84 87 90 92 93 95 98 
 r: 9 78 6 11 15 24 27 29 33 42 45 47 51 60 63 65 69 81 83 87 96 99 
 Total col=22, Total row=22
 bc#: 697
 c: 5 6 8 11 12 14 17 20 22 28 34 40 46 52 58 60 63 66 69 72 75 78 81 84 87 90 93 99 
 r: 9 79 7 11 15 17 25 27 29 33 35 43 45 47 51 53 61 63 65 69 71 81 83 87 89 97 99 
 Total col=28, Total row=27
 bc#: 698
 c: 22 25 28 31 35 37 41 47 60 63 66 69 73 75 79 81 84 93 98 
 r: 9 80 8 11 15 18 26 27 29 33 36 44 45 47 51 54 62 63 65 69 72 81 83 87 90 98 99 
 Total col=19, Total row=27
 bc#: 699
 c: 5 6 8 14 17 22 23 25 28 29 31 34 40 46 60 66 73 79 93 99 
 r: 9 85 3 11 13 15 21 27 29 31 33 39 45 47 49 51 57 63 65 67 69 75 81 83 87 93 99 
 Total col=20, Total row=27
 bc#: 700
 c: 3 6 11 20 29 34 35 37 40 41 46 47 49 52 55 58 60 63 66 72 75 78 99 
 r: 9 86 2 11 14 15 20 27 29 32 33 38 45 47 50 51 56 63 65 68 69 74 81 83 87 92 99 
 Total col=23, Total row=27
 bc#: 701
 c: 5 6 8 11 12 14 17 20 22 28 34 40 46 52 58 60 63 66 69 72 75 78 81 84 87 90 93 99 
 r: 9 89 7 11 15 17 25 27 29 33 35 43 45 47 51 53 61 63 65 69 71 79 81 83 87 97 99 
 Total col=28, Total row=27
 bc#: 702
 c: 22 25 28 31 35 37 41 47 60 63 66 69 73 75 79 81 84 93 98 
 r: 9 90 8 11 15 18 26 27 29 33 36 44 45 47 51 54 62 63 65 69 72 80 81 83 87 98 99 
 Total col=19, Total row=27
 bc#: 703
 c: 8 11 14 17 22 25 28 31 35 41 43 46 49 52 55 58 60 66 73 79 81 84 87 92 95 
 r: 9 91 11 15 19 27 29 33 37 45 47 51 55 63 65 69 73 81 83 87 99 
 Total col=25, Total row=21
 bc#: 704
 c: 3 6 11 20 29 34 35 37 40 41 46 47 49 52 55 58 60 63 66 72 75 78 99 
 r: 9 92 2 11 14 15 20 27 29 32 33 38 45 47 50 51 56 63 65 68 69 74 81 83 86 87 99 
 Total col=23, Total row=27
 bc#: 705
 c: 5 6 8 14 17 22 23 25 28 29 31 34 40 46 60 66 73 79 93 99 
 r: 9 93 3 11 13 15 21 27 29 31 33 39 45 47 49 51 57 63 65 67 69 75 81 83 85 87 99 
 Total col=20, Total row=27
 bc#: 706
 c: 12 14 29 31 35 37 40 43 46 49 55 58 60 63 66 79 81 93 98 99 
 r: 9 94 4 11 15 22 27 29 33 40 45 47 51 58 63 65 69 76 81 83 87 99 
 Total col=20, Total row=22
 bc#: 707
 c: 3 5 6 8 11 17 20 22 23 25 28 34 41 47 52 61 67 69 72 73 75 78 84 87 90 92 95 
 r: 9 95 5 11 15 23 27 29 33 41 45 47 51 59 63 65 69 77 81 83 87 99 
 Total col=27, Total row=22
 bc#: 708
 c: 3 12 29 31 35 37 40 43 46 49 60 73 75 79 81 84 87 90 92 93 95 98 
 r: 9 96 6 11 15 24 27 29 33 42 45 47 51 60 63 65 69 78 81 83 87 99 
 Total col=22, Total row=22
 bc#: 709
 c: 5 6 8 11 12 14 17 20 22 28 34 40 46 52 58 60 63 66 69 72 75 78 81 84 87 90 93 99 
 r: 9 97 7 11 15 17 25 27 29 33 35 43 45 47 51 53 61 63 65 69 71 79 81 83 87 89 99 
 Total col=28, Total row=27
 bc#: 710
 c: 22 25 28 31 35 37 41 47 60 63 66 69 73 75 79 81 84 93 98 
 r: 9 98 8 11 15 18 26 27 29 33 36 44 45 47 51 54 62 63 65 69 72 80 81 83 87 90 99 
 Total col=19, Total row=27
 bc#: 711
 c: 1 2 4 7 9 10 13 15 16 18 19 21 24 26 27 30 32 33 36 38 39 42 44 45 48 50 51 53 54 56 57 59 62 64 65 68 70 71 74 76 77 80 82 83 85 86 88 89 91 94 96 97 100 
 r: 10 12 16 28 30 34 46 48 52 64 66 70 82 84 88 100 
 Total col=53, Total row=16
 bc#: 712
 c: 2 10 13 19 36 39 42 45 48 51 53 54 56 59 62 65 68 71 74 76 80 82 85 86 88 91 94 96 100 
 r: 10 13 3 12 16 21 28 30 31 34 39 46 48 49 52 57 64 66 67 70 75 82 84 85 88 93 100 
 Total col=29, Total row=27
 bc#: 713
 c: 1 4 9 13 15 16 18 21 24 26 27 32 44 51 57 65 68 71 77 80 82 83 86 88 89 91 94 96 97 
 r: 10 14 2 12 16 20 28 30 32 34 38 46 48 50 52 56 64 66 68 70 74 82 84 86 88 92 100 
 Total col=29, Total row=27
 bc#: 714
 c: 1 2 4 7 9 10 13 15 16 18 19 21 24 26 27 30 32 33 36 38 39 42 44 45 48 50 51 53 54 56 57 59 62 64 65 68 70 71 74 76 77 80 82 83 85 86 88 89 91 94 96 97 100 
 r: 10 16 12 28 30 34 46 48 52 64 66 70 82 84 88 100 
 Total col=53, Total row=16
 bc#: 715
 c: 2 4 21 24 27 30 33 36 39 42 45 48 51 54 57 64 70 76 82 88 94 96 100 
 r: 10 17 7 12 16 25 28 30 34 35 43 46 48 52 53 61 64 66 70 71 79 82 84 88 89 97 100 
 Total col=23, Total row=27
 bc#: 716
 c: 1 4 7 9 10 13 15 16 18 19 27 32 38 42 45 48 51 53 54 56 57 65 70 76 82 85 88 91 94 97 
 r: 10 18 8 12 16 26 28 30 34 36 44 46 48 52 54 62 64 66 70 72 80 82 84 88 90 98 100 
 Total col=30, Total row=27
 bc#: 717
 c: 2 4 7 10 16 19 26 30 32 38 39 45 53 59 62 65 68 71 74 76 80 86 89 94 97 100 
 r: 10 19 12 16 28 30 34 37 46 48 52 55 64 66 70 73 82 84 88 91 100 
 Total col=26, Total row=21
 bc#: 718
 c: 1 4 9 13 15 16 18 21 24 26 27 32 44 51 57 65 68 71 77 80 82 83 86 88 89 91 94 96 97 
 r: 10 20 2 12 14 16 28 30 32 34 38 46 48 50 52 56 64 66 68 70 74 82 84 86 88 92 100 
 Total col=29, Total row=27
 bc#: 719
 c: 2 10 13 19 36 39 42 45 48 51 53 54 56 59 62 65 68 71 74 76 80 82 85 86 88 91 94 96 100 
 r: 10 21 3 12 13 16 28 30 31 34 39 46 48 49 52 57 64 66 67 70 75 82 84 85 88 93 100 
 Total col=29, Total row=27
 bc#: 720
 c: 13 15 30 33 36 39 44 45 50 54 56 59 62 64 80 82 89 97 100 
 r: 10 23 5 12 16 28 30 34 41 46 48 52 59 64 66 70 77 82 84 88 95 100 
 Total col=19, Total row=22
 bc#: 721
 c: 1 4 7 9 10 15 16 18 19 21 24 26 27 32 38 42 48 51 53 54 57 59 62 64 65 68 70 71 76 82 86 97 
 r: 10 24 6 12 16 28 30 34 42 46 48 52 60 64 66 70 78 82 84 88 96 100 
 Total col=32, Total row=22
 bc#: 722
 c: 2 4 21 24 27 30 33 36 39 42 45 48 51 54 57 64 70 76 82 88 94 96 100 
 r: 10 25 7 12 16 17 28 30 34 35 43 46 48 52 53 61 64 66 70 71 79 82 84 88 89 97 100 
 Total col=23, Total row=27
 bc#: 723
 c: 1 4 7 9 10 13 15 16 18 19 27 32 38 42 45 48 51 53 54 56 57 65 70 76 82 85 88 91 94 97 
 r: 10 26 8 12 16 18 28 30 34 36 44 46 48 52 54 62 64 66 70 72 80 82 84 88 90 98 100 
 Total col=30, Total row=27
 bc#: 724
 c: 1 2 4 7 9 10 13 15 16 18 19 21 24 26 27 30 32 33 36 38 39 42 44 45 48 50 51 53 54 56 57 59 62 64 65 68 70 71 74 76 77 80 82 83 85 86 88 89 91 94 96 97 100 
 r: 10 28 12 16 30 34 46 48 52 64 66 70 82 84 88 100 
 Total col=53, Total row=16
 bc#: 725
 c: 1 2 4 7 9 10 13 15 16 18 19 21 24 26 27 30 32 33 36 38 39 42 44 45 48 50 51 53 54 56 57 59 62 64 65 68 70 71 74 76 77 80 82 83 85 86 88 89 91 94 96 97 100 
 r: 10 30 12 16 28 34 46 48 52 64 66 70 82 84 88 100 
 Total col=53, Total row=16
 bc#: 726
 c: 2 10 13 19 36 39 42 45 48 51 53 54 56 59 62 65 68 71 74 76 80 82 85 86 88 91 94 96 100 
 r: 10 31 3 12 13 16 21 28 30 34 39 46 48 49 52 57 64 66 67 70 75 82 84 85 88 93 100 
 Total col=29, Total row=27
 bc#: 727
 c: 1 4 9 13 15 16 18 21 24 26 27 32 44 51 57 65 68 71 77 80 82 83 86 88 89 91 94 96 97 
 r: 10 32 2 12 14 16 20 28 30 34 38 46 48 50 52 56 64 66 68 70 74 82 84 86 88 92 100 
 Total col=29, Total row=27
 bc#: 728
 c: 1 2 4 7 9 10 13 15 16 18 19 21 24 26 27 30 32 33 36 38 39 42 44 45 48 50 51 53 54 56 57 59 62 64 65 68 70 71 74 76 77 80 82 83 85 86 88 89 91 94 96 97 100 
 r: 10 34 12 16 28 30 46 48 52 64 66 70 82 84 88 100 
 Total col=53, Total row=16
 bc#: 729
 c: 2 4 21 24 27 30 33 36 39 42 45 48 51 54 57 64 70 76 82 88 94 96 100 
 r: 10 35 7 12 16 17 25 28 30 34 43 46 48 52 53 61 64 66 70 71 79 82 84 88 89 97 100 
 Total col=23, Total row=27
 bc#: 730
 c: 1 4 7 9 10 13 15 16 18 19 27 32 38 42 45 48 51 53 54 56 57 65 70 76 82 85 88 91 94 97 
 r: 10 36 8 12 16 18 26 28 30 34 44 46 48 52 54 62 64 66 70 72 80 82 84 88 90 98 100 
 Total col=30, Total row=27
 bc#: 731
 c: 2 4 7 10 16 19 26 30 32 38 39 45 53 59 62 65 68 71 74 76 80 86 89 94 97 100 
 r: 10 37 12 16 19 28 30 34 46 48 52 55 64 66 70 73 82 84 88 91 100 
 Total col=26, Total row=21
 bc#: 732
 c: 1 4 9 13 15 16 18 21 24 26 27 32 44 51 57 65 68 71 77 80 82 83 86 88 89 91 94 96 97 
 r: 10 38 2 12 14 16 20 28 30 32 34 46 48 50 52 56 64 66 68 70 74 82 84 86 88 92 100 
 Total col=29, Total row=27
 bc#: 733
 c: 2 10 13 19 36 39 42 45 48 51 53 54 56 59 62 65 68 71 74 76 80 82 85 86 88 91 94 96 100 
 r: 10 39 3 12 13 16 21 28 30 31 34 46 48 49 52 57 64 66 67 70 75 82 84 85 88 93 100 
 Total col=29, Total row=27
 bc#: 734
 c: 13 15 30 33 36 39 44 45 50 54 56 59 62 64 80 82 89 97 100 
 r: 10 41 5 12 16 23 28 30 34 46 48 52 59 64 66 70 77 82 84 88 95 100 
 Total col=19, Total row=22
 bc#: 735
 c: 1 4 7 9 10 15 16 18 19 21 24 26 27 32 38 42 48 51 53 54 57 59 62 64 65 68 70 71 76 82 86 97 
 r: 10 42 6 12 16 24 28 30 34 46 48 52 60 64 66 70 78 82 84 88 96 100 
 Total col=32, Total row=22
 bc#: 736
 c: 2 4 21 24 27 30 33 36 39 42 45 48 51 54 57 64 70 76 82 88 94 96 100 
 r: 10 43 7 12 16 17 25 28 30 34 35 46 48 52 53 61 64 66 70 71 79 82 84 88 89 97 100 
 Total col=23, Total row=27
 bc#: 737
 c: 1 4 7 9 10 13 15 16 18 19 27 32 38 42 45 48 51 53 54 56 57 65 70 76 82 85 88 91 94 97 
 r: 10 44 8 12 16 18 26 28 30 34 36 46 48 52 54 62 64 66 70 72 80 82 84 88 90 98 100 
 Total col=30, Total row=27
 bc#: 738
 c: 1 2 4 7 9 10 13 15 16 18 19 21 24 26 27 30 32 33 36 38 39 42 44 45 48 50 51 53 54 56 57 59 62 64 65 68 70 71 74 76 77 80 82 83 85 86 88 89 91 94 96 97 100 
 r: 10 46 12 16 28 30 34 48 52 64 66 70 82 84 88 100 
 Total col=53, Total row=16
 bc#: 739
 c: 1 2 4 7 9 10 13 15 16 18 19 21 24 26 27 30 32 33 36 38 39 42 44 45 48 50 51 53 54 56 57 59 62 64 65 68 70 71 74 76 77 80 82 83 85 86 88 89 91 94 96 97 100 
 r: 10 48 12 16 28 30 34 46 52 64 66 70 82 84 88 100 
 Total col=53, Total row=16
 bc#: 740
 c: 2 10 13 19 36 39 42 45 48 51 53 54 56 59 62 65 68 71 74 76 80 82 85 86 88 91 94 96 100 
 r: 10 49 3 12 13 16 21 28 30 31 34 39 46 48 52 57 64 66 67 70 75 82 84 85 88 93 100 
 Total col=29, Total row=27
 bc#: 741
 c: 1 4 9 13 15 16 18 21 24 26 27 32 44 51 57 65 68 71 77 80 82 83 86 88 89 91 94 96 97 
 r: 10 50 2 12 14 16 20 28 30 32 34 38 46 48 52 56 64 66 68 70 74 82 84 86 88 92 100 
 Total col=29, Total row=27
 bc#: 742
 c: 1 2 4 7 9 10 13 15 16 18 19 21 24 26 27 30 32 33 36 38 39 42 44 45 48 50 51 53 54 56 57 59 62 64 65 68 70 71 74 76 77 80 82 83 85 86 88 89 91 94 96 97 100 
 r: 10 52 12 16 28 30 34 46 48 64 66 70 82 84 88 100 
 Total col=53, Total row=16
 bc#: 743
 c: 2 4 21 24 27 30 33 36 39 42 45 48 51 54 57 64 70 76 82 88 94 96 100 
 r: 10 53 7 12 16 17 25 28 30 34 35 43 46 48 52 61 64 66 70 71 79 82 84 88 89 97 100 
 Total col=23, Total row=27
 bc#: 744
 c: 1 4 7 9 10 13 15 16 18 19 27 32 38 42 45 48 51 53 54 56 57 65 70 76 82 85 88 91 94 97 
 r: 10 54 8 12 16 18 26 28 30 34 36 44 46 48 52 62 64 66 70 72 80 82 84 88 90 98 100 
 Total col=30, Total row=27
 bc#: 745
 c: 2 4 7 10 16 19 26 30 32 38 39 45 53 59 62 65 68 71 74 76 80 86 89 94 97 100 
 r: 10 55 12 16 19 28 30 34 37 46 48 52 64 66 70 73 82 84 88 91 100 
 Total col=26, Total row=21
 bc#: 746
 c: 1 4 9 13 15 16 18 21 24 26 27 32 44 51 57 65 68 71 77 80 82 83 86 88 89 91 94 96 97 
 r: 10 56 2 12 14 16 20 28 30 32 34 38 46 48 50 52 64 66 68 70 74 82 84 86 88 92 100 
 Total col=29, Total row=27
 bc#: 747
 c: 2 10 13 19 36 39 42 45 48 51 53 54 56 59 62 65 68 71 74 76 80 82 85 86 88 91 94 96 100 
 r: 10 57 3 12 13 16 21 28 30 31 34 39 46 48 49 52 64 66 67 70 75 82 84 85 88 93 100 
 Total col=29, Total row=27
 bc#: 748
 c: 13 15 30 33 36 39 44 45 50 54 56 59 62 64 80 82 89 97 100 
 r: 10 59 5 12 16 23 28 30 34 41 46 48 52 64 66 70 77 82 84 88 95 100 
 Total col=19, Total row=22
 bc#: 749
 c: 1 4 7 9 10 15 16 18 19 21 24 26 27 32 38 42 48 51 53 54 57 59 62 64 65 68 70 71 76 82 86 97 
 r: 10 60 6 12 16 24 28 30 34 42 46 48 52 64 66 70 78 82 84 88 96 100 
 Total col=32, Total row=22
 bc#: 750
 c: 2 4 21 24 27 30 33 36 39 42 45 48 51 54 57 64 70 76 82 88 94 96 100 
 r: 10 61 7 12 16 17 25 28 30 34 35 43 46 48 52 53 64 66 70 71 79 82 84 88 89 97 100 
 Total col=23, Total row=27
 bc#: 751
 c: 1 4 7 9 10 13 15 16 18 19 27 32 38 42 45 48 51 53 54 56 57 65 70 76 82 85 88 91 94 97 
 r: 10 62 8 12 16 18 26 28 30 34 36 44 46 48 52 54 64 66 70 72 80 82 84 88 90 98 100 
 Total col=30, Total row=27
 bc#: 752
 c: 1 2 4 7 9 10 13 15 16 18 19 21 24 26 27 30 32 33 36 38 39 42 44 45 48 50 51 53 54 56 57 59 62 64 65 68 70 71 74 76 77 80 82 83 85 86 88 89 91 94 96 97 100 
 r: 10 64 12 16 28 30 34 46 48 52 66 70 82 84 88 100 
 Total col=53, Total row=16
 bc#: 753
 c: 1 2 4 7 9 10 13 15 16 18 19 21 24 26 27 30 32 33 36 38 39 42 44 45 48 50 51 53 54 56 57 59 62 64 65 68 70 71 74 76 77 80 82 83 85 86 88 89 91 94 96 97 100 
 r: 10 66 12 16 28 30 34 46 48 52 64 70 82 84 88 100 
 Total col=53, Total row=16
 bc#: 754
 c: 2 10 13 19 36 39 42 45 48 51 53 54 56 59 62 65 68 71 74 76 80 82 85 86 88 91 94 96 100 
 r: 10 67 3 12 13 16 21 28 30 31 34 39 46 48 49 52 57 64 66 70 75 82 84 85 88 93 100 
 Total col=29, Total row=27
 bc#: 755
 c: 1 4 9 13 15 16 18 21 24 26 27 32 44 51 57 65 68 71 77 80 82 83 86 88 89 91 94 96 97 
 r: 10 68 2 12 14 16 20 28 30 32 34 38 46 48 50 52 56 64 66 70 74 82 84 86 88 92 100 
 Total col=29, Total row=27
 bc#: 756
 c: 1 2 4 7 9 10 13 15 16 18 19 21 24 26 27 30 32 33 36 38 39 42 44 45 48 50 51 53 54 56 57 59 62 64 65 68 70 71 74 76 77 80 82 83 85 86 88 89 91 94 96 97 100 
 r: 10 70 12 16 28 30 34 46 48 52 64 66 82 84 88 100 
 Total col=53, Total row=16
 bc#: 757
 c: 2 4 21 24 27 30 33 36 39 42 45 48 51 54 57 64 70 76 82 88 94 96 100 
 r: 10 71 7 12 16 17 25 28 30 34 35 43 46 48 52 53 61 64 66 70 79 82 84 88 89 97 100 
 Total col=23, Total row=27
 bc#: 758
 c: 1 4 7 9 10 13 15 16 18 19 27 32 38 42 45 48 51 53 54 56 57 65 70 76 82 85 88 91 94 97 
 r: 10 72 8 12 16 18 26 28 30 34 36 44 46 48 52 54 62 64 66 70 80 82 84 88 90 98 100 
 Total col=30, Total row=27
 bc#: 759
 c: 2 4 7 10 16 19 26 30 32 38 39 45 53 59 62 65 68 71 74 76 80 86 89 94 97 100 
 r: 10 73 12 16 19 28 30 34 37 46 48 52 55 64 66 70 82 84 88 91 100 
 Total col=26, Total row=21
 bc#: 760
 c: 1 4 9 13 15 16 18 21 24 26 27 32 44 51 57 65 68 71 77 80 82 83 86 88 89 91 94 96 97 
 r: 10 74 2 12 14 16 20 28 30 32 34 38 46 48 50 52 56 64 66 68 70 82 84 86 88 92 100 
 Total col=29, Total row=27
 bc#: 761
 c: 2 10 13 19 36 39 42 45 48 51 53 54 56 59 62 65 68 71 74 76 80 82 85 86 88 91 94 96 100 
 r: 10 75 3 12 13 16 21 28 30 31 34 39 46 48 49 52 57 64 66 67 70 82 84 85 88 93 100 
 Total col=29, Total row=27
 bc#: 762
 c: 13 15 30 33 36 39 44 45 50 54 56 59 62 64 80 82 89 97 100 
 r: 10 77 5 12 16 23 28 30 34 41 46 48 52 59 64 66 70 82 84 88 95 100 
 Total col=19, Total row=22
 bc#: 763
 c: 1 4 7 9 10 15 16 18 19 21 24 26 27 32 38 42 48 51 53 54 57 59 62 64 65 68 70 71 76 82 86 97 
 r: 10 78 6 12 16 24 28 30 34 42 46 48 52 60 64 66 70 82 84 88 96 100 
 Total col=32, Total row=22
 bc#: 764
 c: 2 4 21 24 27 30 33 36 39 42 45 48 51 54 57 64 70 76 82 88 94 96 100 
 r: 10 79 7 12 16 17 25 28 30 34 35 43 46 48 52 53 61 64 66 70 71 82 84 88 89 97 100 
 Total col=23, Total row=27
 bc#: 765
 c: 1 4 7 9 10 13 15 16 18 19 27 32 38 42 45 48 51 53 54 56 57 65 70 76 82 85 88 91 94 97 
 r: 10 80 8 12 16 18 26 28 30 34 36 44 46 48 52 54 62 64 66 70 72 82 84 88 90 98 100 
 Total col=30, Total row=27
 bc#: 766
 c: 1 2 4 7 9 10 13 15 16 18 19 21 24 26 27 30 32 33 36 38 39 42 44 45 48 50 51 53 54 56 57 59 62 64 65 68 70 71 74 76 77 80 82 83 85 86 88 89 91 94 96 97 100 
 r: 10 82 12 16 28 30 34 46 48 52 64 66 70 84 88 100 
 Total col=53, Total row=16
 bc#: 767
 c: 1 2 4 7 9 10 13 15 16 18 19 21 24 26 27 30 32 33 36 38 39 42 44 45 48 50 51 53 54 56 57 59 62 64 65 68 70 71 74 76 77 80 82 83 85 86 88 89 91 94 96 97 100 
 r: 10 84 12 16 28 30 34 46 48 52 64 66 70 82 88 100 
 Total col=53, Total row=16
 bc#: 768
 c: 2 10 13 19 36 39 42 45 48 51 53 54 56 59 62 65 68 71 74 76 80 82 85 86 88 91 94 96 100 
 r: 10 85 3 12 13 16 21 28 30 31 34 39 46 48 49 52 57 64 66 67 70 75 82 84 88 93 100 
 Total col=29, Total row=27
 bc#: 769
 c: 1 4 9 13 15 16 18 21 24 26 27 32 44 51 57 65 68 71 77 80 82 83 86 88 89 91 94 96 97 
 r: 10 86 2 12 14 16 20 28 30 32 34 38 46 48 50 52 56 64 66 68 70 74 82 84 88 92 100 
 Total col=29, Total row=27
 bc#: 770
 c: 1 2 4 7 9 10 13 15 16 18 19 21 24 26 27 30 32 33 36 38 39 42 44 45 48 50 51 53 54 56 57 59 62 64 65 68 70 71 74 76 77 80 82 83 85 86 88 89 91 94 96 97 100 
 r: 10 88 12 16 28 30 34 46 48 52 64 66 70 82 84 100 
 Total col=53, Total row=16
 bc#: 771
 c: 2 4 21 24 27 30 33 36 39 42 45 48 51 54 57 64 70 76 82 88 94 96 100 
 r: 10 89 7 12 16 17 25 28 30 34 35 43 46 48 52 53 61 64 66 70 71 79 82 84 88 97 100 
 Total col=23, Total row=27
 bc#: 772
 c: 1 4 7 9 10 13 15 16 18 19 27 32 38 42 45 48 51 53 54 56 57 65 70 76 82 85 88 91 94 97 
 r: 10 90 8 12 16 18 26 28 30 34 36 44 46 48 52 54 62 64 66 70 72 80 82 84 88 98 100 
 Total col=30, Total row=27
 bc#: 773
 c: 2 4 7 10 16 19 26 30 32 38 39 45 53 59 62 65 68 71 74 76 80 86 89 94 97 100 
 r: 10 91 12 16 19 28 30 34 37 46 48 52 55 64 66 70 73 82 84 88 100 
 Total col=26, Total row=21
 bc#: 774
 c: 1 4 9 13 15 16 18 21 24 26 27 32 44 51 57 65 68 71 77 80 82 83 86 88 89 91 94 96 97 
 r: 10 92 2 12 14 16 20 28 30 32 34 38 46 48 50 52 56 64 66 68 70 74 82 84 86 88 100 
 Total col=29, Total row=27
 bc#: 775
 c: 2 10 13 19 36 39 42 45 48 51 53 54 56 59 62 65 68 71 74 76 80 82 85 86 88 91 94 96 100 
 r: 10 93 3 12 13 16 21 28 30 31 34 39 46 48 49 52 57 64 66 67 70 75 82 84 85 88 100 
 Total col=29, Total row=27
 bc#: 776
 c: 13 15 30 33 36 39 44 45 50 54 56 59 62 64 80 82 89 97 100 
 r: 10 95 5 12 16 23 28 30 34 41 46 48 52 59 64 66 70 77 82 84 88 100 
 Total col=19, Total row=22
 bc#: 777
 c: 1 4 7 9 10 15 16 18 19 21 24 26 27 32 38 42 48 51 53 54 57 59 62 64 65 68 70 71 76 82 86 97 
 r: 10 96 6 12 16 24 28 30 34 42 46 48 52 60 64 66 70 78 82 84 88 100 
 Total col=32, Total row=22
 bc#: 778
 c: 2 4 21 24 27 30 33 36 39 42 45 48 51 54 57 64 70 76 82 88 94 96 100 
 r: 10 97 7 12 16 17 25 28 30 34 35 43 46 48 52 53 61 64 66 70 71 79 82 84 88 89 100 
 Total col=23, Total row=27
 bc#: 779
 c: 1 4 7 9 10 13 15 16 18 19 27 32 38 42 45 48 51 53 54 56 57 65 70 76 82 85 88 91 94 97 
 r: 10 98 8 12 16 18 26 28 30 34 36 44 46 48 52 54 62 64 66 70 72 80 82 84 88 90 100 
 Total col=30, Total row=27
 bc#: 780
 c: 1 2 4 7 9 10 13 15 16 18 19 21 24 26 27 30 32 33 36 38 39 42 44 45 48 50 51 53 54 56 57 59 62 64 65 68 70 71 74 76 77 80 82 83 85 86 88 89 91 94 96 97 100 
 r: 10 100 12 16 28 30 34 46 48 52 64 66 70 82 84 88 
 Total col=53, Total row=16
 bc#: 781
 c: 5 6 8 14 17 22 23 25 28 29 31 34 40 46 60 66 73 79 93 99 
 r: 11 13 3 9 15 21 27 29 31 33 39 45 47 49 51 57 63 65 67 69 75 81 83 85 87 93 99 
 Total col=20, Total row=27
 bc#: 782
 c: 3 6 11 20 29 34 35 37 40 41 46 47 49 52 55 58 60 63 66 72 75 78 99 
 r: 11 14 2 9 15 20 27 29 32 33 38 45 47 50 51 56 63 65 68 69 74 81 83 86 87 92 99 
 Total col=23, Total row=27
 bc#: 783
 c: 5 6 8 11 12 14 17 20 22 28 34 40 46 52 58 60 63 66 69 72 75 78 81 84 87 90 93 99 
 r: 11 17 7 9 15 25 27 29 33 35 43 45 47 51 53 61 63 65 69 71 79 81 83 87 89 97 99 
 Total col=28, Total row=27
 bc#: 784
 c: 22 25 28 31 35 37 41 47 60 63 66 69 73 75 79 81 84 93 98 
 r: 11 18 8 9 15 26 27 29 33 36 44 45 47 51 54 62 63 65 69 72 80 81 83 87 90 98 99 
 Total col=19, Total row=27
 bc#: 785
 c: 8 11 14 17 22 25 28 31 35 41 43 46 49 52 55 58 60 66 73 79 81 84 87 92 95 
 r: 11 19 9 15 27 29 33 37 45 47 51 55 63 65 69 73 81 83 87 91 99 
 Total col=25, Total row=21
 bc#: 786
 c: 3 6 11 20 29 34 35 37 40 41 46 47 49 52 55 58 60 63 66 72 75 78 99 
 r: 11 20 2 9 14 15 27 29 32 33 38 45 47 50 51 56 63 65 68 69 74 81 83 86 87 92 99 
 Total col=23, Total row=27
 bc#: 787
 c: 5 6 8 14 17 22 23 25 28 29 31 34 40 46 60 66 73 79 93 99 
 r: 11 21 3 9 13 15 27 29 31 33 39 45 47 49 51 57 63 65 67 69 75 81 83 85 87 93 99 
 Total col=20, Total row=27
 bc#: 788
 c: 12 14 29 31 35 37 40 43 46 49 55 58 60 63 66 79 81 93 98 99 
 r: 11 22 4 9 15 27 29 33 40 45 47 51 58 63 65 69 76 81 83 87 94 99 
 Total col=20, Total row=22
 bc#: 789
 c: 3 5 6 8 11 17 20 22 23 25 28 34 41 47 52 61 67 69 72 73 75 78 84 87 90 92 95 
 r: 11 23 5 9 15 27 29 33 41 45 47 51 59 63 65 69 77 81 83 87 95 99 
 Total col=27, Total row=22
 bc#: 790
 c: 3 12 29 31 35 37 40 43 46 49 60 73 75 79 81 84 87 90 92 93 95 98 
 r: 11 24 6 9 15 27 29 33 42 45 47 51 60 63 65 69 78 81 83 87 96 99 
 Total col=22, Total row=22
 bc#: 791
 c: 5 6 8 11 12 14 17 20 22 28 34 40 46 52 58 60 63 66 69 72 75 78 81 84 87 90 93 99 
 r: 11 25 7 9 15 17 27 29 33 35 43 45 47 51 53 61 63 65 69 71 79 81 83 87 89 97 99 
 Total col=28, Total row=27
 bc#: 792
 c: 22 25 28 31 35 37 41 47 60 63 66 69 73 75 79 81 84 93 98 
 r: 11 26 8 9 15 18 27 29 33 36 44 45 47 51 54 62 63 65 69 72 80 81 83 87 90 98 99 
 Total col=19, Total row=27
 bc#: 793
 c: 5 6 8 14 17 22 23 25 28 29 31 34 40 46 60 66 73 79 93 99 
 r: 11 31 3 9 13 15 21 27 29 33 39 45 47 49 51 57 63 65 67 69 75 81 83 85 87 93 99 
 Total col=20, Total row=27
 bc#: 794
 c: 3 6 11 20 29 34 35 37 40 41 46 47 49 52 55 58 60 63 66 72 75 78 99 
 r: 11 32 2 9 14 15 20 27 29 33 38 45 47 50 51 56 63 65 68 69 74 81 83 86 87 92 99 
 Total col=23, Total row=27
 bc#: 795
 c: 5 6 8 11 12 14 17 20 22 28 34 40 46 52 58 60 63 66 69 72 75 78 81 84 87 90 93 99 
 r: 11 35 7 9 15 17 25 27 29 33 43 45 47 51 53 61 63 65 69 71 79 81 83 87 89 97 99 
 Total col=28, Total row=27
 bc#: 796
 c: 22 25 28 31 35 37 41 47 60 63 66 69 73 75 79 81 84 93 98 
 r: 11 36 8 9 15 18 26 27 29 33 44 45 47 51 54 62 63 65 69 72 80 81 83 87 90 98 99 
 Total col=19, Total row=27
 bc#: 797
 c: 8 11 14 17 22 25 28 31 35 41 43 46 49 52 55 58 60 66 73 79 81 84 87 92 95 
 r: 11 37 9 15 19 27 29 33 45 47 51 55 63 65 69 73 81 83 87 91 99 
 Total col=25, Total row=21
 bc#: 798
 c: 3 6 11 20 29 34 35 37 40 41 46 47 49 52 55 58 60 63 66 72 75 78 99 
 r: 11 38 2 9 14 15 20 27 29 32 33 45 47 50 51 56 63 65 68 69 74 81 83 86 87 92 99 
 Total col=23, Total row=27
 bc#: 799
 c: 5 6 8 14 17 22 23 25 28 29 31 34 40 46 60 66 73 79 93 99 
 r: 11 39 3 9 13 15 21 27 29 31 33 45 47 49 51 57 63 65 67 69 75 81 83 85 87 93 99 
 Total col=20, Total row=27
 bc#: 800
 c: 12 14 29 31 35 37 40 43 46 49 55 58 60 63 66 79 81 93 98 99 
 r: 11 40 4 9 15 22 27 29 33 45 47 51 58 63 65 69 76 81 83 87 94 99 
 Total col=20, Total row=22
 bc#: 801
 c: 3 5 6 8 11 17 20 22 23 25 28 34 41 47 52 61 67 69 72 73 75 78 84 87 90 92 95 
 r: 11 41 5 9 15 23 27 29 33 45 47 51 59 63 65 69 77 81 83 87 95 99 
 Total col=27, Total row=22
 bc#: 802
 c: 3 12 29 31 35 37 40 43 46 49 60 73 75 79 81 84 87 90 92 93 95 98 
 r: 11 42 6 9 15 24 27 29 33 45 47 51 60 63 65 69 78 81 83 87 96 99 
 Total col=22, Total row=22
 bc#: 803
 c: 5 6 8 11 12 14 17 20 22 28 34 40 46 52 58 60 63 66 69 72 75 78 81 84 87 90 93 99 
 r: 11 43 7 9 15 17 25 27 29 33 35 45 47 51 53 61 63 65 69 71 79 81 83 87 89 97 99 
 Total col=28, Total row=27
 bc#: 804
 c: 22 25 28 31 35 37 41 47 60 63 66 69 73 75 79 81 84 93 98 
 r: 11 44 8 9 15 18 26 27 29 33 36 45 47 51 54 62 63 65 69 72 80 81 83 87 90 98 99 
 Total col=19, Total row=27
 bc#: 805
 c: 5 6 8 14 17 22 23 25 28 29 31 34 40 46 60 66 73 79 93 99 
 r: 11 49 3 9 13 15 21 27 29 31 33 39 45 47 51 57 63 65 67 69 75 81 83 85 87 93 99 
 Total col=20, Total row=27
 bc#: 806
 c: 3 6 11 20 29 34 35 37 40 41 46 47 49 52 55 58 60 63 66 72 75 78 99 
 r: 11 50 2 9 14 15 20 27 29 32 33 38 45 47 51 56 63 65 68 69 74 81 83 86 87 92 99 
 Total col=23, Total row=27
 bc#: 807
 c: 5 6 8 11 12 14 17 20 22 28 34 40 46 52 58 60 63 66 69 72 75 78 81 84 87 90 93 99 
 r: 11 53 7 9 15 17 25 27 29 33 35 43 45 47 51 61 63 65 69 71 79 81 83 87 89 97 99 
 Total col=28, Total row=27
 bc#: 808
 c: 22 25 28 31 35 37 41 47 60 63 66 69 73 75 79 81 84 93 98 
 r: 11 54 8 9 15 18 26 27 29 33 36 44 45 47 51 62 63 65 69 72 80 81 83 87 90 98 99 
 Total col=19, Total row=27
 bc#: 809
 c: 8 11 14 17 22 25 28 31 35 41 43 46 49 52 55 58 60 66 73 79 81 84 87 92 95 
 r: 11 55 9 15 19 27 29 33 37 45 47 51 63 65 69 73 81 83 87 91 99 
 Total col=25, Total row=21
 bc#: 810
 c: 3 6 11 20 29 34 35 37 40 41 46 47 49 52 55 58 60 63 66 72 75 78 99 
 r: 11 56 2 9 14 15 20 27 29 32 33 38 45 47 50 51 63 65 68 69 74 81 83 86 87 92 99 
 Total col=23, Total row=27
 bc#: 811
 c: 5 6 8 14 17 22 23 25 28 29 31 34 40 46 60 66 73 79 93 99 
 r: 11 57 3 9 13 15 21 27 29 31 33 39 45 47 49 51 63 65 67 69 75 81 83 85 87 93 99 
 Total col=20, Total row=27
 bc#: 812
 c: 12 14 29 31 35 37 40 43 46 49 55 58 60 63 66 79 81 93 98 99 
 r: 11 58 4 9 15 22 27 29 33 40 45 47 51 63 65 69 76 81 83 87 94 99 
 Total col=20, Total row=22
 bc#: 813
 c: 3 5 6 8 11 17 20 22 23 25 28 34 41 47 52 61 67 69 72 73 75 78 84 87 90 92 95 
 r: 11 59 5 9 15 23 27 29 33 41 45 47 51 63 65 69 77 81 83 87 95 99 
 Total col=27, Total row=22
 bc#: 814
 c: 3 12 29 31 35 37 40 43 46 49 60 73 75 79 81 84 87 90 92 93 95 98 
 r: 11 60 6 9 15 24 27 29 33 42 45 47 51 63 65 69 78 81 83 87 96 99 
 Total col=22, Total row=22
 bc#: 815
 c: 5 6 8 11 12 14 17 20 22 28 34 40 46 52 58 60 63 66 69 72 75 78 81 84 87 90 93 99 
 r: 11 61 7 9 15 17 25 27 29 33 35 43 45 47 51 53 63 65 69 71 79 81 83 87 89 97 99 
 Total col=28, Total row=27
 bc#: 816
 c: 22 25 28 31 35 37 41 47 60 63 66 69 73 75 79 81 84 93 98 
 r: 11 62 8 9 15 18 26 27 29 33 36 44 45 47 51 54 63 65 69 72 80 81 83 87 90 98 99 
 Total col=19, Total row=27
 bc#: 817
 c: 5 6 8 14 17 22 23 25 28 29 31 34 40 46 60 66 73 79 93 99 
 r: 11 67 3 9 13 15 21 27 29 31 33 39 45 47 49 51 57 63 65 69 75 81 83 85 87 93 99 
 Total col=20, Total row=27
 bc#: 818
 c: 3 6 11 20 29 34 35 37 40 41 46 47 49 52 55 58 60 63 66 72 75 78 99 
 r: 11 68 2 9 14 15 20 27 29 32 33 38 45 47 50 51 56 63 65 69 74 81 83 86 87 92 99 
 Total col=23, Total row=27
 bc#: 819
 c: 5 6 8 11 12 14 17 20 22 28 34 40 46 52 58 60 63 66 69 72 75 78 81 84 87 90 93 99 
 r: 11 71 7 9 15 17 25 27 29 33 35 43 45 47 51 53 61 63 65 69 79 81 83 87 89 97 99 
 Total col=28, Total row=27
 bc#: 820
 c: 22 25 28 31 35 37 41 47 60 63 66 69 73 75 79 81 84 93 98 
 r: 11 72 8 9 15 18 26 27 29 33 36 44 45 47 51 54 62 63 65 69 80 81 83 87 90 98 99 
 Total col=19, Total row=27
 bc#: 821
 c: 8 11 14 17 22 25 28 31 35 41 43 46 49 52 55 58 60 66 73 79 81 84 87 92 95 
 r: 11 73 9 15 19 27 29 33 37 45 47 51 55 63 65 69 81 83 87 91 99 
 Total col=25, Total row=21
 bc#: 822
 c: 3 6 11 20 29 34 35 37 40 41 46 47 49 52 55 58 60 63 66 72 75 78 99 
 r: 11 74 2 9 14 15 20 27 29 32 33 38 45 47 50 51 56 63 65 68 69 81 83 86 87 92 99 
 Total col=23, Total row=27
 bc#: 823
 c: 5 6 8 14 17 22 23 25 28 29 31 34 40 46 60 66 73 79 93 99 
 r: 11 75 3 9 13 15 21 27 29 31 33 39 45 47 49 51 57 63 65 67 69 81 83 85 87 93 99 
 Total col=20, Total row=27
 bc#: 824
 c: 12 14 29 31 35 37 40 43 46 49 55 58 60 63 66 79 81 93 98 99 
 r: 11 76 4 9 15 22 27 29 33 40 45 47 51 58 63 65 69 81 83 87 94 99 
 Total col=20, Total row=22
 bc#: 825
 c: 3 5 6 8 11 17 20 22 23 25 28 34 41 47 52 61 67 69 72 73 75 78 84 87 90 92 95 
 r: 11 77 5 9 15 23 27 29 33 41 45 47 51 59 63 65 69 81 83 87 95 99 
 Total col=27, Total row=22
 bc#: 826
 c: 3 12 29 31 35 37 40 43 46 49 60 73 75 79 81 84 87 90 92 93 95 98 
 r: 11 78 6 9 15 24 27 29 33 42 45 47 51 60 63 65 69 81 83 87 96 99 
 Total col=22, Total row=22
 bc#: 827
 c: 5 6 8 11 12 14 17 20 22 28 34 40 46 52 58 60 63 66 69 72 75 78 81 84 87 90 93 99 
 r: 11 79 7 9 15 17 25 27 29 33 35 43 45 47 51 53 61 63 65 69 71 81 83 87 89 97 99 
 Total col=28, Total row=27
 bc#: 828
 c: 22 25 28 31 35 37 41 47 60 63 66 69 73 75 79 81 84 93 98 
 r: 11 80 8 9 15 18 26 27 29 33 36 44 45 47 51 54 62 63 65 69 72 81 83 87 90 98 99 
 Total col=19, Total row=27
 bc#: 829
 c: 5 6 8 14 17 22 23 25 28 29 31 34 40 46 60 66 73 79 93 99 
 r: 11 85 3 9 13 15 21 27 29 31 33 39 45 47 49 51 57 63 65 67 69 75 81 83 87 93 99 
 Total col=20, Total row=27
 bc#: 830
 c: 3 6 11 20 29 34 35 37 40 41 46 47 49 52 55 58 60 63 66 72 75 78 99 
 r: 11 86 2 9 14 15 20 27 29 32 33 38 45 47 50 51 56 63 65 68 69 74 81 83 87 92 99 
 Total col=23, Total row=27
 bc#: 831
 c: 5 6 8 11 12 14 17 20 22 28 34 40 46 52 58 60 63 66 69 72 75 78 81 84 87 90 93 99 
 r: 11 89 7 9 15 17 25 27 29 33 35 43 45 47 51 53 61 63 65 69 71 79 81 83 87 97 99 
 Total col=28, Total row=27
 bc#: 832
 c: 22 25 28 31 35 37 41 47 60 63 66 69 73 75 79 81 84 93 98 
 r: 11 90 8 9 15 18 26 27 29 33 36 44 45 47 51 54 62 63 65 69 72 80 81 83 87 98 99 
 Total col=19, Total row=27
 bc#: 833
 c: 8 11 14 17 22 25 28 31 35 41 43 46 49 52 55 58 60 66 73 79 81 84 87 92 95 
 r: 11 91 9 15 19 27 29 33 37 45 47 51 55 63 65 69 73 81 83 87 99 
 Total col=25, Total row=21
 bc#: 834
 c: 3 6 11 20 29 34 35 37 40 41 46 47 49 52 55 58 60 63 66 72 75 78 99 
 r: 11 92 2 9 14 15 20 27 29 32 33 38 45 47 50 51 56 63 65 68 69 74 81 83 86 87 99 
 Total col=23, Total row=27
 bc#: 835
 c: 5 6 8 14 17 22 23 25 28 29 31 34 40 46 60 66 73 79 93 99 
 r: 11 93 3 9 13 15 21 27 29 31 33 39 45 47 49 51 57 63 65 67 69 75 81 83 85 87 99 
 Total col=20, Total row=27
 bc#: 836
 c: 12 14 29 31 35 37 40 43 46 49 55 58 60 63 66 79 81 93 98 99 
 r: 11 94 4 9 15 22 27 29 33 40 45 47 51 58 63 65 69 76 81 83 87 99 
 Total col=20, Total row=22
 bc#: 837
 c: 3 5 6 8 11 17 20 22 23 25 28 34 41 47 52 61 67 69 72 73 75 78 84 87 90 92 95 
 r: 11 95 5 9 15 23 27 29 33 41 45 47 51 59 63 65 69 77 81 83 87 99 
 Total col=27, Total row=22
 bc#: 838
 c: 3 12 29 31 35 37 40 43 46 49 60 73 75 79 81 84 87 90 92 93 95 98 
 r: 11 96 6 9 15 24 27 29 33 42 45 47 51 60 63 65 69 78 81 83 87 99 
 Total col=22, Total row=22
 bc#: 839
 c: 5 6 8 11 12 14 17 20 22 28 34 40 46 52 58 60 63 66 69 72 75 78 81 84 87 90 93 99 
 r: 11 97 7 9 15 17 25 27 29 33 35 43 45 47 51 53 61 63 65 69 71 79 81 83 87 89 99 
 Total col=28, Total row=27
 bc#: 840
 c: 22 25 28 31 35 37 41 47 60 63 66 69 73 75 79 81 84 93 98 
 r: 11 98 8 9 15 18 26 27 29 33 36 44 45 47 51 54 62 63 65 69 72 80 81 83 87 90 99 
 Total col=19, Total row=27
 bc#: 841
 c: 2 10 13 19 36 39 42 45 48 51 53 54 56 59 62 65 68 71 74 76 80 82 85 86 88 91 94 96 100 
 r: 12 13 3 10 16 21 28 30 31 34 39 46 48 49 52 57 64 66 67 70 75 82 84 85 88 93 100 
 Total col=29, Total row=27
 bc#: 842
 c: 1 4 9 13 15 16 18 21 24 26 27 32 44 51 57 65 68 71 77 80 82 83 86 88 89 91 94 96 97 
 r: 12 14 2 10 16 20 28 30 32 34 38 46 48 50 52 56 64 66 68 70 74 82 84 86 88 92 100 
 Total col=29, Total row=27
 bc#: 843
 c: 1 2 4 7 9 10 13 15 16 18 19 21 24 26 27 30 32 33 36 38 39 42 44 45 48 50 51 53 54 56 57 59 62 64 65 68 70 71 74 76 77 80 82 83 85 86 88 89 91 94 96 97 100 
 r: 12 16 10 28 30 34 46 48 52 64 66 70 82 84 88 100 
 Total col=53, Total row=16
 bc#: 844
 c: 2 4 21 24 27 30 33 36 39 42 45 48 51 54 57 64 70 76 82 88 94 96 100 
 r: 12 17 7 10 16 25 28 30 34 35 43 46 48 52 53 61 64 66 70 71 79 82 84 88 89 97 100 
 Total col=23, Total row=27
 bc#: 845
 c: 1 4 7 9 10 13 15 16 18 19 27 32 38 42 45 48 51 53 54 56 57 65 70 76 82 85 88 91 94 97 
 r: 12 18 8 10 16 26 28 30 34 36 44 46 48 52 54 62 64 66 70 72 80 82 84 88 90 98 100 
 Total col=30, Total row=27
 bc#: 846
 c: 2 4 7 10 16 19 26 30 32 38 39 45 53 59 62 65 68 71 74 76 80 86 89 94 97 100 
 r: 12 19 10 16 28 30 34 37 46 48 52 55 64 66 70 73 82 84 88 91 100 
 Total col=26, Total row=21
 bc#: 847
 c: 1 4 9 13 15 16 18 21 24 26 27 32 44 51 57 65 68 71 77 80 82 83 86 88 89 91 94 96 97 
 r: 12 20 2 10 14 16 28 30 32 34 38 46 48 50 52 56 64 66 68 70 74 82 84 86 88 92 100 
 Total col=29, Total row=27
 bc#: 848
 c: 2 10 13 19 36 39 42 45 48 51 53 54 56 59 62 65 68 71 74 76 80 82 85 86 88 91 94 96 100 
 r: 12 21 3 10 13 16 28 30 31 34 39 46 48 49 52 57 64 66 67 70 75 82 84 85 88 93 100 
 Total col=29, Total row=27
 bc#: 849
 c: 13 15 30 33 36 39 44 45 50 54 56 59 62 64 80 82 89 97 100 
 r: 12 23 5 10 16 28 30 34 41 46 48 52 59 64 66 70 77 82 84 88 95 100 
 Total col=19, Total row=22
 bc#: 850
 c: 1 4 7 9 10 15 16 18 19 21 24 26 27 32 38 42 48 51 53 54 57 59 62 64 65 68 70 71 76 82 86 97 
 r: 12 24 6 10 16 28 30 34 42 46 48 52 60 64 66 70 78 82 84 88 96 100 
 Total col=32, Total row=22
 bc#: 851
 c: 2 4 21 24 27 30 33 36 39 42 45 48 51 54 57 64 70 76 82 88 94 96 100 
 r: 12 25 7 10 16 17 28 30 34 35 43 46 48 52 53 61 64 66 70 71 79 82 84 88 89 97 100 
 Total col=23, Total row=27
 bc#: 852
 c: 1 4 7 9 10 13 15 16 18 19 27 32 38 42 45 48 51 53 54 56 57 65 70 76 82 85 88 91 94 97 
 r: 12 26 8 10 16 18 28 30 34 36 44 46 48 52 54 62 64 66 70 72 80 82 84 88 90 98 100 
 Total col=30, Total row=27
 bc#: 853
 c: 1 2 4 7 9 10 13 15 16 18 19 21 24 26 27 30 32 33 36 38 39 42 44 45 48 50 51 53 54 56 57 59 62 64 65 68 70 71 74 76 77 80 82 83 85 86 88 89 91 94 96 97 100 
 r: 12 28 10 16 30 34 46 48 52 64 66 70 82 84 88 100 
 Total col=53, Total row=16
 bc#: 854
 c: 1 2 4 7 9 10 13 15 16 18 19 21 24 26 27 30 32 33 36 38 39 42 44 45 48 50 51 53 54 56 57 59 62 64 65 68 70 71 74 76 77 80 82 83 85 86 88 89 91 94 96 97 100 
 r: 12 30 10 16 28 34 46 48 52 64 66 70 82 84 88 100 
 Total col=53, Total row=16
 bc#: 855
 c: 2 10 13 19 36 39 42 45 48 51 53 54 56 59 62 65 68 71 74 76 80 82 85 86 88 91 94 96 100 
 r: 12 31 3 10 13 16 21 28 30 34 39 46 48 49 52 57 64 66 67 70 75 82 84 85 88 93 100 
 Total col=29, Total row=27
 bc#: 856
 c: 1 4 9 13 15 16 18 21 24 26 27 32 44 51 57 65 68 71 77 80 82 83 86 88 89 91 94 96 97 
 r: 12 32 2 10 14 16 20 28 30 34 38 46 48 50 52 56 64 66 68 70 74 82 84 86 88 92 100 
 Total col=29, Total row=27
 bc#: 857
 c: 1 2 4 7 9 10 13 15 16 18 19 21 24 26 27 30 32 33 36 38 39 42 44 45 48 50 51 53 54 56 57 59 62 64 65 68 70 71 74 76 77 80 82 83 85 86 88 89 91 94 96 97 100 
 r: 12 34 10 16 28 30 46 48 52 64 66 70 82 84 88 100 
 Total col=53, Total row=16
 bc#: 858
 c: 2 4 21 24 27 30 33 36 39 42 45 48 51 54 57 64 70 76 82 88 94 96 100 
 r: 12 35 7 10 16 17 25 28 30 34 43 46 48 52 53 61 64 66 70 71 79 82 84 88 89 97 100 
 Total col=23, Total row=27
 bc#: 859
 c: 1 4 7 9 10 13 15 16 18 19 27 32 38 42 45 48 51 53 54 56 57 65 70 76 82 85 88 91 94 97 
 r: 12 36 8 10 16 18 26 28 30 34 44 46 48 52 54 62 64 66 70 72 80 82 84 88 90 98 100 
 Total col=30, Total row=27
 bc#: 860
 c: 2 4 7 10 16 19 26 30 32 38 39 45 53 59 62 65 68 71 74 76 80 86 89 94 97 100 
 r: 12 37 10 16 19 28 30 34 46 48 52 55 64 66 70 73 82 84 88 91 100 
 Total col=26, Total row=21
 bc#: 861
 c: 1 4 9 13 15 16 18 21 24 26 27 32 44 51 57 65 68 71 77 80 82 83 86 88 89 91 94 96 97 
 r: 12 38 2 10 14 16 20 28 30 32 34 46 48 50 52 56 64 66 68 70 74 82 84 86 88 92 100 
 Total col=29, Total row=27
 bc#: 862
 c: 2 10 13 19 36 39 42 45 48 51 53 54 56 59 62 65 68 71 74 76 80 82 85 86 88 91 94 96 100 
 r: 12 39 3 10 13 16 21 28 30 31 34 46 48 49 52 57 64 66 67 70 75 82 84 85 88 93 100 
 Total col=29, Total row=27
 bc#: 863
 c: 13 15 30 33 36 39 44 45 50 54 56 59 62 64 80 82 89 97 100 
 r: 12 41 5 10 16 23 28 30 34 46 48 52 59 64 66 70 77 82 84 88 95 100 
 Total col=19, Total row=22
 bc#: 864
 c: 1 4 7 9 10 15 16 18 19 21 24 26 27 32 38 42 48 51 53 54 57 59 62 64 65 68 70 71 76 82 86 97 
 r: 12 42 6 10 16 24 28 30 34 46 48 52 60 64 66 70 78 82 84 88 96 100 
 Total col=32, Total row=22
 bc#: 865
 c: 2 4 21 24 27 30 33 36 39 42 45 48 51 54 57 64 70 76 82 88 94 96 100 
 r: 12 43 7 10 16 17 25 28 30 34 35 46 48 52 53 61 64 66 70 71 79 82 84 88 89 97 100 
 Total col=23, Total row=27
 bc#: 866
 c: 1 4 7 9 10 13 15 16 18 19 27 32 38 42 45 48 51 53 54 56 57 65 70 76 82 85 88 91 94 97 
 r: 12 44 8 10 16 18 26 28 30 34 36 46 48 52 54 62 64 66 70 72 80 82 84 88 90 98 100 
 Total col=30, Total row=27
 bc#: 867
 c: 1 2 4 7 9 10 13 15 16 18 19 21 24 26 27 30 32 33 36 38 39 42 44 45 48 50 51 53 54 56 57 59 62 64 65 68 70 71 74 76 77 80 82 83 85 86 88 89 91 94 96 97 100 
 r: 12 46 10 16 28 30 34 48 52 64 66 70 82 84 88 100 
 Total col=53, Total row=16
 bc#: 868
 c: 1 2 4 7 9 10 13 15 16 18 19 21 24 26 27 30 32 33 36 38 39 42 44 45 48 50 51 53 54 56 57 59 62 64 65 68 70 71 74 76 77 80 82 83 85 86 88 89 91 94 96 97 100 
 r: 12 48 10 16 28 30 34 46 52 64 66 70 82 84 88 100 
 Total col=53, Total row=16
 bc#: 869
 c: 2 10 13 19 36 39 42 45 48 51 53 54 56 59 62 65 68 71 74 76 80 82 85 86 88 91 94 96 100 
 r: 12 49 3 10 13 16 21 28 30 31 34 39 46 48 52 57 64 66 67 70 75 82 84 85 88 93 100 
 Total col=29, Total row=27
 bc#: 870
 c: 1 4 9 13 15 16 18 21 24 26 27 32 44 51 57 65 68 71 77 80 82 83 86 88 89 91 94 96 97 
 r: 12 50 2 10 14 16 20 28 30 32 34 38 46 48 52 56 64 66 68 70 74 82 84 86 88 92 100 
 Total col=29, Total row=27
 bc#: 871
 c: 1 2 4 7 9 10 13 15 16 18 19 21 24 26 27 30 32 33 36 38 39 42 44 45 48 50 51 53 54 56 57 59 62 64 65 68 70 71 74 76 77 80 82 83 85 86 88 89 91 94 96 97 100 
 r: 12 52 10 16 28 30 34 46 48 64 66 70 82 84 88 100 
 Total col=53, Total row=16
 bc#: 872
 c: 2 4 21 24 27 30 33 36 39 42 45 48 51 54 57 64 70 76 82 88 94 96 100 
 r: 12 53 7 10 16 17 25 28 30 34 35 43 46 48 52 61 64 66 70 71 79 82 84 88 89 97 100 
 Total col=23, Total row=27
 bc#: 873
 c: 1 4 7 9 10 13 15 16 18 19 27 32 38 42 45 48 51 53 54 56 57 65 70 76 82 85 88 91 94 97 
 r: 12 54 8 10 16 18 26 28 30 34 36 44 46 48 52 62 64 66 70 72 80 82 84 88 90 98 100 
 Total col=30, Total row=27
 bc#: 874
 c: 2 4 7 10 16 19 26 30 32 38 39 45 53 59 62 65 68 71 74 76 80 86 89 94 97 100 
 r: 12 55 10 16 19 28 30 34 37 46 48 52 64 66 70 73 82 84 88 91 100 
 Total col=26, Total row=21
 bc#: 875
 c: 1 4 9 13 15 16 18 21 24 26 27 32 44 51 57 65 68 71 77 80 82 83 86 88 89 91 94 96 97 
 r: 12 56 2 10 14 16 20 28 30 32 34 38 46 48 50 52 64 66 68 70 74 82 84 86 88 92 100 
 Total col=29, Total row=27
 bc#: 876
 c: 2 10 13 19 36 39 42 45 48 51 53 54 56 59 62 65 68 71 74 76 80 82 85 86 88 91 94 96 100 
 r: 12 57 3 10 13 16 21 28 30 31 34 39 46 48 49 52 64 66 67 70 75 82 84 85 88 93 100 
 Total col=29, Total row=27
 bc#: 877
 c: 13 15 30 33 36 39 44 45 50 54 56 59 62 64 80 82 89 97 100 
 r: 12 59 5 10 16 23 28 30 34 41 46 48 52 64 66 70 77 82 84 88 95 100 
 Total col=19, Total row=22
 bc#: 878
 c: 1 4 7 9 10 15 16 18 19 21 24 26 27 32 38 42 48 51 53 54 57 59 62 64 65 68 70 71 76 82 86 97 
 r: 12 60 6 10 16 24 28 30 34 42 46 48 52 64 66 70 78 82 84 88 96 100 
 Total col=32, Total row=22
 bc#: 879
 c: 2 4 21 24 27 30 33 36 39 42 45 48 51 54 57 64 70 76 82 88 94 96 100 
 r: 12 61 7 10 16 17 25 28 30 34 35 43 46 48 52 53 64 66 70 71 79 82 84 88 89 97 100 
 Total col=23, Total row=27
 bc#: 880
 c: 1 4 7 9 10 13 15 16 18 19 27 32 38 42 45 48 51 53 54 56 57 65 70 76 82 85 88 91 94 97 
 r: 12 62 8 10 16 18 26 28 30 34 36 44 46 48 52 54 64 66 70 72 80 82 84 88 90 98 100 
 Total col=30, Total row=27
 bc#: 881
 c: 1 2 4 7 9 10 13 15 16 18 19 21 24 26 27 30 32 33 36 38 39 42 44 45 48 50 51 53 54 56 57 59 62 64 65 68 70 71 74 76 77 80 82 83 85 86 88 89 91 94 96 97 100 
 r: 12 64 10 16 28 30 34 46 48 52 66 70 82 84 88 100 
 Total col=53, Total row=16
 bc#: 882
 c: 1 2 4 7 9 10 13 15 16 18 19 21 24 26 27 30 32 33 36 38 39 42 44 45 48 50 51 53 54 56 57 59 62 64 65 68 70 71 74 76 77 80 82 83 85 86 88 89 91 94 96 97 100 
 r: 12 66 10 16 28 30 34 46 48 52 64 70 82 84 88 100 
 Total col=53, Total row=16
 bc#: 883
 c: 2 10 13 19 36 39 42 45 48 51 53 54 56 59 62 65 68 71 74 76 80 82 85 86 88 91 94 96 100 
 r: 12 67 3 10 13 16 21 28 30 31 34 39 46 48 49 52 57 64 66 70 75 82 84 85 88 93 100 
 Total col=29, Total row=27
 bc#: 884
 c: 1 4 9 13 15 16 18 21 24 26 27 32 44 51 57 65 68 71 77 80 82 83 86 88 89 91 94 96 97 
 r: 12 68 2 10 14 16 20 28 30 32 34 38 46 48 50 52 56 64 66 70 74 82 84 86 88 92 100 
 Total col=29, Total row=27
 bc#: 885
 c: 1 2 4 7 9 10 13 15 16 18 19 21 24 26 27 30 32 33 36 38 39 42 44 45 48 50 51 53 54 56 57 59 62 64 65 68 70 71 74 76 77 80 82 83 85 86 88 89 91 94 96 97 100 
 r: 12 70 10 16 28 30 34 46 48 52 64 66 82 84 88 100 
 Total col=53, Total row=16
 bc#: 886
 c: 2 4 21 24 27 30 33 36 39 42 45 48 51 54 57 64 70 76 82 88 94 96 100 
 r: 12 71 7 10 16 17 25 28 30 34 35 43 46 48 52 53 61 64 66 70 79 82 84 88 89 97 100 
 Total col=23, Total row=27
 bc#: 887
 c: 1 4 7 9 10 13 15 16 18 19 27 32 38 42 45 48 51 53 54 56 57 65 70 76 82 85 88 91 94 97 
 r: 12 72 8 10 16 18 26 28 30 34 36 44 46 48 52 54 62 64 66 70 80 82 84 88 90 98 100 
 Total col=30, Total row=27
 bc#: 888
 c: 2 4 7 10 16 19 26 30 32 38 39 45 53 59 62 65 68 71 74 76 80 86 89 94 97 100 
 r: 12 73 10 16 19 28 30 34 37 46 48 52 55 64 66 70 82 84 88 91 100 
 Total col=26, Total row=21
 bc#: 889
 c: 1 4 9 13 15 16 18 21 24 26 27 32 44 51 57 65 68 71 77 80 82 83 86 88 89 91 94 96 97 
 r: 12 74 2 10 14 16 20 28 30 32 34 38 46 48 50 52 56 64 66 68 70 82 84 86 88 92 100 
 Total col=29, Total row=27
 bc#: 890
 c: 2 10 13 19 36 39 42 45 48 51 53 54 56 59 62 65 68 71 74 76 80 82 85 86 88 91 94 96 100 
 r: 12 75 3 10 13 16 21 28 30 31 34 39 46 48 49 52 57 64 66 67 70 82 84 85 88 93 100 
 Total col=29, Total row=27
 bc#: 891
 c: 13 15 30 33 36 39 44 45 50 54 56 59 62 64 80 82 89 97 100 
 r: 12 77 5 10 16 23 28 30 34 41 46 48 52 59 64 66 70 82 84 88 95 100 
 Total col=19, Total row=22
 bc#: 892
 c: 1 4 7 9 10 15 16 18 19 21 24 26 27 32 38 42 48 51 53 54 57 59 62 64 65 68 70 71 76 82 86 97 
 r: 12 78 6 10 16 24 28 30 34 42 46 48 52 60 64 66 70 82 84 88 96 100 
 Total col=32, Total row=22
 bc#: 893
 c: 2 4 21 24 27 30 33 36 39 42 45 48 51 54 57 64 70 76 82 88 94 96 100 
 r: 12 79 7 10 16 17 25 28 30 34 35 43 46 48 52 53 61 64 66 70 71 82 84 88 89 97 100 
 Total col=23, Total row=27
 bc#: 894
 c: 1 4 7 9 10 13 15 16 18 19 27 32 38 42 45 48 51 53 54 56 57 65 70 76 82 85 88 91 94 97 
 r: 12 80 8 10 16 18 26 28 30 34 36 44 46 48 52 54 62 64 66 70 72 82 84 88 90 98 100 
 Total col=30, Total row=27
 bc#: 895
 c: 1 2 4 7 9 10 13 15 16 18 19 21 24 26 27 30 32 33 36 38 39 42 44 45 48 50 51 53 54 56 57 59 62 64 65 68 70 71 74 76 77 80 82 83 85 86 88 89 91 94 96 97 100 
 r: 12 82 10 16 28 30 34 46 48 52 64 66 70 84 88 100 
 Total col=53, Total row=16
 bc#: 896
 c: 1 2 4 7 9 10 13 15 16 18 19 21 24 26 27 30 32 33 36 38 39 42 44 45 48 50 51 53 54 56 57 59 62 64 65 68 70 71 74 76 77 80 82 83 85 86 88 89 91 94 96 97 100 
 r: 12 84 10 16 28 30 34 46 48 52 64 66 70 82 88 100 
 Total col=53, Total row=16
 bc#: 897
 c: 2 10 13 19 36 39 42 45 48 51 53 54 56 59 62 65 68 71 74 76 80 82 85 86 88 91 94 96 100 
 r: 12 85 3 10 13 16 21 28 30 31 34 39 46 48 49 52 57 64 66 67 70 75 82 84 88 93 100 
 Total col=29, Total row=27
 bc#: 898
 c: 1 4 9 13 15 16 18 21 24 26 27 32 44 51 57 65 68 71 77 80 82 83 86 88 89 91 94 96 97 
 r: 12 86 2 10 14 16 20 28 30 32 34 38 46 48 50 52 56 64 66 68 70 74 82 84 88 92 100 
 Total col=29, Total row=27
 bc#: 899
 c: 1 2 4 7 9 10 13 15 16 18 19 21 24 26 27 30 32 33 36 38 39 42 44 45 48 50 51 53 54 56 57 59 62 64 65 68 70 71 74 76 77 80 82 83 85 86 88 89 91 94 96 97 100 
 r: 12 88 10 16 28 30 34 46 48 52 64 66 70 82 84 100 
 Total col=53, Total row=16
 bc#: 900
 c: 2 4 21 24 27 30 33 36 39 42 45 48 51 54 57 64 70 76 82 88 94 96 100 
 r: 12 89 7 10 16 17 25 28 30 34 35 43 46 48 52 53 61 64 66 70 71 79 82 84 88 97 100 
 Total col=23, Total row=27
 bc#: 901
 c: 1 4 7 9 10 13 15 16 18 19 27 32 38 42 45 48 51 53 54 56 57 65 70 76 82 85 88 91 94 97 
 r: 12 90 8 10 16 18 26 28 30 34 36 44 46 48 52 54 62 64 66 70 72 80 82 84 88 98 100 
 Total col=30, Total row=27
 bc#: 902
 c: 2 4 7 10 16 19 26 30 32 38 39 45 53 59 62 65 68 71 74 76 80 86 89 94 97 100 
 r: 12 91 10 16 19 28 30 34 37 46 48 52 55 64 66 70 73 82 84 88 100 
 Total col=26, Total row=21
 bc#: 903
 c: 1 4 9 13 15 16 18 21 24 26 27 32 44 51 57 65 68 71 77 80 82 83 86 88 89 91 94 96 97 
 r: 12 92 2 10 14 16 20 28 30 32 34 38 46 48 50 52 56 64 66 68 70 74 82 84 86 88 100 
 Total col=29, Total row=27
 bc#: 904
 c: 2 10 13 19 36 39 42 45 48 51 53 54 56 59 62 65 68 71 74 76 80 82 85 86 88 91 94 96 100 
 r: 12 93 3 10 13 16 21 28 30 31 34 39 46 48 49 52 57 64 66 67 70 75 82 84 85 88 100 
 Total col=29, Total row=27
 bc#: 905
 c: 13 15 30 33 36 39 44 45 50 54 56 59 62 64 80 82 89 97 100 
 r: 12 95 5 10 16 23 28 30 34 41 46 48 52 59 64 66 70 77 82 84 88 100 
 Total col=19, Total row=22
 bc#: 906
 c: 1 4 7 9 10 15 16 18 19 21 24 26 27 32 38 42 48 51 53 54 57 59 62 64 65 68 70 71 76 82 86 97 
 r: 12 96 6 10 16 24 28 30 34 42 46 48 52 60 64 66 70 78 82 84 88 100 
 Total col=32, Total row=22
 bc#: 907
 c: 2 4 21 24 27 30 33 36 39 42 45 48 51 54 57 64 70 76 82 88 94 96 100 
 r: 12 97 7 10 16 17 25 28 30 34 35 43 46 48 52 53 61 64 66 70 71 79 82 84 88 89 100 
 Total col=23, Total row=27
 bc#: 908
 c: 1 4 7 9 10 13 15 16 18 19 27 32 38 42 45 48 51 53 54 56 57 65 70 76 82 85 88 91 94 97 
 r: 12 98 8 10 16 18 26 28 30 34 36 44 46 48 52 54 62 64 66 70 72 80 82 84 88 90 100 
 Total col=30, Total row=27
 bc#: 909
 c: 1 2 4 7 9 10 13 15 16 18 19 21 24 26 27 30 32 33 36 38 39 42 44 45 48 50 51 53 54 56 57 59 62 64 65 68 70 71 74 76 77 80 82 83 85 86 88 89 91 94 96 97 100 
 r: 12 100 10 16 28 30 34 46 48 52 64 66 70 82 84 88 
 Total col=53, Total row=16
 bc#: 910
 c: 6 13 29 34 40 46 51 60 65 66 68 71 80 82 86 88 91 94 96 99 
 r: 13 14 2 3 20 21 31 32 38 39 49 50 56 57 67 68 74 75 85 86 92 93 
 Total col=20, Total row=22
 bc#: 911
 c: 5 6 8 14 17 22 23 25 28 29 31 34 40 46 60 66 73 79 93 99 
 r: 13 15 3 9 11 21 27 29 31 33 39 45 47 49 51 57 63 65 67 69 75 81 83 85 87 93 99 
 Total col=20, Total row=27
 bc#: 912
 c: 2 10 13 19 36 39 42 45 48 51 53 54 56 59 62 65 68 71 74 76 80 82 85 86 88 91 94 96 100 
 r: 13 16 3 10 12 21 28 30 31 34 39 46 48 49 52 57 64 66 67 70 75 82 84 85 88 93 100 
 Total col=29, Total row=27
 bc#: 913
 c: 2 5 6 8 14 17 22 28 34 36 39 40 42 45 46 48 51 54 60 66 76 82 88 93 94 96 99 100 
 r: 13 17 3 7 21 25 31 35 39 43 49 53 57 61 67 71 75 79 85 89 93 97 
 Total col=28, Total row=22
 bc#: 914
 c: 10 13 19 22 25 28 31 42 45 48 51 53 54 56 60 65 66 73 76 79 82 85 88 91 93 94 
 r: 13 18 3 8 21 26 31 36 39 44 49 54 57 62 67 72 75 80 85 90 93 98 
 Total col=26, Total row=22
 bc#: 915
 c: 2 8 10 14 17 19 22 25 28 31 39 45 46 53 59 60 62 65 66 68 71 73 74 76 79 80 86 94 100 
 r: 13 19 3 21 31 37 39 49 55 57 67 73 75 85 91 93 
 Total col=29, Total row=16
 bc#: 916
 c: 6 13 29 34 40 46 51 60 65 66 68 71 80 82 86 88 91 94 96 99 
 r: 13 20 2 3 14 21 31 32 38 39 49 50 56 57 67 68 74 75 85 86 92 93 
 Total col=20, Total row=22
 bc#: 917
 c: 2 5 6 8 10 13 14 17 19 22 23 25 28 29 31 34 36 39 40 42 45 46 48 51 53 54 56 59 60 62 65 66 68 71 73 74 76 79 80 82 85 86 88 91 93 94 96 99 100 
 r: 13 21 3 31 39 49 57 67 75 85 93 
 Total col=49, Total row=11
 bc#: 918
 c: 2 10 14 19 29 31 40 42 46 48 51 53 60 65 66 68 71 74 76 79 85 86 88 91 93 94 96 99 
 r: 13 22 3 4 21 31 39 40 49 57 58 67 75 76 85 93 94 
 Total col=28, Total row=17
 bc#: 919
 c: 5 6 8 13 17 22 23 25 28 34 36 39 45 54 56 59 62 73 80 82 100 
 r: 13 23 3 5 21 31 39 41 49 57 59 67 75 77 85 93 95 
 Total col=21, Total row=17
 bc#: 920
 c: 10 19 29 31 40 42 46 48 51 53 54 59 60 62 65 68 71 73 76 79 82 86 93 
 r: 13 24 3 6 21 31 39 42 49 57 60 67 75 78 85 93 96 
 Total col=23, Total row=17
 bc#: 921
 c: 2 5 6 8 14 17 22 28 34 36 39 40 42 45 46 48 51 54 60 66 76 82 88 93 94 96 99 100 
 r: 13 25 3 7 17 21 31 35 39 43 49 53 57 61 67 71 75 79 85 89 93 97 
 Total col=28, Total row=22
 bc#: 922
 c: 10 13 19 22 25 28 31 42 45 48 51 53 54 56 60 65 66 73 76 79 82 85 88 91 93 94 
 r: 13 26 3 8 18 21 31 36 39 44 49 54 57 62 67 72 75 80 85 90 93 98 
 Total col=26, Total row=22
 bc#: 923
 c: 5 6 8 14 17 22 23 25 28 29 31 34 40 46 60 66 73 79 93 99 
 r: 13 27 3 9 11 15 21 29 31 33 39 45 47 49 51 57 63 65 67 69 75 81 83 85 87 93 99 
 Total col=20, Total row=27
 bc#: 924
 c: 2 10 13 19 36 39 42 45 48 51 53 54 56 59 62 65 68 71 74 76 80 82 85 86 88 91 94 96 100 
 r: 13 28 3 10 12 16 21 30 31 34 39 46 48 49 52 57 64 66 67 70 75 82 84 85 88 93 100 
 Total col=29, Total row=27
 bc#: 925
 c: 5 6 8 14 17 22 23 25 28 29 31 34 40 46 60 66 73 79 93 99 
 r: 13 29 3 9 11 15 21 27 31 33 39 45 47 49 51 57 63 65 67 69 75 81 83 85 87 93 99 
 Total col=20, Total row=27
 bc#: 926
 c: 2 10 13 19 36 39 42 45 48 51 53 54 56 59 62 65 68 71 74 76 80 82 85 86 88 91 94 96 100 
 r: 13 30 3 10 12 16 21 28 31 34 39 46 48 49 52 57 64 66 67 70 75 82 84 85 88 93 100 
 Total col=29, Total row=27
 bc#: 927
 c: 2 5 6 8 10 13 14 17 19 22 23 25 28 29 31 34 36 39 40 42 45 46 48 51 53 54 56 59 60 62 65 66 68 71 73 74 76 79 80 82 85 86 88 91 93 94 96 99 100 
 r: 13 31 3 21 39 49 57 67 75 85 93 
 Total col=49, Total row=11
 bc#: 928
 c: 6 13 29 34 40 46 51 60 65 66 68 71 80 82 86 88 91 94 96 99 
 r: 13 32 2 3 14 20 21 31 38 39 49 50 56 57 67 68 74 75 85 86 92 93 
 Total col=20, Total row=22
 bc#: 929
 c: 5 6 8 14 17 22 23 25 28 29 31 34 40 46 60 66 73 79 93 99 
 r: 13 33 3 9 11 15 21 27 29 31 39 45 47 49 51 57 63 65 67 69 75 81 83 85 87 93 99 
 Total col=20, Total row=27
 bc#: 930
 c: 2 10 13 19 36 39 42 45 48 51 53 54 56 59 62 65 68 71 74 76 80 82 85 86 88 91 94 96 100 
 r: 13 34 3 10 12 16 21 28 30 31 39 46 48 49 52 57 64 66 67 70 75 82 84 85 88 93 100 
 Total col=29, Total row=27
 bc#: 931
 c: 2 5 6 8 14 17 22 28 34 36 39 40 42 45 46 48 51 54 60 66 76 82 88 93 94 96 99 100 
 r: 13 35 3 7 17 21 25 31 39 43 49 53 57 61 67 71 75 79 85 89 93 97 
 Total col=28, Total row=22
 bc#: 932
 c: 10 13 19 22 25 28 31 42 45 48 51 53 54 56 60 65 66 73 76 79 82 85 88 91 93 94 
 r: 13 36 3 8 18 21 26 31 39 44 49 54 57 62 67 72 75 80 85 90 93 98 
 Total col=26, Total row=22
 bc#: 933
 c: 2 8 10 14 17 19 22 25 28 31 39 45 46 53 59 60 62 65 66 68 71 73 74 76 79 80 86 94 100 
 r: 13 37 3 19 21 31 39 49 55 57 67 73 75 85 91 93 
 Total col=29, Total row=16
 bc#: 934
 c: 6 13 29 34 40 46 51 60 65 66 68 71 80 82 86 88 91 94 96 99 
 r: 13 38 2 3 14 20 21 31 32 39 49 50 56 57 67 68 74 75 85 86 92 93 
 Total col=20, Total row=22
 bc#: 935
 c: 2 5 6 8 10 13 14 17 19 22 23 25 28 29 31 34 36 39 40 42 45 46 48 51 53 54 56 59 60 62 65 66 68 71 73 74 76 79 80 82 85 86 88 91 93 94 96 99 100 
 r: 13 39 3 21 31 49 57 67 75 85 93 
 Total col=49, Total row=11
 bc#: 936
 c: 2 10 14 19 29 31 40 42 46 48 51 53 60 65 66 68 71 74 76 79 85 86 88 91 93 94 96 99 
 r: 13 40 3 4 21 22 31 39 49 57 58 67 75 76 85 93 94 
 Total col=28, Total row=17
 bc#: 937
 c: 5 6 8 13 17 22 23 25 28 34 36 39 45 54 56 59 62 73 80 82 100 
 r: 13 41 3 5 21 23 31 39 49 57 59 67 75 77 85 93 95 
 Total col=21, Total row=17
 bc#: 938
 c: 10 19 29 31 40 42 46 48 51 53 54 59 60 62 65 68 71 73 76 79 82 86 93 
 r: 13 42 3 6 21 24 31 39 49 57 60 67 75 78 85 93 96 
 Total col=23, Total row=17
 bc#: 939
 c: 2 5 6 8 14 17 22 28 34 36 39 40 42 45 46 48 51 54 60 66 76 82 88 93 94 96 99 100 
 r: 13 43 3 7 17 21 25 31 35 39 49 53 57 61 67 71 75 79 85 89 93 97 
 Total col=28, Total row=22
 bc#: 940
 c: 10 13 19 22 25 28 31 42 45 48 51 53 54 56 60 65 66 73 76 79 82 85 88 91 93 94 
 r: 13 44 3 8 18 21 26 31 36 39 49 54 57 62 67 72 75 80 85 90 93 98 
 Total col=26, Total row=22
 bc#: 941
 c: 5 6 8 14 17 22 23 25 28 29 31 34 40 46 60 66 73 79 93 99 
 r: 13 45 3 9 11 15 21 27 29 31 33 39 47 49 51 57 63 65 67 69 75 81 83 85 87 93 99 
 Total col=20, Total row=27
 bc#: 942
 c: 2 10 13 19 36 39 42 45 48 51 53 54 56 59 62 65 68 71 74 76 80 82 85 86 88 91 94 96 100 
 r: 13 46 3 10 12 16 21 28 30 31 34 39 48 49 52 57 64 66 67 70 75 82 84 85 88 93 100 
 Total col=29, Total row=27
 bc#: 943
 c: 5 6 8 14 17 22 23 25 28 29 31 34 40 46 60 66 73 79 93 99 
 r: 13 47 3 9 11 15 21 27 29 31 33 39 45 49 51 57 63 65 67 69 75 81 83 85 87 93 99 
 Total col=20, Total row=27
 bc#: 944
 c: 2 10 13 19 36 39 42 45 48 51 53 54 56 59 62 65 68 71 74 76 80 82 85 86 88 91 94 96 100 
 r: 13 48 3 10 12 16 21 28 30 31 34 39 46 49 52 57 64 66 67 70 75 82 84 85 88 93 100 
 Total col=29, Total row=27
 bc#: 945
 c: 2 5 6 8 10 13 14 17 19 22 23 25 28 29 31 34 36 39 40 42 45 46 48 51 53 54 56 59 60 62 65 66 68 71 73 74 76 79 80 82 85 86 88 91 93 94 96 99 100 
 r: 13 49 3 21 31 39 57 67 75 85 93 
 Total col=49, Total row=11
 bc#: 946
 c: 6 13 29 34 40 46 51 60 65 66 68 71 80 82 86 88 91 94 96 99 
 r: 13 50 2 3 14 20 21 31 32 38 39 49 56 57 67 68 74 75 85 86 92 93 
 Total col=20, Total row=22
 bc#: 947
 c: 5 6 8 14 17 22 23 25 28 29 31 34 40 46 60 66 73 79 93 99 
 r: 13 51 3 9 11 15 21 27 29 31 33 39 45 47 49 57 63 65 67 69 75 81 83 85 87 93 99 
 Total col=20, Total row=27
 bc#: 948
 c: 2 10 13 19 36 39 42 45 48 51 53 54 56 59 62 65 68 71 74 76 80 82 85 86 88 91 94 96 100 
 r: 13 52 3 10 12 16 21 28 30 31 34 39 46 48 49 57 64 66 67 70 75 82 84 85 88 93 100 
 Total col=29, Total row=27
 bc#: 949
 c: 2 5 6 8 14 17 22 28 34 36 39 40 42 45 46 48 51 54 60 66 76 82 88 93 94 96 99 100 
 r: 13 53 3 7 17 21 25 31 35 39 43 49 57 61 67 71 75 79 85 89 93 97 
 Total col=28, Total row=22
 bc#: 950
 c: 10 13 19 22 25 28 31 42 45 48 51 53 54 56 60 65 66 73 76 79 82 85 88 91 93 94 
 r: 13 54 3 8 18 21 26 31 36 39 44 49 57 62 67 72 75 80 85 90 93 98 
 Total col=26, Total row=22
 bc#: 951
 c: 2 8 10 14 17 19 22 25 28 31 39 45 46 53 59 60 62 65 66 68 71 73 74 76 79 80 86 94 100 
 r: 13 55 3 19 21 31 37 39 49 57 67 73 75 85 91 93 
 Total col=29, Total row=16
 bc#: 952
 c: 6 13 29 34 40 46 51 60 65 66 68 71 80 82 86 88 91 94 96 99 
 r: 13 56 2 3 14 20 21 31 32 38 39 49 50 57 67 68 74 75 85 86 92 93 
 Total col=20, Total row=22
 bc#: 953
 c: 2 5 6 8 10 13 14 17 19 22 23 25 28 29 31 34 36 39 40 42 45 46 48 51 53 54 56 59 60 62 65 66 68 71 73 74 76 79 80 82 85 86 88 91 93 94 96 99 100 
 r: 13 57 3 21 31 39 49 67 75 85 93 
 Total col=49, Total row=11
 bc#: 954
 c: 2 10 14 19 29 31 40 42 46 48 51 53 60 65 66 68 71 74 76 79 85 86 88 91 93 94 96 99 
 r: 13 58 3 4 21 22 31 39 40 49 57 67 75 76 85 93 94 
 Total col=28, Total row=17
 bc#: 955
 c: 5 6 8 13 17 22 23 25 28 34 36 39 45 54 56 59 62 73 80 82 100 
 r: 13 59 3 5 21 23 31 39 41 49 57 67 75 77 85 93 95 
 Total col=21, Total row=17
 bc#: 956
 c: 10 19 29 31 40 42 46 48 51 53 54 59 60 62 65 68 71 73 76 79 82 86 93 
 r: 13 60 3 6 21 24 31 39 42 49 57 67 75 78 85 93 96 
 Total col=23, Total row=17
 bc#: 957
 c: 2 5 6 8 14 17 22 28 34 36 39 40 42 45 46 48 51 54 60 66 76 82 88 93 94 96 99 100 
 r: 13 61 3 7 17 21 25 31 35 39 43 49 53 57 67 71 75 79 85 89 93 97 
 Total col=28, Total row=22
 bc#: 958
 c: 10 13 19 22 25 28 31 42 45 48 51 53 54 56 60 65 66 73 76 79 82 85 88 91 93 94 
 r: 13 62 3 8 18 21 26 31 36 39 44 49 54 57 67 72 75 80 85 90 93 98 
 Total col=26, Total row=22
 bc#: 959
 c: 5 6 8 14 17 22 23 25 28 29 31 34 40 46 60 66 73 79 93 99 
 r: 13 63 3 9 11 15 21 27 29 31 33 39 45 47 49 51 57 65 67 69 75 81 83 85 87 93 99 
 Total col=20, Total row=27
 bc#: 960
 c: 2 10 13 19 36 39 42 45 48 51 53 54 56 59 62 65 68 71 74 76 80 82 85 86 88 91 94 96 100 
 r: 13 64 3 10 12 16 21 28 30 31 34 39 46 48 49 52 57 66 67 70 75 82 84 85 88 93 100 
 Total col=29, Total row=27
 bc#: 961
 c: 5 6 8 14 17 22 23 25 28 29 31 34 40 46 60 66 73 79 93 99 
 r: 13 65 3 9 11 15 21 27 29 31 33 39 45 47 49 51 57 63 67 69 75 81 83 85 87 93 99 
 Total col=20, Total row=27
 bc#: 962
 c: 2 10 13 19 36 39 42 45 48 51 53 54 56 59 62 65 68 71 74 76 80 82 85 86 88 91 94 96 100 
 r: 13 66 3 10 12 16 21 28 30 31 34 39 46 48 49 52 57 64 67 70 75 82 84 85 88 93 100 
 Total col=29, Total row=27
 bc#: 963
 c: 2 5 6 8 10 13 14 17 19 22 23 25 28 29 31 34 36 39 40 42 45 46 48 51 53 54 56 59 60 62 65 66 68 71 73 74 76 79 80 82 85 86 88 91 93 94 96 99 100 
 r: 13 67 3 21 31 39 49 57 75 85 93 
 Total col=49, Total row=11
 bc#: 964
 c: 6 13 29 34 40 46 51 60 65 66 68 71 80 82 86 88 91 94 96 99 
 r: 13 68 2 3 14 20 21 31 32 38 39 49 50 56 57 67 74 75 85 86 92 93 
 Total col=20, Total row=22
 bc#: 965
 c: 5 6 8 14 17 22 23 25 28 29 31 34 40 46 60 66 73 79 93 99 
 r: 13 69 3 9 11 15 21 27 29 31 33 39 45 47 49 51 57 63 65 67 75 81 83 85 87 93 99 
 Total col=20, Total row=27
 bc#: 966
 c: 2 10 13 19 36 39 42 45 48 51 53 54 56 59 62 65 68 71 74 76 80 82 85 86 88 91 94 96 100 
 r: 13 70 3 10 12 16 21 28 30 31 34 39 46 48 49 52 57 64 66 67 75 82 84 85 88 93 100 
 Total col=29, Total row=27
 bc#: 967
 c: 2 5 6 8 14 17 22 28 34 36 39 40 42 45 46 48 51 54 60 66 76 82 88 93 94 96 99 100 
 r: 13 71 3 7 17 21 25 31 35 39 43 49 53 57 61 67 75 79 85 89 93 97 
 Total col=28, Total row=22
 bc#: 968
 c: 10 13 19 22 25 28 31 42 45 48 51 53 54 56 60 65 66 73 76 79 82 85 88 91 93 94 
 r: 13 72 3 8 18 21 26 31 36 39 44 49 54 57 62 67 75 80 85 90 93 98 
 Total col=26, Total row=22
 bc#: 969
 c: 2 8 10 14 17 19 22 25 28 31 39 45 46 53 59 60 62 65 66 68 71 73 74 76 79 80 86 94 100 
 r: 13 73 3 19 21 31 37 39 49 55 57 67 75 85 91 93 
 Total col=29, Total row=16
 bc#: 970
 c: 6 13 29 34 40 46 51 60 65 66 68 71 80 82 86 88 91 94 96 99 
 r: 13 74 2 3 14 20 21 31 32 38 39 49 50 56 57 67 68 75 85 86 92 93 
 Total col=20, Total row=22
 bc#: 971
 c: 2 5 6 8 10 13 14 17 19 22 23 25 28 29 31 34 36 39 40 42 45 46 48 51 53 54 56 59 60 62 65 66 68 71 73 74 76 79 80 82 85 86 88 91 93 94 96 99 100 
 r: 13 75 3 21 31 39 49 57 67 85 93 
 Total col=49, Total row=11
 bc#: 972
 c: 2 10 14 19 29 31 40 42 46 48 51 53 60 65 66 68 71 74 76 79 85 86 88 91 93 94 96 99 
 r: 13 76 3 4 21 22 31 39 40 49 57 58 67 75 85 93 94 
 Total col=28, Total row=17
 bc#: 973
 c: 5 6 8 13 17 22 23 25 28 34 36 39 45 54 56 59 62 73 80 82 100 
 r: 13 77 3 5 21 23 31 39 41 49 57 59 67 75 85 93 95 
 Total col=21, Total row=17
 bc#: 974
 c: 10 19 29 31 40 42 46 48 51 53 54 59 60 62 65 68 71 73 76 79 82 86 93 
 r: 13 78 3 6 21 24 31 39 42 49 57 60 67 75 85 93 96 
 Total col=23, Total row=17
 bc#: 975
 c: 2 5 6 8 14 17 22 28 34 36 39 40 42 45 46 48 51 54 60 66 76 82 88 93 94 96 99 100 
 r: 13 79 3 7 17 21 25 31 35 39 43 49 53 57 61 67 71 75 85 89 93 97 
 Total col=28, Total row=22
 bc#: 976
 c: 10 13 19 22 25 28 31 42 45 48 51 53 54 56 60 65 66 73 76 79 82 85 88 91 93 94 
 r: 13 80 3 8 18 21 26 31 36 39 44 49 54 57 62 67 72 75 85 90 93 98 
 Total col=26, Total row=22
 bc#: 977
 c: 5 6 8 14 17 22 23 25 28 29 31 34 40 46 60 66 73 79 93 99 
 r: 13 81 3 9 11 15 21 27 29 31 33 39 45 47 49 51 57 63 65 67 69 75 83 85 87 93 99 
 Total col=20, Total row=27
 bc#: 978
 c: 2 10 13 19 36 39 42 45 48 51 53 54 56 59 62 65 68 71 74 76 80 82 85 86 88 91 94 96 100 
 r: 13 82 3 10 12 16 21 28 30 31 34 39 46 48 49 52 57 64 66 67 70 75 84 85 88 93 100 
 Total col=29, Total row=27
 bc#: 979
 c: 5 6 8 14 17 22 23 25 28 29 31 34 40 46 60 66 73 79 93 99 
 r: 13 83 3 9 11 15 21 27 29 31 33 39 45 47 49 51 57 63 65 67 69 75 81 85 87 93 99 
 Total col=20, Total row=27
 bc#: 980
 c: 2 10 13 19 36 39 42 45 48 51 53 54 56 59 62 65 68 71 74 76 80 82 85 86 88 91 94 96 100 
 r: 13 84 3 10 12 16 21 28 30 31 34 39 46 48 49 52 57 64 66 67 70 75 82 85 88 93 100 
 Total col=29, Total row=27
 bc#: 981
 c: 2 5 6 8 10 13 14 17 19 22 23 25 28 29 31 34 36 39 40 42 45 46 48 51 53 54 56 59 60 62 65 66 68 71 73 74 76 79 80 82 85 86 88 91 93 94 96 99 100 
 r: 13 85 3 21 31 39 49 57 67 75 93 
 Total col=49, Total row=11
 bc#: 982
 c: 6 13 29 34 40 46 51 60 65 66 68 71 80 82 86 88 91 94 96 99 
 r: 13 86 2 3 14 20 21 31 32 38 39 49 50 56 57 67 68 74 75 85 92 93 
 Total col=20, Total row=22
 bc#: 983
 c: 5 6 8 14 17 22 23 25 28 29 31 34 40 46 60 66 73 79 93 99 
 r: 13 87 3 9 11 15 21 27 29 31 33 39 45 47 49 51 57 63 65 67 69 75 81 83 85 93 99 
 Total col=20, Total row=27
 bc#: 984
 c: 2 10 13 19 36 39 42 45 48 51 53 54 56 59 62 65 68 71 74 76 80 82 85 86 88 91 94 96 100 
 r: 13 88 3 10 12 16 21 28 30 31 34 39 46 48 49 52 57 64 66 67 70 75 82 84 85 93 100 
 Total col=29, Total row=27
 bc#: 985
 c: 2 5 6 8 14 17 22 28 34 36 39 40 42 45 46 48 51 54 60 66 76 82 88 93 94 96 99 100 
 r: 13 89 3 7 17 21 25 31 35 39 43 49 53 57 61 67 71 75 79 85 93 97 
 Total col=28, Total row=22
 bc#: 986
 c: 10 13 19 22 25 28 31 42 45 48 51 53 54 56 60 65 66 73 76 79 82 85 88 91 93 94 
 r: 13 90 3 8 18 21 26 31 36 39 44 49 54 57 62 67 72 75 80 85 93 98 
 Total col=26, Total row=22
 bc#: 987
 c: 2 8 10 14 17 19 22 25 28 31 39 45 46 53 59 60 62 65 66 68 71 73 74 76 79 80 86 94 100 
 r: 13 91 3 19 21 31 37 39 49 55 57 67 73 75 85 93 
 Total col=29, Total row=16
 bc#: 988
 c: 6 13 29 34 40 46 51 60 65 66 68 71 80 82 86 88 91 94 96 99 
 r: 13 92 2 3 14 20 21 31 32 38 39 49 50 56 57 67 68 74 75 85 86 93 
 Total col=20, Total row=22
 bc#: 989
 c: 2 5 6 8 10 13 14 17 19 22 23 25 28 29 31 34 36 39 40 42 45 46 48 51 53 54 56 59 60 62 65 66 68 71 73 74 76 79 80 82 85 86 88 91 93 94 96 99 100 
 r: 13 93 3 21 31 39 49 57 67 75 85 
 Total col=49, Total row=11
 bc#: 990
 c: 2 10 14 19 29 31 40 42 46 48 51 53 60 65 66 68 71 74 76 79 85 86 88 91 93 94 96 99 
 r: 13 94 3 4 21 22 31 39 40 49 57 58 67 75 76 85 93 
 Total col=28, Total row=17
 bc#: 991
 c: 5 6 8 13 17 22 23 25 28 34 36 39 45 54 56 59 62 73 80 82 100 
 r: 13 95 3 5 21 23 31 39 41 49 57 59 67 75 77 85 93 
 Total col=21, Total row=17
 bc#: 992
 c: 10 19 29 31 40 42 46 48 51 53 54 59 60 62 65 68 71 73 76 79 82 86 93 
 r: 13 96 3 6 21 24 31 39 42 49 57 60 67 75 78 85 93 
 Total col=23, Total row=17
 bc#: 993
 c: 2 5 6 8 14 17 22 28 34 36 39 40 42 45 46 48 51 54 60 66 76 82 88 93 94 96 99 100 
 r: 13 97 3 7 17 21 25 31 35 39 43 49 53 57 61 67 71 75 79 85 89 93 
 Total col=28, Total row=22
 bc#: 994
 c: 10 13 19 22 25 28 31 42 45 48 51 53 54 56 60 65 66 73 76 79 82 85 88 91 93 94 
 r: 13 98 3 8 18 21 26 31 36 39 44 49 54 57 62 67 72 75 80 85 90 93 
 Total col=26, Total row=22
 bc#: 995
 c: 5 6 8 14 17 22 23 25 28 29 31 34 40 46 60 66 73 79 93 99 
 r: 13 99 3 9 11 15 21 27 29 31 33 39 45 47 49 51 57 63 65 67 69 75 81 83 85 87 93 
 Total col=20, Total row=27
 bc#: 996
 c: 2 10 13 19 36 39 42 45 48 51 53 54 56 59 62 65 68 71 74 76 80 82 85 86 88 91 94 96 100 
 r: 13 100 3 10 12 16 21 28 30 31 34 39 46 48 49 52 57 64 66 67 70 75 82 84 85 88 93 
 Total col=29, Total row=27
 bc#: 997
 c: 3 6 11 20 29 34 35 37 40 41 46 47 49 52 55 58 60 63 66 72 75 78 99 
 r: 14 15 2 9 11 20 27 29 32 33 38 45 47 50 51 56 63 65 68 69 74 81 83 86 87 92 99 
 Total col=23, Total row=27
 bc#: 998
 c: 1 4 9 13 15 16 18 21 24 26 27 32 44 51 57 65 68 71 77 80 82 83 86 88 89 91 94 96 97 
 r: 14 16 2 10 12 20 28 30 32 34 38 46 48 50 52 56 64 66 68 70 74 82 84 86 88 92 100 
 Total col=29, Total row=27
 bc#: 999
 c: 4 6 11 20 21 24 27 34 40 46 51 52 57 58 60 63 66 72 75 78 82 88 94 96 99 
 r: 14 17 2 7 20 25 32 35 38 43 50 53 56 61 68 71 74 79 86 89 92 97 
 Total col=25, Total row=22
 bc#: 1000
 c: 1 4 9 13 15 16 18 27 32 35 37 41 47 51 57 60 63 65 66 75 82 88 91 94 97 
 r: 14 18 2 8 20 26 32 36 38 44 50 54 56 62 68 72 74 80 86 90 92 98 
 Total col=25, Total row=22
 bc#: 1001
 c: 4 11 16 26 32 35 41 46 49 52 55 58 60 65 66 68 71 80 86 89 94 97 
 r: 14 19 2 20 32 37 38 50 55 56 68 73 74 86 91 92 
 Total col=22, Total row=16
 bc#: 1002
 c: 6 13 29 34 40 46 51 60 65 66 68 71 80 82 86 88 91 94 96 99 
 r: 14 21 2 3 13 20 31 32 38 39 49 50 56 57 67 68 74 75 85 86 92 93 
 Total col=20, Total row=22
 bc#: 1003
 c: 3 6 11 13 15 20 34 41 44 47 52 72 75 78 80 82 89 97 
 r: 14 23 2 5 20 32 38 41 50 56 59 68 74 77 86 92 95 
 Total col=18, Total row=17
 bc#: 1004
 c: 1 3 4 9 15 16 18 21 24 26 27 29 32 35 37 40 46 49 51 57 60 65 68 71 75 82 86 97 
 r: 14 24 2 6 20 32 38 42 50 56 60 68 74 78 86 92 96 
 Total col=28, Total row=17
 bc#: 1005
 c: 4 6 11 20 21 24 27 34 40 46 51 52 57 58 60 63 66 72 75 78 82 88 94 96 99 
 r: 14 25 2 7 17 20 32 35 38 43 50 53 56 61 68 71 74 79 86 89 92 97 
 Total col=25, Total row=22
 bc#: 1006
 c: 1 4 9 13 15 16 18 27 32 35 37 41 47 51 57 60 63 65 66 75 82 88 91 94 97 
 r: 14 26 2 8 18 20 32 36 38 44 50 54 56 62 68 72 74 80 86 90 92 98 
 Total col=25, Total row=22
 bc#: 1007
 c: 3 6 11 20 29 34 35 37 40 41 46 47 49 52 55 58 60 63 66 72 75 78 99 
 r: 14 27 2 9 11 15 20 29 32 33 38 45 47 50 51 56 63 65 68 69 74 81 83 86 87 92 99 
 Total col=23, Total row=27
 bc#: 1008
 c: 1 4 9 13 15 16 18 21 24 26 27 32 44 51 57 65 68 71 77 80 82 83 86 88 89 91 94 96 97 
 r: 14 28 2 10 12 16 20 30 32 34 38 46 48 50 52 56 64 66 68 70 74 82 84 86 88 92 100 
 Total col=29, Total row=27
 bc#: 1009
 c: 3 6 11 20 29 34 35 37 40 41 46 47 49 52 55 58 60 63 66 72 75 78 99 
 r: 14 29 2 9 11 15 20 27 32 33 38 45 47 50 51 56 63 65 68 69 74 81 83 86 87 92 99 
 Total col=23, Total row=27
 bc#: 1010
 c: 1 4 9 13 15 16 18 21 24 26 27 32 44 51 57 65 68 71 77 80 82 83 86 88 89 91 94 96 97 
 r: 14 30 2 10 12 16 20 28 32 34 38 46 48 50 52 56 64 66 68 70 74 82 84 86 88 92 100 
 Total col=29, Total row=27
 bc#: 1011
 c: 6 13 29 34 40 46 51 60 65 66 68 71 80 82 86 88 91 94 96 99 
 r: 14 31 2 3 13 20 21 32 38 39 49 50 56 57 67 68 74 75 85 86 92 93 
 Total col=20, Total row=22
 bc#: 1012
 c: 3 6 11 20 29 34 35 37 40 41 46 47 49 52 55 58 60 63 66 72 75 78 99 
 r: 14 33 2 9 11 15 20 27 29 32 38 45 47 50 51 56 63 65 68 69 74 81 83 86 87 92 99 
 Total col=23, Total row=27
 bc#: 1013
 c: 1 4 9 13 15 16 18 21 24 26 27 32 44 51 57 65 68 71 77 80 82 83 86 88 89 91 94 96 97 
 r: 14 34 2 10 12 16 20 28 30 32 38 46 48 50 52 56 64 66 68 70 74 82 84 86 88 92 100 
 Total col=29, Total row=27
 bc#: 1014
 c: 4 6 11 20 21 24 27 34 40 46 51 52 57 58 60 63 66 72 75 78 82 88 94 96 99 
 r: 14 35 2 7 17 20 25 32 38 43 50 53 56 61 68 71 74 79 86 89 92 97 
 Total col=25, Total row=22
 bc#: 1015
 c: 1 4 9 13 15 16 18 27 32 35 37 41 47 51 57 60 63 65 66 75 82 88 91 94 97 
 r: 14 36 2 8 18 20 26 32 38 44 50 54 56 62 68 72 74 80 86 90 92 98 
 Total col=25, Total row=22
 bc#: 1016
 c: 4 11 16 26 32 35 41 46 49 52 55 58 60 65 66 68 71 80 86 89 94 97 
 r: 14 37 2 19 20 32 38 50 55 56 68 73 74 86 91 92 
 Total col=22, Total row=16
 bc#: 1017
 c: 6 13 29 34 40 46 51 60 65 66 68 71 80 82 86 88 91 94 96 99 
 r: 14 39 2 3 13 20 21 31 32 38 49 50 56 57 67 68 74 75 85 86 92 93 
 Total col=20, Total row=22
 bc#: 1018
 c: 3 6 11 13 15 20 34 41 44 47 52 72 75 78 80 82 89 97 
 r: 14 41 2 5 20 23 32 38 50 56 59 68 74 77 86 92 95 
 Total col=18, Total row=17
 bc#: 1019
 c: 1 3 4 9 15 16 18 21 24 26 27 29 32 35 37 40 46 49 51 57 60 65 68 71 75 82 86 97 
 r: 14 42 2 6 20 24 32 38 50 56 60 68 74 78 86 92 96 
 Total col=28, Total row=17
 bc#: 1020
 c: 4 6 11 20 21 24 27 34 40 46 51 52 57 58 60 63 66 72 75 78 82 88 94 96 99 
 r: 14 43 2 7 17 20 25 32 35 38 50 53 56 61 68 71 74 79 86 89 92 97 
 Total col=25, Total row=22
 bc#: 1021
 c: 1 4 9 13 15 16 18 27 32 35 37 41 47 51 57 60 63 65 66 75 82 88 91 94 97 
 r: 14 44 2 8 18 20 26 32 36 38 50 54 56 62 68 72 74 80 86 90 92 98 
 Total col=25, Total row=22
 bc#: 1022
 c: 3 6 11 20 29 34 35 37 40 41 46 47 49 52 55 58 60 63 66 72 75 78 99 
 r: 14 45 2 9 11 15 20 27 29 32 33 38 47 50 51 56 63 65 68 69 74 81 83 86 87 92 99 
 Total col=23, Total row=27
 bc#: 1023
 c: 1 4 9 13 15 16 18 21 24 26 27 32 44 51 57 65 68 71 77 80 82 83 86 88 89 91 94 96 97 
 r: 14 46 2 10 12 16 20 28 30 32 34 38 48 50 52 56 64 66 68 70 74 82 84 86 88 92 100 
 Total col=29, Total row=27
 bc#: 1024
 c: 3 6 11 20 29 34 35 37 40 41 46 47 49 52 55 58 60 63 66 72 75 78 99 
 r: 14 47 2 9 11 15 20 27 29 32 33 38 45 50 51 56 63 65 68 69 74 81 83 86 87 92 99 
 Total col=23, Total row=27
 bc#: 1025
 c: 1 4 9 13 15 16 18 21 24 26 27 32 44 51 57 65 68 71 77 80 82 83 86 88 89 91 94 96 97 
 r: 14 48 2 10 12 16 20 28 30 32 34 38 46 50 52 56 64 66 68 70 74 82 84 86 88 92 100 
 Total col=29, Total row=27
 bc#: 1026
 c: 6 13 29 34 40 46 51 60 65 66 68 71 80 82 86 88 91 94 96 99 
 r: 14 49 2 3 13 20 21 31 32 38 39 50 56 57 67 68 74 75 85 86 92 93 
 Total col=20, Total row=22
 bc#: 1027
 c: 3 6 11 20 29 34 35 37 40 41 46 47 49 52 55 58 60 63 66 72 75 78 99 
 r: 14 51 2 9 11 15 20 27 29 32 33 38 45 47 50 56 63 65 68 69 74 81 83 86 87 92 99 
 Total col=23, Total row=27
 bc#: 1028
 c: 1 4 9 13 15 16 18 21 24 26 27 32 44 51 57 65 68 71 77 80 82 83 86 88 89 91 94 96 97 
 r: 14 52 2 10 12 16 20 28 30 32 34 38 46 48 50 56 64 66 68 70 74 82 84 86 88 92 100 
 Total col=29, Total row=27
 bc#: 1029
 c: 4 6 11 20 21 24 27 34 40 46 51 52 57 58 60 63 66 72 75 78 82 88 94 96 99 
 r: 14 53 2 7 17 20 25 32 35 38 43 50 56 61 68 71 74 79 86 89 92 97 
 Total col=25, Total row=22
 bc#: 1030
 c: 1 4 9 13 15 16 18 27 32 35 37 41 47 51 57 60 63 65 66 75 82 88 91 94 97 
 r: 14 54 2 8 18 20 26 32 36 38 44 50 56 62 68 72 74 80 86 90 92 98 
 Total col=25, Total row=22
 bc#: 1031
 c: 4 11 16 26 32 35 41 46 49 52 55 58 60 65 66 68 71 80 86 89 94 97 
 r: 14 55 2 19 20 32 37 38 50 56 68 73 74 86 91 92 
 Total col=22, Total row=16
 bc#: 1032
 c: 6 13 29 34 40 46 51 60 65 66 68 71 80 82 86 88 91 94 96 99 
 r: 14 57 2 3 13 20 21 31 32 38 39 49 50 56 67 68 74 75 85 86 92 93 
 Total col=20, Total row=22
 bc#: 1033
 c: 3 6 11 13 15 20 34 41 44 47 52 72 75 78 80 82 89 97 
 r: 14 59 2 5 20 23 32 38 41 50 56 68 74 77 86 92 95 
 Total col=18, Total row=17
 bc#: 1034
 c: 1 3 4 9 15 16 18 21 24 26 27 29 32 35 37 40 46 49 51 57 60 65 68 71 75 82 86 97 
 r: 14 60 2 6 20 24 32 38 42 50 56 68 74 78 86 92 96 
 Total col=28, Total row=17
 bc#: 1035
 c: 4 6 11 20 21 24 27 34 40 46 51 52 57 58 60 63 66 72 75 78 82 88 94 96 99 
 r: 14 61 2 7 17 20 25 32 35 38 43 50 53 56 68 71 74 79 86 89 92 97 
 Total col=25, Total row=22
 bc#: 1036
 c: 1 4 9 13 15 16 18 27 32 35 37 41 47 51 57 60 63 65 66 75 82 88 91 94 97 
 r: 14 62 2 8 18 20 26 32 36 38 44 50 54 56 68 72 74 80 86 90 92 98 
 Total col=25, Total row=22
 bc#: 1037
 c: 3 6 11 20 29 34 35 37 40 41 46 47 49 52 55 58 60 63 66 72 75 78 99 
 r: 14 63 2 9 11 15 20 27 29 32 33 38 45 47 50 51 56 65 68 69 74 81 83 86 87 92 99 
 Total col=23, Total row=27
 bc#: 1038
 c: 1 4 9 13 15 16 18 21 24 26 27 32 44 51 57 65 68 71 77 80 82 83 86 88 89 91 94 96 97 
 r: 14 64 2 10 12 16 20 28 30 32 34 38 46 48 50 52 56 66 68 70 74 82 84 86 88 92 100 
 Total col=29, Total row=27
 bc#: 1039
 c: 3 6 11 20 29 34 35 37 40 41 46 47 49 52 55 58 60 63 66 72 75 78 99 
 r: 14 65 2 9 11 15 20 27 29 32 33 38 45 47 50 51 56 63 68 69 74 81 83 86 87 92 99 
 Total col=23, Total row=27
 bc#: 1040
 c: 1 4 9 13 15 16 18 21 24 26 27 32 44 51 57 65 68 71 77 80 82 83 86 88 89 91 94 96 97 
 r: 14 66 2 10 12 16 20 28 30 32 34 38 46 48 50 52 56 64 68 70 74 82 84 86 88 92 100 
 Total col=29, Total row=27
 bc#: 1041
 c: 6 13 29 34 40 46 51 60 65 66 68 71 80 82 86 88 91 94 96 99 
 r: 14 67 2 3 13 20 21 31 32 38 39 49 50 56 57 68 74 75 85 86 92 93 
 Total col=20, Total row=22
 bc#: 1042
 c: 3 6 11 20 29 34 35 37 40 41 46 47 49 52 55 58 60 63 66 72 75 78 99 
 r: 14 69 2 9 11 15 20 27 29 32 33 38 45 47 50 51 56 63 65 68 74 81 83 86 87 92 99 
 Total col=23, Total row=27
 bc#: 1043
 c: 1 4 9 13 15 16 18 21 24 26 27 32 44 51 57 65 68 71 77 80 82 83 86 88 89 91 94 96 97 
 r: 14 70 2 10 12 16 20 28 30 32 34 38 46 48 50 52 56 64 66 68 74 82 84 86 88 92 100 
 Total col=29, Total row=27
 bc#: 1044
 c: 4 6 11 20 21 24 27 34 40 46 51 52 57 58 60 63 66 72 75 78 82 88 94 96 99 
 r: 14 71 2 7 17 20 25 32 35 38 43 50 53 56 61 68 74 79 86 89 92 97 
 Total col=25, Total row=22
 bc#: 1045
 c: 1 4 9 13 15 16 18 27 32 35 37 41 47 51 57 60 63 65 66 75 82 88 91 94 97 
 r: 14 72 2 8 18 20 26 32 36 38 44 50 54 56 62 68 74 80 86 90 92 98 
 Total col=25, Total row=22
 bc#: 1046
 c: 4 11 16 26 32 35 41 46 49 52 55 58 60 65 66 68 71 80 86 89 94 97 
 r: 14 73 2 19 20 32 37 38 50 55 56 68 74 86 91 92 
 Total col=22, Total row=16
 bc#: 1047
 c: 6 13 29 34 40 46 51 60 65 66 68 71 80 82 86 88 91 94 96 99 
 r: 14 75 2 3 13 20 21 31 32 38 39 49 50 56 57 67 68 74 85 86 92 93 
 Total col=20, Total row=22
 bc#: 1048
 c: 3 6 11 13 15 20 34 41 44 47 52 72 75 78 80 82 89 97 
 r: 14 77 2 5 20 23 32 38 41 50 56 59 68 74 86 92 95 
 Total col=18, Total row=17
 bc#: 1049
 c: 1 3 4 9 15 16 18 21 24 26 27 29 32 35 37 40 46 49 51 57 60 65 68 71 75 82 86 97 
 r: 14 78 2 6 20 24 32 38 42 50 56 60 68 74 86 92 96 
 Total col=28, Total row=17
 bc#: 1050
 c: 4 6 11 20 21 24 27 34 40 46 51 52 57 58 60 63 66 72 75 78 82 88 94 96 99 
 r: 14 79 2 7 17 20 25 32 35 38 43 50 53 56 61 68 71 74 86 89 92 97 
 Total col=25, Total row=22
 bc#: 1051
 c: 1 4 9 13 15 16 18 27 32 35 37 41 47 51 57 60 63 65 66 75 82 88 91 94 97 
 r: 14 80 2 8 18 20 26 32 36 38 44 50 54 56 62 68 72 74 86 90 92 98 
 Total col=25, Total row=22
 bc#: 1052
 c: 3 6 11 20 29 34 35 37 40 41 46 47 49 52 55 58 60 63 66 72 75 78 99 
 r: 14 81 2 9 11 15 20 27 29 32 33 38 45 47 50 51 56 63 65 68 69 74 83 86 87 92 99 
 Total col=23, Total row=27
 bc#: 1053
 c: 1 4 9 13 15 16 18 21 24 26 27 32 44 51 57 65 68 71 77 80 82 83 86 88 89 91 94 96 97 
 r: 14 82 2 10 12 16 20 28 30 32 34 38 46 48 50 52 56 64 66 68 70 74 84 86 88 92 100 
 Total col=29, Total row=27
 bc#: 1054
 c: 3 6 11 20 29 34 35 37 40 41 46 47 49 52 55 58 60 63 66 72 75 78 99 
 r: 14 83 2 9 11 15 20 27 29 32 33 38 45 47 50 51 56 63 65 68 69 74 81 86 87 92 99 
 Total col=23, Total row=27
 bc#: 1055
 c: 1 4 9 13 15 16 18 21 24 26 27 32 44 51 57 65 68 71 77 80 82 83 86 88 89 91 94 96 97 
 r: 14 84 2 10 12 16 20 28 30 32 34 38 46 48 50 52 56 64 66 68 70 74 82 86 88 92 100 
 Total col=29, Total row=27
 bc#: 1056
 c: 6 13 29 34 40 46 51 60 65 66 68 71 80 82 86 88 91 94 96 99 
 r: 14 85 2 3 13 20 21 31 32 38 39 49 50 56 57 67 68 74 75 86 92 93 
 Total col=20, Total row=22
 bc#: 1057
 c: 3 6 11 20 29 34 35 37 40 41 46 47 49 52 55 58 60 63 66 72 75 78 99 
 r: 14 87 2 9 11 15 20 27 29 32 33 38 45 47 50 51 56 63 65 68 69 74 81 83 86 92 99 
 Total col=23, Total row=27
 bc#: 1058
 c: 1 4 9 13 15 16 18 21 24 26 27 32 44 51 57 65 68 71 77 80 82 83 86 88 89 91 94 96 97 
 r: 14 88 2 10 12 16 20 28 30 32 34 38 46 48 50 52 56 64 66 68 70 74 82 84 86 92 100 
 Total col=29, Total row=27
 bc#: 1059
 c: 4 6 11 20 21 24 27 34 40 46 51 52 57 58 60 63 66 72 75 78 82 88 94 96 99 
 r: 14 89 2 7 17 20 25 32 35 38 43 50 53 56 61 68 71 74 79 86 92 97 
 Total col=25, Total row=22
 bc#: 1060
 c: 1 4 9 13 15 16 18 27 32 35 37 41 47 51 57 60 63 65 66 75 82 88 91 94 97 
 r: 14 90 2 8 18 20 26 32 36 38 44 50 54 56 62 68 72 74 80 86 92 98 
 Total col=25, Total row=22
 bc#: 1061
 c: 4 11 16 26 32 35 41 46 49 52 55 58 60 65 66 68 71 80 86 89 94 97 
 r: 14 91 2 19 20 32 37 38 50 55 56 68 73 74 86 92 
 Total col=22, Total row=16
 bc#: 1062
 c: 6 13 29 34 40 46 51 60 65 66 68 71 80 82 86 88 91 94 96 99 
 r: 14 93 2 3 13 20 21 31 32 38 39 49 50 56 57 67 68 74 75 85 86 92 
 Total col=20, Total row=22
 bc#: 1063
 c: 3 6 11 13 15 20 34 41 44 47 52 72 75 78 80 82 89 97 
 r: 14 95 2 5 20 23 32 38 41 50 56 59 68 74 77 86 92 
 Total col=18, Total row=17
 bc#: 1064
 c: 1 3 4 9 15 16 18 21 24 26 27 29 32 35 37 40 46 49 51 57 60 65 68 71 75 82 86 97 
 r: 14 96 2 6 20 24 32 38 42 50 56 60 68 74 78 86 92 
 Total col=28, Total row=17
 bc#: 1065
 c: 4 6 11 20 21 24 27 34 40 46 51 52 57 58 60 63 66 72 75 78 82 88 94 96 99 
 r: 14 97 2 7 17 20 25 32 35 38 43 50 53 56 61 68 71 74 79 86 89 92 
 Total col=25, Total row=22
 bc#: 1066
 c: 1 4 9 13 15 16 18 27 32 35 37 41 47 51 57 60 63 65 66 75 82 88 91 94 97 
 r: 14 98 2 8 18 20 26 32 36 38 44 50 54 56 62 68 72 74 80 86 90 92 
 Total col=25, Total row=22
 bc#: 1067
 c: 3 6 11 20 29 34 35 37 40 41 46 47 49 52 55 58 60 63 66 72 75 78 99 
 r: 14 99 2 9 11 15 20 27 29 32 33 38 45 47 50 51 56 63 65 68 69 74 81 83 86 87 92 
 Total col=23, Total row=27
 bc#: 1068
 c: 1 4 9 13 15 16 18 21 24 26 27 32 44 51 57 65 68 71 77 80 82 83 86 88 89 91 94 96 97 
 r: 14 100 2 10 12 16 20 28 30 32 34 38 46 48 50 52 56 64 66 68 70 74 82 84 86 88 92 
 Total col=29, Total row=27
 bc#: 1069
 c: 5 6 8 11 12 14 17 20 22 28 34 40 46 52 58 60 63 66 69 72 75 78 81 84 87 90 93 99 
 r: 15 17 7 9 11 25 27 29 33 35 43 45 47 51 53 61 63 65 69 71 79 81 83 87 89 97 99 
 Total col=28, Total row=27
 bc#: 1070
 c: 22 25 28 31 35 37 41 47 60 63 66 69 73 75 79 81 84 93 98 
 r: 15 18 8 9 11 26 27 29 33 36 44 45 47 51 54 62 63 65 69 72 80 81 83 87 90 98 99 
 Total col=19, Total row=27
 bc#: 1071
 c: 8 11 14 17 22 25 28 31 35 41 43 46 49 52 55 58 60 66 73 79 81 84 87 92 95 
 r: 15 19 9 11 27 29 33 37 45 47 51 55 63 65 69 73 81 83 87 91 99 
 Total col=25, Total row=21
 bc#: 1072
 c: 3 6 11 20 29 34 35 37 40 41 46 47 49 52 55 58 60 63 66 72 75 78 99 
 r: 15 20 2 9 11 14 27 29 32 33 38 45 47 50 51 56 63 65 68 69 74 81 83 86 87 92 99 
 Total col=23, Total row=27
 bc#: 1073
 c: 5 6 8 14 17 22 23 25 28 29 31 34 40 46 60 66 73 79 93 99 
 r: 15 21 3 9 11 13 27 29 31 33 39 45 47 49 51 57 63 65 67 69 75 81 83 85 87 93 99 
 Total col=20, Total row=27
 bc#: 1074
 c: 12 14 29 31 35 37 40 43 46 49 55 58 60 63 66 79 81 93 98 99 
 r: 15 22 4 9 11 27 29 33 40 45 47 51 58 63 65 69 76 81 83 87 94 99 
 Total col=20, Total row=22
 bc#: 1075
 c: 3 5 6 8 11 17 20 22 23 25 28 34 41 47 52 61 67 69 72 73 75 78 84 87 90 92 95 
 r: 15 23 5 9 11 27 29 33 41 45 47 51 59 63 65 69 77 81 83 87 95 99 
 Total col=27, Total row=22
 bc#: 1076
 c: 3 12 29 31 35 37 40 43 46 49 60 73 75 79 81 84 87 90 92 93 95 98 
 r: 15 24 6 9 11 27 29 33 42 45 47 51 60 63 65 69 78 81 83 87 96 99 
 Total col=22, Total row=22
 bc#: 1077
 c: 5 6 8 11 12 14 17 20 22 28 34 40 46 52 58 60 63 66 69 72 75 78 81 84 87 90 93 99 
 r: 15 25 7 9 11 17 27 29 33 35 43 45 47 51 53 61 63 65 69 71 79 81 83 87 89 97 99 
 Total col=28, Total row=27
 bc#: 1078
 c: 22 25 28 31 35 37 41 47 60 63 66 69 73 75 79 81 84 93 98 
 r: 15 26 8 9 11 18 27 29 33 36 44 45 47 51 54 62 63 65 69 72 80 81 83 87 90 98 99 
 Total col=19, Total row=27
 bc#: 1079
 c: 5 6 8 14 17 22 23 25 28 29 31 34 40 46 60 66 73 79 93 99 
 r: 15 31 3 9 11 13 21 27 29 33 39 45 47 49 51 57 63 65 67 69 75 81 83 85 87 93 99 
 Total col=20, Total row=27
 bc#: 1080
 c: 3 6 11 20 29 34 35 37 40 41 46 47 49 52 55 58 60 63 66 72 75 78 99 
 r: 15 32 2 9 11 14 20 27 29 33 38 45 47 50 51 56 63 65 68 69 74 81 83 86 87 92 99 
 Total col=23, Total row=27
 bc#: 1081
 c: 5 6 8 11 12 14 17 20 22 28 34 40 46 52 58 60 63 66 69 72 75 78 81 84 87 90 93 99 
 r: 15 35 7 9 11 17 25 27 29 33 43 45 47 51 53 61 63 65 69 71 79 81 83 87 89 97 99 
 Total col=28, Total row=27
 bc#: 1082
 c: 22 25 28 31 35 37 41 47 60 63 66 69 73 75 79 81 84 93 98 
 r: 15 36 8 9 11 18 26 27 29 33 44 45 47 51 54 62 63 65 69 72 80 81 83 87 90 98 99 
 Total col=19, Total row=27
 bc#: 1083
 c: 8 11 14 17 22 25 28 31 35 41 43 46 49 52 55 58 60 66 73 79 81 84 87 92 95 
 r: 15 37 9 11 19 27 29 33 45 47 51 55 63 65 69 73 81 83 87 91 99 
 Total col=25, Total row=21
 bc#: 1084
 c: 3 6 11 20 29 34 35 37 40 41 46 47 49 52 55 58 60 63 66 72 75 78 99 
 r: 15 38 2 9 11 14 20 27 29 32 33 45 47 50 51 56 63 65 68 69 74 81 83 86 87 92 99 
 Total col=23, Total row=27
 bc#: 1085
 c: 5 6 8 14 17 22 23 25 28 29 31 34 40 46 60 66 73 79 93 99 
 r: 15 39 3 9 11 13 21 27 29 31 33 45 47 49 51 57 63 65 67 69 75 81 83 85 87 93 99 
 Total col=20, Total row=27
 bc#: 1086
 c: 12 14 29 31 35 37 40 43 46 49 55 58 60 63 66 79 81 93 98 99 
 r: 15 40 4 9 11 22 27 29 33 45 47 51 58 63 65 69 76 81 83 87 94 99 
 Total col=20, Total row=22
 bc#: 1087
 c: 3 5 6 8 11 17 20 22 23 25 28 34 41 47 52 61 67 69 72 73 75 78 84 87 90 92 95 
 r: 15 41 5 9 11 23 27 29 33 45 47 51 59 63 65 69 77 81 83 87 95 99 
 Total col=27, Total row=22
 bc#: 1088
 c: 3 12 29 31 35 37 40 43 46 49 60 73 75 79 81 84 87 90 92 93 95 98 
 r: 15 42 6 9 11 24 27 29 33 45 47 51 60 63 65 69 78 81 83 87 96 99 
 Total col=22, Total row=22
 bc#: 1089
 c: 5 6 8 11 12 14 17 20 22 28 34 40 46 52 58 60 63 66 69 72 75 78 81 84 87 90 93 99 
 r: 15 43 7 9 11 17 25 27 29 33 35 45 47 51 53 61 63 65 69 71 79 81 83 87 89 97 99 
 Total col=28, Total row=27
 bc#: 1090
 c: 22 25 28 31 35 37 41 47 60 63 66 69 73 75 79 81 84 93 98 
 r: 15 44 8 9 11 18 26 27 29 33 36 45 47 51 54 62 63 65 69 72 80 81 83 87 90 98 99 
 Total col=19, Total row=27
 bc#: 1091
 c: 5 6 8 14 17 22 23 25 28 29 31 34 40 46 60 66 73 79 93 99 
 r: 15 49 3 9 11 13 21 27 29 31 33 39 45 47 51 57 63 65 67 69 75 81 83 85 87 93 99 
 Total col=20, Total row=27
 bc#: 1092
 c: 3 6 11 20 29 34 35 37 40 41 46 47 49 52 55 58 60 63 66 72 75 78 99 
 r: 15 50 2 9 11 14 20 27 29 32 33 38 45 47 51 56 63 65 68 69 74 81 83 86 87 92 99 
 Total col=23, Total row=27
 bc#: 1093
 c: 5 6 8 11 12 14 17 20 22 28 34 40 46 52 58 60 63 66 69 72 75 78 81 84 87 90 93 99 
 r: 15 53 7 9 11 17 25 27 29 33 35 43 45 47 51 61 63 65 69 71 79 81 83 87 89 97 99 
 Total col=28, Total row=27
 bc#: 1094
 c: 22 25 28 31 35 37 41 47 60 63 66 69 73 75 79 81 84 93 98 
 r: 15 54 8 9 11 18 26 27 29 33 36 44 45 47 51 62 63 65 69 72 80 81 83 87 90 98 99 
 Total col=19, Total row=27
 bc#: 1095
 c: 8 11 14 17 22 25 28 31 35 41 43 46 49 52 55 58 60 66 73 79 81 84 87 92 95 
 r: 15 55 9 11 19 27 29 33 37 45 47 51 63 65 69 73 81 83 87 91 99 
 Total col=25, Total row=21
 bc#: 1096
 c: 3 6 11 20 29 34 35 37 40 41 46 47 49 52 55 58 60 63 66 72 75 78 99 
 r: 15 56 2 9 11 14 20 27 29 32 33 38 45 47 50 51 63 65 68 69 74 81 83 86 87 92 99 
 Total col=23, Total row=27
 bc#: 1097
 c: 5 6 8 14 17 22 23 25 28 29 31 34 40 46 60 66 73 79 93 99 
 r: 15 57 3 9 11 13 21 27 29 31 33 39 45 47 49 51 63 65 67 69 75 81 83 85 87 93 99 
 Total col=20, Total row=27
 bc#: 1098
 c: 12 14 29 31 35 37 40 43 46 49 55 58 60 63 66 79 81 93 98 99 
 r: 15 58 4 9 11 22 27 29 33 40 45 47 51 63 65 69 76 81 83 87 94 99 
 Total col=20, Total row=22
 bc#: 1099
 c: 3 5 6 8 11 17 20 22 23 25 28 34 41 47 52 61 67 69 72 73 75 78 84 87 90 92 95 
 r: 15 59 5 9 11 23 27 29 33 41 45 47 51 63 65 69 77 81 83 87 95 99 
 Total col=27, Total row=22
 bc#: 1100
 c: 3 12 29 31 35 37 40 43 46 49 60 73 75 79 81 84 87 90 92 93 95 98 
 r: 15 60 6 9 11 24 27 29 33 42 45 47 51 63 65 69 78 81 83 87 96 99 
 Total col=22, Total row=22
 bc#: 1101
 c: 5 6 8 11 12 14 17 20 22 28 34 40 46 52 58 60 63 66 69 72 75 78 81 84 87 90 93 99 
 r: 15 61 7 9 11 17 25 27 29 33 35 43 45 47 51 53 63 65 69 71 79 81 83 87 89 97 99 
 Total col=28, Total row=27
 bc#: 1102
 c: 22 25 28 31 35 37 41 47 60 63 66 69 73 75 79 81 84 93 98 
 r: 15 62 8 9 11 18 26 27 29 33 36 44 45 47 51 54 63 65 69 72 80 81 83 87 90 98 99 
 Total col=19, Total row=27
 bc#: 1103
 c: 5 6 8 14 17 22 23 25 28 29 31 34 40 46 60 66 73 79 93 99 
 r: 15 67 3 9 11 13 21 27 29 31 33 39 45 47 49 51 57 63 65 69 75 81 83 85 87 93 99 
 Total col=20, Total row=27
 bc#: 1104
 c: 3 6 11 20 29 34 35 37 40 41 46 47 49 52 55 58 60 63 66 72 75 78 99 
 r: 15 68 2 9 11 14 20 27 29 32 33 38 45 47 50 51 56 63 65 69 74 81 83 86 87 92 99 
 Total col=23, Total row=27
 bc#: 1105
 c: 5 6 8 11 12 14 17 20 22 28 34 40 46 52 58 60 63 66 69 72 75 78 81 84 87 90 93 99 
 r: 15 71 7 9 11 17 25 27 29 33 35 43 45 47 51 53 61 63 65 69 79 81 83 87 89 97 99 
 Total col=28, Total row=27
 bc#: 1106
 c: 22 25 28 31 35 37 41 47 60 63 66 69 73 75 79 81 84 93 98 
 r: 15 72 8 9 11 18 26 27 29 33 36 44 45 47 51 54 62 63 65 69 80 81 83 87 90 98 99 
 Total col=19, Total row=27
 bc#: 1107
 c: 8 11 14 17 22 25 28 31 35 41 43 46 49 52 55 58 60 66 73 79 81 84 87 92 95 
 r: 15 73 9 11 19 27 29 33 37 45 47 51 55 63 65 69 81 83 87 91 99 
 Total col=25, Total row=21
 bc#: 1108
 c: 3 6 11 20 29 34 35 37 40 41 46 47 49 52 55 58 60 63 66 72 75 78 99 
 r: 15 74 2 9 11 14 20 27 29 32 33 38 45 47 50 51 56 63 65 68 69 81 83 86 87 92 99 
 Total col=23, Total row=27
 bc#: 1109
 c: 5 6 8 14 17 22 23 25 28 29 31 34 40 46 60 66 73 79 93 99 
 r: 15 75 3 9 11 13 21 27 29 31 33 39 45 47 49 51 57 63 65 67 69 81 83 85 87 93 99 
 Total col=20, Total row=27
 bc#: 1110
 c: 12 14 29 31 35 37 40 43 46 49 55 58 60 63 66 79 81 93 98 99 
 r: 15 76 4 9 11 22 27 29 33 40 45 47 51 58 63 65 69 81 83 87 94 99 
 Total col=20, Total row=22
 bc#: 1111
 c: 3 5 6 8 11 17 20 22 23 25 28 34 41 47 52 61 67 69 72 73 75 78 84 87 90 92 95 
 r: 15 77 5 9 11 23 27 29 33 41 45 47 51 59 63 65 69 81 83 87 95 99 
 Total col=27, Total row=22
 bc#: 1112
 c: 3 12 29 31 35 37 40 43 46 49 60 73 75 79 81 84 87 90 92 93 95 98 
 r: 15 78 6 9 11 24 27 29 33 42 45 47 51 60 63 65 69 81 83 87 96 99 
 Total col=22, Total row=22
 bc#: 1113
 c: 5 6 8 11 12 14 17 20 22 28 34 40 46 52 58 60 63 66 69 72 75 78 81 84 87 90 93 99 
 r: 15 79 7 9 11 17 25 27 29 33 35 43 45 47 51 53 61 63 65 69 71 81 83 87 89 97 99 
 Total col=28, Total row=27
 bc#: 1114
 c: 22 25 28 31 35 37 41 47 60 63 66 69 73 75 79 81 84 93 98 
 r: 15 80 8 9 11 18 26 27 29 33 36 44 45 47 51 54 62 63 65 69 72 81 83 87 90 98 99 
 Total col=19, Total row=27
 bc#: 1115
 c: 5 6 8 14 17 22 23 25 28 29 31 34 40 46 60 66 73 79 93 99 
 r: 15 85 3 9 11 13 21 27 29 31 33 39 45 47 49 51 57 63 65 67 69 75 81 83 87 93 99 
 Total col=20, Total row=27
 bc#: 1116
 c: 3 6 11 20 29 34 35 37 40 41 46 47 49 52 55 58 60 63 66 72 75 78 99 
 r: 15 86 2 9 11 14 20 27 29 32 33 38 45 47 50 51 56 63 65 68 69 74 81 83 87 92 99 
 Total col=23, Total row=27
 bc#: 1117
 c: 5 6 8 11 12 14 17 20 22 28 34 40 46 52 58 60 63 66 69 72 75 78 81 84 87 90 93 99 
 r: 15 89 7 9 11 17 25 27 29 33 35 43 45 47 51 53 61 63 65 69 71 79 81 83 87 97 99 
 Total col=28, Total row=27
 bc#: 1118
 c: 22 25 28 31 35 37 41 47 60 63 66 69 73 75 79 81 84 93 98 
 r: 15 90 8 9 11 18 26 27 29 33 36 44 45 47 51 54 62 63 65 69 72 80 81 83 87 98 99 
 Total col=19, Total row=27
 bc#: 1119
 c: 8 11 14 17 22 25 28 31 35 41 43 46 49 52 55 58 60 66 73 79 81 84 87 92 95 
 r: 15 91 9 11 19 27 29 33 37 45 47 51 55 63 65 69 73 81 83 87 99 
 Total col=25, Total row=21
 bc#: 1120
 c: 3 6 11 20 29 34 35 37 40 41 46 47 49 52 55 58 60 63 66 72 75 78 99 
 r: 15 92 2 9 11 14 20 27 29 32 33 38 45 47 50 51 56 63 65 68 69 74 81 83 86 87 99 
 Total col=23, Total row=27
 bc#: 1121
 c: 5 6 8 14 17 22 23 25 28 29 31 34 40 46 60 66 73 79 93 99 
 r: 15 93 3 9 11 13 21 27 29 31 33 39 45 47 49 51 57 63 65 67 69 75 81 83 85 87 99 
 Total col=20, Total row=27
 bc#: 1122
 c: 12 14 29 31 35 37 40 43 46 49 55 58 60 63 66 79 81 93 98 99 
 r: 15 94 4 9 11 22 27 29 33 40 45 47 51 58 63 65 69 76 81 83 87 99 
 Total col=20, Total row=22
 bc#: 1123
 c: 3 5 6 8 11 17 20 22 23 25 28 34 41 47 52 61 67 69 72 73 75 78 84 87 90 92 95 
 r: 15 95 5 9 11 23 27 29 33 41 45 47 51 59 63 65 69 77 81 83 87 99 
 Total col=27, Total row=22
 bc#: 1124
 c: 3 12 29 31 35 37 40 43 46 49 60 73 75 79 81 84 87 90 92 93 95 98 
 r: 15 96 6 9 11 24 27 29 33 42 45 47 51 60 63 65 69 78 81 83 87 99 
 Total col=22, Total row=22
 bc#: 1125
 c: 5 6 8 11 12 14 17 20 22 28 34 40 46 52 58 60 63 66 69 72 75 78 81 84 87 90 93 99 
 r: 15 97 7 9 11 17 25 27 29 33 35 43 45 47 51 53 61 63 65 69 71 79 81 83 87 89 99 
 Total col=28, Total row=27
 bc#: 1126
 c: 22 25 28 31 35 37 41 47 60 63 66 69 73 75 79 81 84 93 98 
 r: 15 98 8 9 11 18 26 27 29 33 36 44 45 47 51 54 62 63 65 69 72 80 81 83 87 90 99 
 Total col=19, Total row=27
 bc#: 1127
 c: 2 4 21 24 27 30 33 36 39 42 45 48 51 54 57 64 70 76 82 88 94 96 100 
 r: 16 17 7 10 12 25 28 30 34 35 43 46 48 52 53 61 64 66 70 71 79 82 84 88 89 97 100 
 Total col=23, Total row=27
 bc#: 1128
 c: 1 4 7 9 10 13 15 16 18 19 27 32 38 42 45 48 51 53 54 56 57 65 70 76 82 85 88 91 94 97 
 r: 16 18 8 10 12 26 28 30 34 36 44 46 48 52 54 62 64 66 70 72 80 82 84 88 90 98 100 
 Total col=30, Total row=27
 bc#: 1129
 c: 2 4 7 10 16 19 26 30 32 38 39 45 53 59 62 65 68 71 74 76 80 86 89 94 97 100 
 r: 16 19 10 12 28 30 34 37 46 48 52 55 64 66 70 73 82 84 88 91 100 
 Total col=26, Total row=21
 bc#: 1130
 c: 1 4 9 13 15 16 18 21 24 26 27 32 44 51 57 65 68 71 77 80 82 83 86 88 89 91 94 96 97 
 r: 16 20 2 10 12 14 28 30 32 34 38 46 48 50 52 56 64 66 68 70 74 82 84 86 88 92 100 
 Total col=29, Total row=27
 bc#: 1131
 c: 2 10 13 19 36 39 42 45 48 51 53 54 56 59 62 65 68 71 74 76 80 82 85 86 88 91 94 96 100 
 r: 16 21 3 10 12 13 28 30 31 34 39 46 48 49 52 57 64 66 67 70 75 82 84 85 88 93 100 
 Total col=29, Total row=27
 bc#: 1132
 c: 13 15 30 33 36 39 44 45 50 54 56 59 62 64 80 82 89 97 100 
 r: 16 23 5 10 12 28 30 34 41 46 48 52 59 64 66 70 77 82 84 88 95 100 
 Total col=19, Total row=22
 bc#: 1133
 c: 1 4 7 9 10 15 16 18 19 21 24 26 27 32 38 42 48 51 53 54 57 59 62 64 65 68 70 71 76 82 86 97 
 r: 16 24 6 10 12 28 30 34 42 46 48 52 60 64 66 70 78 82 84 88 96 100 
 Total col=32, Total row=22
 bc#: 1134
 c: 2 4 21 24 27 30 33 36 39 42 45 48 51 54 57 64 70 76 82 88 94 96 100 
 r: 16 25 7 10 12 17 28 30 34 35 43 46 48 52 53 61 64 66 70 71 79 82 84 88 89 97 100 
 Total col=23, Total row=27
 bc#: 1135
 c: 1 4 7 9 10 13 15 16 18 19 27 32 38 42 45 48 51 53 54 56 57 65 70 76 82 85 88 91 94 97 
 r: 16 26 8 10 12 18 28 30 34 36 44 46 48 52 54 62 64 66 70 72 80 82 84 88 90 98 100 
 Total col=30, Total row=27
 bc#: 1136
 c: 1 2 4 7 9 10 13 15 16 18 19 21 24 26 27 30 32 33 36 38 39 42 44 45 48 50 51 53 54 56 57 59 62 64 65 68 70 71 74 76 77 80 82 83 85 86 88 89 91 94 96 97 100 
 r: 16 28 10 12 30 34 46 48 52 64 66 70 82 84 88 100 
 Total col=53, Total row=16
 bc#: 1137
 c: 1 2 4 7 9 10 13 15 16 18 19 21 24 26 27 30 32 33 36 38 39 42 44 45 48 50 51 53 54 56 57 59 62 64 65 68 70 71 74 76 77 80 82 83 85 86 88 89 91 94 96 97 100 
 r: 16 30 10 12 28 34 46 48 52 64 66 70 82 84 88 100 
 Total col=53, Total row=16
 bc#: 1138
 c: 2 10 13 19 36 39 42 45 48 51 53 54 56 59 62 65 68 71 74 76 80 82 85 86 88 91 94 96 100 
 r: 16 31 3 10 12 13 21 28 30 34 39 46 48 49 52 57 64 66 67 70 75 82 84 85 88 93 100 
 Total col=29, Total row=27
 bc#: 1139
 c: 1 4 9 13 15 16 18 21 24 26 27 32 44 51 57 65 68 71 77 80 82 83 86 88 89 91 94 96 97 
 r: 16 32 2 10 12 14 20 28 30 34 38 46 48 50 52 56 64 66 68 70 74 82 84 86 88 92 100 
 Total col=29, Total row=27
 bc#: 1140
 c: 1 2 4 7 9 10 13 15 16 18 19 21 24 26 27 30 32 33 36 38 39 42 44 45 48 50 51 53 54 56 57 59 62 64 65 68 70 71 74 76 77 80 82 83 85 86 88 89 91 94 96 97 100 
 r: 16 34 10 12 28 30 46 48 52 64 66 70 82 84 88 100 
 Total col=53, Total row=16
 bc#: 1141
 c: 2 4 21 24 27 30 33 36 39 42 45 48 51 54 57 64 70 76 82 88 94 96 100 
 r: 16 35 7 10 12 17 25 28 30 34 43 46 48 52 53 61 64 66 70 71 79 82 84 88 89 97 100 
 Total col=23, Total row=27
 bc#: 1142
 c: 1 4 7 9 10 13 15 16 18 19 27 32 38 42 45 48 51 53 54 56 57 65 70 76 82 85 88 91 94 97 
 r: 16 36 8 10 12 18 26 28 30 34 44 46 48 52 54 62 64 66 70 72 80 82 84 88 90 98 100 
 Total col=30, Total row=27
 bc#: 1143
 c: 2 4 7 10 16 19 26 30 32 38 39 45 53 59 62 65 68 71 74 76 80 86 89 94 97 100 
 r: 16 37 10 12 19 28 30 34 46 48 52 55 64 66 70 73 82 84 88 91 100 
 Total col=26, Total row=21
 bc#: 1144
 c: 1 4 9 13 15 16 18 21 24 26 27 32 44 51 57 65 68 71 77 80 82 83 86 88 89 91 94 96 97 
 r: 16 38 2 10 12 14 20 28 30 32 34 46 48 50 52 56 64 66 68 70 74 82 84 86 88 92 100 
 Total col=29, Total row=27
 bc#: 1145
 c: 2 10 13 19 36 39 42 45 48 51 53 54 56 59 62 65 68 71 74 76 80 82 85 86 88 91 94 96 100 
 r: 16 39 3 10 12 13 21 28 30 31 34 46 48 49 52 57 64 66 67 70 75 82 84 85 88 93 100 
 Total col=29, Total row=27
 bc#: 1146
 c: 13 15 30 33 36 39 44 45 50 54 56 59 62 64 80 82 89 97 100 
 r: 16 41 5 10 12 23 28 30 34 46 48 52 59 64 66 70 77 82 84 88 95 100 
 Total col=19, Total row=22
 bc#: 1147
 c: 1 4 7 9 10 15 16 18 19 21 24 26 27 32 38 42 48 51 53 54 57 59 62 64 65 68 70 71 76 82 86 97 
 r: 16 42 6 10 12 24 28 30 34 46 48 52 60 64 66 70 78 82 84 88 96 100 
 Total col=32, Total row=22
 bc#: 1148
 c: 2 4 21 24 27 30 33 36 39 42 45 48 51 54 57 64 70 76 82 88 94 96 100 
 r: 16 43 7 10 12 17 25 28 30 34 35 46 48 52 53 61 64 66 70 71 79 82 84 88 89 97 100 
 Total col=23, Total row=27
 bc#: 1149
 c: 1 4 7 9 10 13 15 16 18 19 27 32 38 42 45 48 51 53 54 56 57 65 70 76 82 85 88 91 94 97 
 r: 16 44 8 10 12 18 26 28 30 34 36 46 48 52 54 62 64 66 70 72 80 82 84 88 90 98 100 
 Total col=30, Total row=27
 bc#: 1150
 c: 1 2 4 7 9 10 13 15 16 18 19 21 24 26 27 30 32 33 36 38 39 42 44 45 48 50 51 53 54 56 57 59 62 64 65 68 70 71 74 76 77 80 82 83 85 86 88 89 91 94 96 97 100 
 r: 16 46 10 12 28 30 34 48 52 64 66 70 82 84 88 100 
 Total col=53, Total row=16
 bc#: 1151
 c: 1 2 4 7 9 10 13 15 16 18 19 21 24 26 27 30 32 33 36 38 39 42 44 45 48 50 51 53 54 56 57 59 62 64 65 68 70 71 74 76 77 80 82 83 85 86 88 89 91 94 96 97 100 
 r: 16 48 10 12 28 30 34 46 52 64 66 70 82 84 88 100 
 Total col=53, Total row=16
 bc#: 1152
 c: 2 10 13 19 36 39 42 45 48 51 53 54 56 59 62 65 68 71 74 76 80 82 85 86 88 91 94 96 100 
 r: 16 49 3 10 12 13 21 28 30 31 34 39 46 48 52 57 64 66 67 70 75 82 84 85 88 93 100 
 Total col=29, Total row=27
 bc#: 1153
 c: 1 4 9 13 15 16 18 21 24 26 27 32 44 51 57 65 68 71 77 80 82 83 86 88 89 91 94 96 97 
 r: 16 50 2 10 12 14 20 28 30 32 34 38 46 48 52 56 64 66 68 70 74 82 84 86 88 92 100 
 Total col=29, Total row=27
 bc#: 1154
 c: 1 2 4 7 9 10 13 15 16 18 19 21 24 26 27 30 32 33 36 38 39 42 44 45 48 50 51 53 54 56 57 59 62 64 65 68 70 71 74 76 77 80 82 83 85 86 88 89 91 94 96 97 100 
 r: 16 52 10 12 28 30 34 46 48 64 66 70 82 84 88 100 
 Total col=53, Total row=16
 bc#: 1155
 c: 2 4 21 24 27 30 33 36 39 42 45 48 51 54 57 64 70 76 82 88 94 96 100 
 r: 16 53 7 10 12 17 25 28 30 34 35 43 46 48 52 61 64 66 70 71 79 82 84 88 89 97 100 
 Total col=23, Total row=27
 bc#: 1156
 c: 1 4 7 9 10 13 15 16 18 19 27 32 38 42 45 48 51 53 54 56 57 65 70 76 82 85 88 91 94 97 
 r: 16 54 8 10 12 18 26 28 30 34 36 44 46 48 52 62 64 66 70 72 80 82 84 88 90 98 100 
 Total col=30, Total row=27
 bc#: 1157
 c: 2 4 7 10 16 19 26 30 32 38 39 45 53 59 62 65 68 71 74 76 80 86 89 94 97 100 
 r: 16 55 10 12 19 28 30 34 37 46 48 52 64 66 70 73 82 84 88 91 100 
 Total col=26, Total row=21
 bc#: 1158
 c: 1 4 9 13 15 16 18 21 24 26 27 32 44 51 57 65 68 71 77 80 82 83 86 88 89 91 94 96 97 
 r: 16 56 2 10 12 14 20 28 30 32 34 38 46 48 50 52 64 66 68 70 74 82 84 86 88 92 100 
 Total col=29, Total row=27
 bc#: 1159
 c: 2 10 13 19 36 39 42 45 48 51 53 54 56 59 62 65 68 71 74 76 80 82 85 86 88 91 94 96 100 
 r: 16 57 3 10 12 13 21 28 30 31 34 39 46 48 49 52 64 66 67 70 75 82 84 85 88 93 100 
 Total col=29, Total row=27
 bc#: 1160
 c: 13 15 30 33 36 39 44 45 50 54 56 59 62 64 80 82 89 97 100 
 r: 16 59 5 10 12 23 28 30 34 41 46 48 52 64 66 70 77 82 84 88 95 100 
 Total col=19, Total row=22
 bc#: 1161
 c: 1 4 7 9 10 15 16 18 19 21 24 26 27 32 38 42 48 51 53 54 57 59 62 64 65 68 70 71 76 82 86 97 
 r: 16 60 6 10 12 24 28 30 34 42 46 48 52 64 66 70 78 82 84 88 96 100 
 Total col=32, Total row=22
 bc#: 1162
 c: 2 4 21 24 27 30 33 36 39 42 45 48 51 54 57 64 70 76 82 88 94 96 100 
 r: 16 61 7 10 12 17 25 28 30 34 35 43 46 48 52 53 64 66 70 71 79 82 84 88 89 97 100 
 Total col=23, Total row=27
 bc#: 1163
 c: 1 4 7 9 10 13 15 16 18 19 27 32 38 42 45 48 51 53 54 56 57 65 70 76 82 85 88 91 94 97 
 r: 16 62 8 10 12 18 26 28 30 34 36 44 46 48 52 54 64 66 70 72 80 82 84 88 90 98 100 
 Total col=30, Total row=27
 bc#: 1164
 c: 1 2 4 7 9 10 13 15 16 18 19 21 24 26 27 30 32 33 36 38 39 42 44 45 48 50 51 53 54 56 57 59 62 64 65 68 70 71 74 76 77 80 82 83 85 86 88 89 91 94 96 97 100 
 r: 16 64 10 12 28 30 34 46 48 52 66 70 82 84 88 100 
 Total col=53, Total row=16
 bc#: 1165
 c: 1 2 4 7 9 10 13 15 16 18 19 21 24 26 27 30 32 33 36 38 39 42 44 45 48 50 51 53 54 56 57 59 62 64 65 68 70 71 74 76 77 80 82 83 85 86 88 89 91 94 96 97 100 
 r: 16 66 10 12 28 30 34 46 48 52 64 70 82 84 88 100 
 Total col=53, Total row=16
 bc#: 1166
 c: 2 10 13 19 36 39 42 45 48 51 53 54 56 59 62 65 68 71 74 76 80 82 85 86 88 91 94 96 100 
 r: 16 67 3 10 12 13 21 28 30 31 34 39 46 48 49 52 57 64 66 70 75 82 84 85 88 93 100 
 Total col=29, Total row=27
 bc#: 1167
 c: 1 4 9 13 15 16 18 21 24 26 27 32 44 51 57 65 68 71 77 80 82 83 86 88 89 91 94 96 97 
 r: 16 68 2 10 12 14 20 28 30 32 34 38 46 48 50 52 56 64 66 70 74 82 84 86 88 92 100 
 Total col=29, Total row=27
 bc#: 1168
 c: 1 2 4 7 9 10 13 15 16 18 19 21 24 26 27 30 32 33 36 38 39 42 44 45 48 50 51 53 54 56 57 59 62 64 65 68 70 71 74 76 77 80 82 83 85 86 88 89 91 94 96 97 100 
 r: 16 70 10 12 28 30 34 46 48 52 64 66 82 84 88 100 
 Total col=53, Total row=16
 bc#: 1169
 c: 2 4 21 24 27 30 33 36 39 42 45 48 51 54 57 64 70 76 82 88 94 96 100 
 r: 16 71 7 10 12 17 25 28 30 34 35 43 46 48 52 53 61 64 66 70 79 82 84 88 89 97 100 
 Total col=23, Total row=27
 bc#: 1170
 c: 1 4 7 9 10 13 15 16 18 19 27 32 38 42 45 48 51 53 54 56 57 65 70 76 82 85 88 91 94 97 
 r: 16 72 8 10 12 18 26 28 30 34 36 44 46 48 52 54 62 64 66 70 80 82 84 88 90 98 100 
 Total col=30, Total row=27
 bc#: 1171
 c: 2 4 7 10 16 19 26 30 32 38 39 45 53 59 62 65 68 71 74 76 80 86 89 94 97 100 
 r: 16 73 10 12 19 28 30 34 37 46 48 52 55 64 66 70 82 84 88 91 100 
 Total col=26, Total row=21
 bc#: 1172
 c: 1 4 9 13 15 16 18 21 24 26 27 32 44 51 57 65 68 71 77 80 82 83 86 88 89 91 94 96 97 
 r: 16 74 2 10 12 14 20 28 30 32 34 38 46 48 50 52 56 64 66 68 70 82 84 86 88 92 100 
 Total col=29, Total row=27
 bc#: 1173
 c: 2 10 13 19 36 39 42 45 48 51 53 54 56 59 62 65 68 71 74 76 80 82 85 86 88 91 94 96 100 
 r: 16 75 3 10 12 13 21 28 30 31 34 39 46 48 49 52 57 64 66 67 70 82 84 85 88 93 100 
 Total col=29, Total row=27
 bc#: 1174
 c: 13 15 30 33 36 39 44 45 50 54 56 59 62 64 80 82 89 97 100 
 r: 16 77 5 10 12 23 28 30 34 41 46 48 52 59 64 66 70 82 84 88 95 100 
 Total col=19, Total row=22
 bc#: 1175
 c: 1 4 7 9 10 15 16 18 19 21 24 26 27 32 38 42 48 51 53 54 57 59 62 64 65 68 70 71 76 82 86 97 
 r: 16 78 6 10 12 24 28 30 34 42 46 48 52 60 64 66 70 82 84 88 96 100 
 Total col=32, Total row=22
 bc#: 1176
 c: 2 4 21 24 27 30 33 36 39 42 45 48 51 54 57 64 70 76 82 88 94 96 100 
 r: 16 79 7 10 12 17 25 28 30 34 35 43 46 48 52 53 61 64 66 70 71 82 84 88 89 97 100 
 Total col=23, Total row=27
 bc#: 1177
 c: 1 4 7 9 10 13 15 16 18 19 27 32 38 42 45 48 51 53 54 56 57 65 70 76 82 85 88 91 94 97 
 r: 16 80 8 10 12 18 26 28 30 34 36 44 46 48 52 54 62 64 66 70 72 82 84 88 90 98 100 
 Total col=30, Total row=27
 bc#: 1178
 c: 1 2 4 7 9 10 13 15 16 18 19 21 24 26 27 30 32 33 36 38 39 42 44 45 48 50 51 53 54 56 57 59 62 64 65 68 70 71 74 76 77 80 82 83 85 86 88 89 91 94 96 97 100 
 r: 16 82 10 12 28 30 34 46 48 52 64 66 70 84 88 100 
 Total col=53, Total row=16
 bc#: 1179
 c: 1 2 4 7 9 10 13 15 16 18 19 21 24 26 27 30 32 33 36 38 39 42 44 45 48 50 51 53 54 56 57 59 62 64 65 68 70 71 74 76 77 80 82 83 85 86 88 89 91 94 96 97 100 
 r: 16 84 10 12 28 30 34 46 48 52 64 66 70 82 88 100 
 Total col=53, Total row=16
 bc#: 1180
 c: 2 10 13 19 36 39 42 45 48 51 53 54 56 59 62 65 68 71 74 76 80 82 85 86 88 91 94 96 100 
 r: 16 85 3 10 12 13 21 28 30 31 34 39 46 48 49 52 57 64 66 67 70 75 82 84 88 93 100 
 Total col=29, Total row=27
 bc#: 1181
 c: 1 4 9 13 15 16 18 21 24 26 27 32 44 51 57 65 68 71 77 80 82 83 86 88 89 91 94 96 97 
 r: 16 86 2 10 12 14 20 28 30 32 34 38 46 48 50 52 56 64 66 68 70 74 82 84 88 92 100 
 Total col=29, Total row=27
 bc#: 1182
 c: 1 2 4 7 9 10 13 15 16 18 19 21 24 26 27 30 32 33 36 38 39 42 44 45 48 50 51 53 54 56 57 59 62 64 65 68 70 71 74 76 77 80 82 83 85 86 88 89 91 94 96 97 100 
 r: 16 88 10 12 28 30 34 46 48 52 64 66 70 82 84 100 
 Total col=53, Total row=16
 bc#: 1183
 c: 2 4 21 24 27 30 33 36 39 42 45 48 51 54 57 64 70 76 82 88 94 96 100 
 r: 16 89 7 10 12 17 25 28 30 34 35 43 46 48 52 53 61 64 66 70 71 79 82 84 88 97 100 
 Total col=23, Total row=27
 bc#: 1184
 c: 1 4 7 9 10 13 15 16 18 19 27 32 38 42 45 48 51 53 54 56 57 65 70 76 82 85 88 91 94 97 
 r: 16 90 8 10 12 18 26 28 30 34 36 44 46 48 52 54 62 64 66 70 72 80 82 84 88 98 100 
 Total col=30, Total row=27
 bc#: 1185
 c: 2 4 7 10 16 19 26 30 32 38 39 45 53 59 62 65 68 71 74 76 80 86 89 94 97 100 
 r: 16 91 10 12 19 28 30 34 37 46 48 52 55 64 66 70 73 82 84 88 100 
 Total col=26, Total row=21
 bc#: 1186
 c: 1 4 9 13 15 16 18 21 24 26 27 32 44 51 57 65 68 71 77 80 82 83 86 88 89 91 94 96 97 
 r: 16 92 2 10 12 14 20 28 30 32 34 38 46 48 50 52 56 64 66 68 70 74 82 84 86 88 100 
 Total col=29, Total row=27
 bc#: 1187
 c: 2 10 13 19 36 39 42 45 48 51 53 54 56 59 62 65 68 71 74 76 80 82 85 86 88 91 94 96 100 
 r: 16 93 3 10 12 13 21 28 30 31 34 39 46 48 49 52 57 64 66 67 70 75 82 84 85 88 100 
 Total col=29, Total row=27
 bc#: 1188
 c: 13 15 30 33 36 39 44 45 50 54 56 59 62 64 80 82 89 97 100 
 r: 16 95 5 10 12 23 28 30 34 41 46 48 52 59 64 66 70 77 82 84 88 100 
 Total col=19, Total row=22
 bc#: 1189
 c: 1 4 7 9 10 15 16 18 19 21 24 26 27 32 38 42 48 51 53 54 57 59 62 64 65 68 70 71 76 82 86 97 
 r: 16 96 6 10 12 24 28 30 34 42 46 48 52 60 64 66 70 78 82 84 88 100 
 Total col=32, Total row=22
 bc#: 1190
 c: 2 4 21 24 27 30 33 36 39 42 45 48 51 54 57 64 70 76 82 88 94 96 100 
 r: 16 97 7 10 12 17 25 28 30 34 35 43 46 48 52 53 61 64 66 70 71 79 82 84 88 89 100 
 Total col=23, Total row=27
 bc#: 1191
 c: 1 4 7 9 10 13 15 16 18 19 27 32 38 42 45 48 51 53 54 56 57 65 70 76 82 85 88 91 94 97 
 r: 16 98 8 10 12 18 26 28 30 34 36 44 46 48 52 54 62 64 66 70 72 80 82 84 88 90 100 
 Total col=30, Total row=27
 bc#: 1192
 c: 1 2 4 7 9 10 13 15 16 18 19 21 24 26 27 30 32 33 36 38 39 42 44 45 48 50 51 53 54 56 57 59 62 64 65 68 70 71 74 76 77 80 82 83 85 86 88 89 91 94 96 97 100 
 r: 16 100 10 12 28 30 34 46 48 52 64 66 70 82 84 88 
 Total col=53, Total row=16
 bc#: 1193
 c: 2 4 8 11 14 17 22 28 30 39 45 46 52 58 60 66 76 81 84 87 94 100 
 r: 17 19 7 25 35 37 43 53 55 61 71 73 79 89 91 97 
 Total col=22, Total row=16
 bc#: 1194
 c: 4 6 11 20 21 24 27 34 40 46 51 52 57 58 60 63 66 72 75 78 82 88 94 96 99 
 r: 17 20 2 7 14 25 32 35 38 43 50 53 56 61 68 71 74 79 86 89 92 97 
 Total col=25, Total row=22
 bc#: 1195
 c: 2 5 6 8 14 17 22 28 34 36 39 40 42 45 46 48 51 54 60 66 76 82 88 93 94 96 99 100 
 r: 17 21 3 7 13 25 31 35 39 43 49 53 57 61 67 71 75 79 85 89 93 97 
 Total col=28, Total row=22
 bc#: 1196
 c: 2 4 12 14 21 24 27 40 42 46 48 51 57 58 60 63 66 70 76 81 88 93 94 96 99 
 r: 17 22 4 7 25 35 40 43 53 58 61 71 76 79 89 94 97 
 Total col=25, Total row=17
 bc#: 1197
 c: 5 6 8 11 17 20 22 28 30 33 34 36 39 45 52 54 64 69 72 75 78 82 84 87 90 100 
 r: 17 23 5 7 25 35 41 43 53 59 61 71 77 79 89 95 97 
 Total col=26, Total row=17
 bc#: 1198
 c: 4 12 21 24 27 40 42 46 48 51 54 57 60 64 70 75 76 81 82 84 87 90 93 
 r: 17 24 6 7 25 35 42 43 53 60 61 71 78 79 89 96 97 
 Total col=23, Total row=17
 bc#: 1199
 c: 5 6 8 11 12 14 17 20 22 28 34 40 46 52 58 60 63 66 69 72 75 78 81 84 87 90 93 99 
 r: 17 27 7 9 11 15 25 29 33 35 43 45 47 51 53 61 63 65 69 71 79 81 83 87 89 97 99 
 Total col=28, Total row=27
 bc#: 1200
 c: 2 4 21 24 27 30 33 36 39 42 45 48 51 54 57 64 70 76 82 88 94 96 100 
 r: 17 28 7 10 12 16 25 30 34 35 43 46 48 52 53 61 64 66 70 71 79 82 84 88 89 97 100 
 Total col=23, Total row=27
 bc#: 1201
 c: 5 6 8 11 12 14 17 20 22 28 34 40 46 52 58 60 63 66 69 72 75 78 81 84 87 90 93 99 
 r: 17 29 7 9 11 15 25 27 33 35 43 45 47 51 53 61 63 65 69 71 79 81 83 87 89 97 99 
 Total col=28, Total row=27
 bc#: 1202
 c: 2 4 21 24 27 30 33 36 39 42 45 48 51 54 57 64 70 76 82 88 94 96 100 
 r: 17 30 7 10 12 16 25 28 34 35 43 46 48 52 53 61 64 66 70 71 79 82 84 88 89 97 100 
 Total col=23, Total row=27
 bc#: 1203
 c: 2 5 6 8 14 17 22 28 34 36 39 40 42 45 46 48 51 54 60 66 76 82 88 93 94 96 99 100 
 r: 17 31 3 7 13 21 25 35 39 43 49 53 57 61 67 71 75 79 85 89 93 97 
 Total col=28, Total row=22
 bc#: 1204
 c: 4 6 11 20 21 24 27 34 40 46 51 52 57 58 60 63 66 72 75 78 82 88 94 96 99 
 r: 17 32 2 7 14 20 25 35 38 43 50 53 56 61 68 71 74 79 86 89 92 97 
 Total col=25, Total row=22
 bc#: 1205
 c: 5 6 8 11 12 14 17 20 22 28 34 40 46 52 58 60 63 66 69 72 75 78 81 84 87 90 93 99 
 r: 17 33 7 9 11 15 25 27 29 35 43 45 47 51 53 61 63 65 69 71 79 81 83 87 89 97 99 
 Total col=28, Total row=27
 bc#: 1206
 c: 2 4 21 24 27 30 33 36 39 42 45 48 51 54 57 64 70 76 82 88 94 96 100 
 r: 17 34 7 10 12 16 25 28 30 35 43 46 48 52 53 61 64 66 70 71 79 82 84 88 89 97 100 
 Total col=23, Total row=27
 bc#: 1207
 c: 2 4 8 11 14 17 22 28 30 39 45 46 52 58 60 66 76 81 84 87 94 100 
 r: 17 37 7 19 25 35 43 53 55 61 71 73 79 89 91 97 
 Total col=22, Total row=16
 bc#: 1208
 c: 4 6 11 20 21 24 27 34 40 46 51 52 57 58 60 63 66 72 75 78 82 88 94 96 99 
 r: 17 38 2 7 14 20 25 32 35 43 50 53 56 61 68 71 74 79 86 89 92 97 
 Total col=25, Total row=22
 bc#: 1209
 c: 2 5 6 8 14 17 22 28 34 36 39 40 42 45 46 48 51 54 60 66 76 82 88 93 94 96 99 100 
 r: 17 39 3 7 13 21 25 31 35 43 49 53 57 61 67 71 75 79 85 89 93 97 
 Total col=28, Total row=22
 bc#: 1210
 c: 2 4 12 14 21 24 27 40 42 46 48 51 57 58 60 63 66 70 76 81 88 93 94 96 99 
 r: 17 40 4 7 22 25 35 43 53 58 61 71 76 79 89 94 97 
 Total col=25, Total row=17
 bc#: 1211
 c: 5 6 8 11 17 20 22 28 30 33 34 36 39 45 52 54 64 69 72 75 78 82 84 87 90 100 
 r: 17 41 5 7 23 25 35 43 53 59 61 71 77 79 89 95 97 
 Total col=26, Total row=17
 bc#: 1212
 c: 4 12 21 24 27 40 42 46 48 51 54 57 60 64 70 75 76 81 82 84 87 90 93 
 r: 17 42 6 7 24 25 35 43 53 60 61 71 78 79 89 96 97 
 Total col=23, Total row=17
 bc#: 1213
 c: 5 6 8 11 12 14 17 20 22 28 34 40 46 52 58 60 63 66 69 72 75 78 81 84 87 90 93 99 
 r: 17 45 7 9 11 15 25 27 29 33 35 43 47 51 53 61 63 65 69 71 79 81 83 87 89 97 99 
 Total col=28, Total row=27
 bc#: 1214
 c: 2 4 21 24 27 30 33 36 39 42 45 48 51 54 57 64 70 76 82 88 94 96 100 
 r: 17 46 7 10 12 16 25 28 30 34 35 43 48 52 53 61 64 66 70 71 79 82 84 88 89 97 100 
 Total col=23, Total row=27
 bc#: 1215
 c: 5 6 8 11 12 14 17 20 22 28 34 40 46 52 58 60 63 66 69 72 75 78 81 84 87 90 93 99 
 r: 17 47 7 9 11 15 25 27 29 33 35 43 45 51 53 61 63 65 69 71 79 81 83 87 89 97 99 
 Total col=28, Total row=27
 bc#: 1216
 c: 2 4 21 24 27 30 33 36 39 42 45 48 51 54 57 64 70 76 82 88 94 96 100 
 r: 17 48 7 10 12 16 25 28 30 34 35 43 46 52 53 61 64 66 70 71 79 82 84 88 89 97 100 
 Total col=23, Total row=27
 bc#: 1217
 c: 2 5 6 8 14 17 22 28 34 36 39 40 42 45 46 48 51 54 60 66 76 82 88 93 94 96 99 100 
 r: 17 49 3 7 13 21 25 31 35 39 43 53 57 61 67 71 75 79 85 89 93 97 
 Total col=28, Total row=22
 bc#: 1218
 c: 4 6 11 20 21 24 27 34 40 46 51 52 57 58 60 63 66 72 75 78 82 88 94 96 99 
 r: 17 50 2 7 14 20 25 32 35 38 43 53 56 61 68 71 74 79 86 89 92 97 
 Total col=25, Total row=22
 bc#: 1219
 c: 5 6 8 11 12 14 17 20 22 28 34 40 46 52 58 60 63 66 69 72 75 78 81 84 87 90 93 99 
 r: 17 51 7 9 11 15 25 27 29 33 35 43 45 47 53 61 63 65 69 71 79 81 83 87 89 97 99 
 Total col=28, Total row=27
 bc#: 1220
 c: 2 4 21 24 27 30 33 36 39 42 45 48 51 54 57 64 70 76 82 88 94 96 100 
 r: 17 52 7 10 12 16 25 28 30 34 35 43 46 48 53 61 64 66 70 71 79 82 84 88 89 97 100 
 Total col=23, Total row=27
 bc#: 1221
 c: 2 4 8 11 14 17 22 28 30 39 45 46 52 58 60 66 76 81 84 87 94 100 
 r: 17 55 7 19 25 35 37 43 53 61 71 73 79 89 91 97 
 Total col=22, Total row=16
 bc#: 1222
 c: 4 6 11 20 21 24 27 34 40 46 51 52 57 58 60 63 66 72 75 78 82 88 94 96 99 
 r: 17 56 2 7 14 20 25 32 35 38 43 50 53 61 68 71 74 79 86 89 92 97 
 Total col=25, Total row=22
 bc#: 1223
 c: 2 5 6 8 14 17 22 28 34 36 39 40 42 45 46 48 51 54 60 66 76 82 88 93 94 96 99 100 
 r: 17 57 3 7 13 21 25 31 35 39 43 49 53 61 67 71 75 79 85 89 93 97 
 Total col=28, Total row=22
 bc#: 1224
 c: 2 4 12 14 21 24 27 40 42 46 48 51 57 58 60 63 66 70 76 81 88 93 94 96 99 
 r: 17 58 4 7 22 25 35 40 43 53 61 71 76 79 89 94 97 
 Total col=25, Total row=17
 bc#: 1225
 c: 5 6 8 11 17 20 22 28 30 33 34 36 39 45 52 54 64 69 72 75 78 82 84 87 90 100 
 r: 17 59 5 7 23 25 35 41 43 53 61 71 77 79 89 95 97 
 Total col=26, Total row=17
 bc#: 1226
 c: 4 12 21 24 27 40 42 46 48 51 54 57 60 64 70 75 76 81 82 84 87 90 93 
 r: 17 60 6 7 24 25 35 42 43 53 61 71 78 79 89 96 97 
 Total col=23, Total row=17
 bc#: 1227
 c: 5 6 8 11 12 14 17 20 22 28 34 40 46 52 58 60 63 66 69 72 75 78 81 84 87 90 93 99 
 r: 17 63 7 9 11 15 25 27 29 33 35 43 45 47 51 53 61 65 69 71 79 81 83 87 89 97 99 
 Total col=28, Total row=27
 bc#: 1228
 c: 2 4 21 24 27 30 33 36 39 42 45 48 51 54 57 64 70 76 82 88 94 96 100 
 r: 17 64 7 10 12 16 25 28 30 34 35 43 46 48 52 53 61 66 70 71 79 82 84 88 89 97 100 
 Total col=23, Total row=27
 bc#: 1229
 c: 5 6 8 11 12 14 17 20 22 28 34 40 46 52 58 60 63 66 69 72 75 78 81 84 87 90 93 99 
 r: 17 65 7 9 11 15 25 27 29 33 35 43 45 47 51 53 61 63 69 71 79 81 83 87 89 97 99 
 Total col=28, Total row=27
 bc#: 1230
 c: 2 4 21 24 27 30 33 36 39 42 45 48 51 54 57 64 70 76 82 88 94 96 100 
 r: 17 66 7 10 12 16 25 28 30 34 35 43 46 48 52 53 61 64 70 71 79 82 84 88 89 97 100 
 Total col=23, Total row=27
 bc#: 1231
 c: 2 5 6 8 14 17 22 28 34 36 39 40 42 45 46 48 51 54 60 66 76 82 88 93 94 96 99 100 
 r: 17 67 3 7 13 21 25 31 35 39 43 49 53 57 61 71 75 79 85 89 93 97 
 Total col=28, Total row=22
 bc#: 1232
 c: 4 6 11 20 21 24 27 34 40 46 51 52 57 58 60 63 66 72 75 78 82 88 94 96 99 
 r: 17 68 2 7 14 20 25 32 35 38 43 50 53 56 61 71 74 79 86 89 92 97 
 Total col=25, Total row=22
 bc#: 1233
 c: 5 6 8 11 12 14 17 20 22 28 34 40 46 52 58 60 63 66 69 72 75 78 81 84 87 90 93 99 
 r: 17 69 7 9 11 15 25 27 29 33 35 43 45 47 51 53 61 63 65 71 79 81 83 87 89 97 99 
 Total col=28, Total row=27
 bc#: 1234
 c: 2 4 21 24 27 30 33 36 39 42 45 48 51 54 57 64 70 76 82 88 94 96 100 
 r: 17 70 7 10 12 16 25 28 30 34 35 43 46 48 52 53 61 64 66 71 79 82 84 88 89 97 100 
 Total col=23, Total row=27
 bc#: 1235
 c: 2 4 8 11 14 17 22 28 30 39 45 46 52 58 60 66 76 81 84 87 94 100 
 r: 17 73 7 19 25 35 37 43 53 55 61 71 79 89 91 97 
 Total col=22, Total row=16
 bc#: 1236
 c: 4 6 11 20 21 24 27 34 40 46 51 52 57 58 60 63 66 72 75 78 82 88 94 96 99 
 r: 17 74 2 7 14 20 25 32 35 38 43 50 53 56 61 68 71 79 86 89 92 97 
 Total col=25, Total row=22
 bc#: 1237
 c: 2 5 6 8 14 17 22 28 34 36 39 40 42 45 46 48 51 54 60 66 76 82 88 93 94 96 99 100 
 r: 17 75 3 7 13 21 25 31 35 39 43 49 53 57 61 67 71 79 85 89 93 97 
 Total col=28, Total row=22
 bc#: 1238
 c: 2 4 12 14 21 24 27 40 42 46 48 51 57 58 60 63 66 70 76 81 88 93 94 96 99 
 r: 17 76 4 7 22 25 35 40 43 53 58 61 71 79 89 94 97 
 Total col=25, Total row=17
 bc#: 1239
 c: 5 6 8 11 17 20 22 28 30 33 34 36 39 45 52 54 64 69 72 75 78 82 84 87 90 100 
 r: 17 77 5 7 23 25 35 41 43 53 59 61 71 79 89 95 97 
 Total col=26, Total row=17
 bc#: 1240
 c: 4 12 21 24 27 40 42 46 48 51 54 57 60 64 70 75 76 81 82 84 87 90 93 
 r: 17 78 6 7 24 25 35 42 43 53 60 61 71 79 89 96 97 
 Total col=23, Total row=17
 bc#: 1241
 c: 5 6 8 11 12 14 17 20 22 28 34 40 46 52 58 60 63 66 69 72 75 78 81 84 87 90 93 99 
 r: 17 81 7 9 11 15 25 27 29 33 35 43 45 47 51 53 61 63 65 69 71 79 83 87 89 97 99 
 Total col=28, Total row=27
 bc#: 1242
 c: 2 4 21 24 27 30 33 36 39 42 45 48 51 54 57 64 70 76 82 88 94 96 100 
 r: 17 82 7 10 12 16 25 28 30 34 35 43 46 48 52 53 61 64 66 70 71 79 84 88 89 97 100 
 Total col=23, Total row=27
 bc#: 1243
 c: 5 6 8 11 12 14 17 20 22 28 34 40 46 52 58 60 63 66 69 72 75 78 81 84 87 90 93 99 
 r: 17 83 7 9 11 15 25 27 29 33 35 43 45 47 51 53 61 63 65 69 71 79 81 87 89 97 99 
 Total col=28, Total row=27
 bc#: 1244
 c: 2 4 21 24 27 30 33 36 39 42 45 48 51 54 57 64 70 76 82 88 94 96 100 
 r: 17 84 7 10 12 16 25 28 30 34 35 43 46 48 52 53 61 64 66 70 71 79 82 88 89 97 100 
 Total col=23, Total row=27
 bc#: 1245
 c: 2 5 6 8 14 17 22 28 34 36 39 40 42 45 46 48 51 54 60 66 76 82 88 93 94 96 99 100 
 r: 17 85 3 7 13 21 25 31 35 39 43 49 53 57 61 67 71 75 79 89 93 97 
 Total col=28, Total row=22
 bc#: 1246
 c: 4 6 11 20 21 24 27 34 40 46 51 52 57 58 60 63 66 72 75 78 82 88 94 96 99 
 r: 17 86 2 7 14 20 25 32 35 38 43 50 53 56 61 68 71 74 79 89 92 97 
 Total col=25, Total row=22
 bc#: 1247
 c: 5 6 8 11 12 14 17 20 22 28 34 40 46 52 58 60 63 66 69 72 75 78 81 84 87 90 93 99 
 r: 17 87 7 9 11 15 25 27 29 33 35 43 45 47 51 53 61 63 65 69 71 79 81 83 89 97 99 
 Total col=28, Total row=27
 bc#: 1248
 c: 2 4 21 24 27 30 33 36 39 42 45 48 51 54 57 64 70 76 82 88 94 96 100 
 r: 17 88 7 10 12 16 25 28 30 34 35 43 46 48 52 53 61 64 66 70 71 79 82 84 89 97 100 
 Total col=23, Total row=27
 bc#: 1249
 c: 2 4 8 11 14 17 22 28 30 39 45 46 52 58 60 66 76 81 84 87 94 100 
 r: 17 91 7 19 25 35 37 43 53 55 61 71 73 79 89 97 
 Total col=22, Total row=16
 bc#: 1250
 c: 4 6 11 20 21 24 27 34 40 46 51 52 57 58 60 63 66 72 75 78 82 88 94 96 99 
 r: 17 92 2 7 14 20 25 32 35 38 43 50 53 56 61 68 71 74 79 86 89 97 
 Total col=25, Total row=22
 bc#: 1251
 c: 2 5 6 8 14 17 22 28 34 36 39 40 42 45 46 48 51 54 60 66 76 82 88 93 94 96 99 100 
 r: 17 93 3 7 13 21 25 31 35 39 43 49 53 57 61 67 71 75 79 85 89 97 
 Total col=28, Total row=22
 bc#: 1252
 c: 2 4 12 14 21 24 27 40 42 46 48 51 57 58 60 63 66 70 76 81 88 93 94 96 99 
 r: 17 94 4 7 22 25 35 40 43 53 58 61 71 76 79 89 97 
 Total col=25, Total row=17
 bc#: 1253
 c: 5 6 8 11 17 20 22 28 30 33 34 36 39 45 52 54 64 69 72 75 78 82 84 87 90 100 
 r: 17 95 5 7 23 25 35 41 43 53 59 61 71 77 79 89 97 
 Total col=26, Total row=17
 bc#: 1254
 c: 4 12 21 24 27 40 42 46 48 51 54 57 60 64 70 75 76 81 82 84 87 90 93 
 r: 17 96 6 7 24 25 35 42 43 53 60 61 71 78 79 89 97 
 Total col=23, Total row=17
 bc#: 1255
 c: 5 6 8 11 12 14 17 20 22 28 34 40 46 52 58 60 63 66 69 72 75 78 81 84 87 90 93 99 
 r: 17 99 7 9 11 15 25 27 29 33 35 43 45 47 51 53 61 63 65 69 71 79 81 83 87 89 97 
 Total col=28, Total row=27
 bc#: 1256
 c: 2 4 21 24 27 30 33 36 39 42 45 48 51 54 57 64 70 76 82 88 94 96 100 
 r: 17 100 7 10 12 16 25 28 30 34 35 43 46 48 52 53 61 64 66 70 71 79 82 84 88 89 97 
 Total col=23, Total row=27
 bc#: 1257
 c: 4 7 10 16 19 22 25 28 31 32 35 38 41 45 53 60 65 66 73 76 79 81 84 94 97 
 r: 18 19 8 26 36 37 44 54 55 62 72 73 80 90 91 98 
 Total col=25, Total row=16
 bc#: 1258
 c: 1 4 9 13 15 16 18 27 32 35 37 41 47 51 57 60 63 65 66 75 82 88 91 94 97 
 r: 18 20 2 8 14 26 32 36 38 44 50 54 56 62 68 72 74 80 86 90 92 98 
 Total col=25, Total row=22
 bc#: 1259
 c: 10 13 19 22 25 28 31 42 45 48 51 53 54 56 60 65 66 73 76 79 82 85 88 91 93 94 
 r: 18 21 3 8 13 26 31 36 39 44 49 54 57 62 67 72 75 80 85 90 93 98 
 Total col=26, Total row=22
 bc#: 1260
 c: 1 4 7 9 10 16 18 19 27 31 32 35 37 38 42 48 51 53 57 60 63 65 66 70 76 79 81 85 88 91 93 94 98 
 r: 18 22 4 8 26 36 40 44 54 58 62 72 76 80 90 94 98 
 Total col=33, Total row=17
 bc#: 1261
 c: 13 15 22 25 28 41 45 47 54 56 69 73 75 82 84 97 
 r: 18 23 5 8 26 36 41 44 54 59 62 72 77 80 90 95 98 
 Total col=16, Total row=17
 bc#: 1262
 c: 1 4 7 9 10 15 16 18 19 27 31 32 35 37 38 42 48 51 53 54 57 60 65 70 73 75 76 79 81 82 84 93 97 98 
 r: 18 24 6 8 26 36 42 44 54 60 62 72 78 80 90 96 98 
 Total col=34, Total row=17
 bc#: 1263
 c: 22 25 28 31 35 37 41 47 60 63 66 69 73 75 79 81 84 93 98 
 r: 18 27 8 9 11 15 26 29 33 36 44 45 47 51 54 62 63 65 69 72 80 81 83 87 90 98 99 
 Total col=19, Total row=27
 bc#: 1264
 c: 1 4 7 9 10 13 15 16 18 19 27 32 38 42 45 48 51 53 54 56 57 65 70 76 82 85 88 91 94 97 
 r: 18 28 8 10 12 16 26 30 34 36 44 46 48 52 54 62 64 66 70 72 80 82 84 88 90 98 100 
 Total col=30, Total row=27
 bc#: 1265
 c: 22 25 28 31 35 37 41 47 60 63 66 69 73 75 79 81 84 93 98 
 r: 18 29 8 9 11 15 26 27 33 36 44 45 47 51 54 62 63 65 69 72 80 81 83 87 90 98 99 
 Total col=19, Total row=27
 bc#: 1266
 c: 1 4 7 9 10 13 15 16 18 19 27 32 38 42 45 48 51 53 54 56 57 65 70 76 82 85 88 91 94 97 
 r: 18 30 8 10 12 16 26 28 34 36 44 46 48 52 54 62 64 66 70 72 80 82 84 88 90 98 100 
 Total col=30, Total row=27
 bc#: 1267
 c: 10 13 19 22 25 28 31 42 45 48 51 53 54 56 60 65 66 73 76 79 82 85 88 91 93 94 
 r: 18 31 3 8 13 21 26 36 39 44 49 54 57 62 67 72 75 80 85 90 93 98 
 Total col=26, Total row=22
 bc#: 1268
 c: 1 4 9 13 15 16 18 27 32 35 37 41 47 51 57 60 63 65 66 75 82 88 91 94 97 
 r: 18 32 2 8 14 20 26 36 38 44 50 54 56 62 68 72 74 80 86 90 92 98 
 Total col=25, Total row=22
 bc#: 1269
 c: 22 25 28 31 35 37 41 47 60 63 66 69 73 75 79 81 84 93 98 
 r: 18 33 8 9 11 15 26 27 29 36 44 45 47 51 54 62 63 65 69 72 80 81 83 87 90 98 99 
 Total col=19, Total row=27
 bc#: 1270
 c: 1 4 7 9 10 13 15 16 18 19 27 32 38 42 45 48 51 53 54 56 57 65 70 76 82 85 88 91 94 97 
 r: 18 34 8 10 12 16 26 28 30 36 44 46 48 52 54 62 64 66 70 72 80 82 84 88 90 98 100 
 Total col=30, Total row=27
 bc#: 1271
 c: 4 7 10 16 19 22 25 28 31 32 35 38 41 45 53 60 65 66 73 76 79 81 84 94 97 
 r: 18 37 8 19 26 36 44 54 55 62 72 73 80 90 91 98 
 Total col=25, Total row=16
 bc#: 1272
 c: 1 4 9 13 15 16 18 27 32 35 37 41 47 51 57 60 63 65 66 75 82 88 91 94 97 
 r: 18 38 2 8 14 20 26 32 36 44 50 54 56 62 68 72 74 80 86 90 92 98 
 Total col=25, Total row=22
 bc#: 1273
 c: 10 13 19 22 25 28 31 42 45 48 51 53 54 56 60 65 66 73 76 79 82 85 88 91 93 94 
 r: 18 39 3 8 13 21 26 31 36 44 49 54 57 62 67 72 75 80 85 90 93 98 
 Total col=26, Total row=22
 bc#: 1274
 c: 1 4 7 9 10 16 18 19 27 31 32 35 37 38 42 48 51 53 57 60 63 65 66 70 76 79 81 85 88 91 93 94 98 
 r: 18 40 4 8 22 26 36 44 54 58 62 72 76 80 90 94 98 
 Total col=33, Total row=17
 bc#: 1275
 c: 13 15 22 25 28 41 45 47 54 56 69 73 75 82 84 97 
 r: 18 41 5 8 23 26 36 44 54 59 62 72 77 80 90 95 98 
 Total col=16, Total row=17
 bc#: 1276
 c: 1 4 7 9 10 15 16 18 19 27 31 32 35 37 38 42 48 51 53 54 57 60 65 70 73 75 76 79 81 82 84 93 97 98 
 r: 18 42 6 8 24 26 36 44 54 60 62 72 78 80 90 96 98 
 Total col=34, Total row=17
 bc#: 1277
 c: 22 25 28 31 35 37 41 47 60 63 66 69 73 75 79 81 84 93 98 
 r: 18 45 8 9 11 15 26 27 29 33 36 44 47 51 54 62 63 65 69 72 80 81 83 87 90 98 99 
 Total col=19, Total row=27
 bc#: 1278
 c: 1 4 7 9 10 13 15 16 18 19 27 32 38 42 45 48 51 53 54 56 57 65 70 76 82 85 88 91 94 97 
 r: 18 46 8 10 12 16 26 28 30 34 36 44 48 52 54 62 64 66 70 72 80 82 84 88 90 98 100 
 Total col=30, Total row=27
 bc#: 1279
 c: 22 25 28 31 35 37 41 47 60 63 66 69 73 75 79 81 84 93 98 
 r: 18 47 8 9 11 15 26 27 29 33 36 44 45 51 54 62 63 65 69 72 80 81 83 87 90 98 99 
 Total col=19, Total row=27
 bc#: 1280
 c: 1 4 7 9 10 13 15 16 18 19 27 32 38 42 45 48 51 53 54 56 57 65 70 76 82 85 88 91 94 97 
 r: 18 48 8 10 12 16 26 28 30 34 36 44 46 52 54 62 64 66 70 72 80 82 84 88 90 98 100 
 Total col=30, Total row=27
 bc#: 1281
 c: 10 13 19 22 25 28 31 42 45 48 51 53 54 56 60 65 66 73 76 79 82 85 88 91 93 94 
 r: 18 49 3 8 13 21 26 31 36 39 44 54 57 62 67 72 75 80 85 90 93 98 
 Total col=26, Total row=22
 bc#: 1282
 c: 1 4 9 13 15 16 18 27 32 35 37 41 47 51 57 60 63 65 66 75 82 88 91 94 97 
 r: 18 50 2 8 14 20 26 32 36 38 44 54 56 62 68 72 74 80 86 90 92 98 
 Total col=25, Total row=22
 bc#: 1283
 c: 22 25 28 31 35 37 41 47 60 63 66 69 73 75 79 81 84 93 98 
 r: 18 51 8 9 11 15 26 27 29 33 36 44 45 47 54 62 63 65 69 72 80 81 83 87 90 98 99 
 Total col=19, Total row=27
 bc#: 1284
 c: 1 4 7 9 10 13 15 16 18 19 27 32 38 42 45 48 51 53 54 56 57 65 70 76 82 85 88 91 94 97 
 r: 18 52 8 10 12 16 26 28 30 34 36 44 46 48 54 62 64 66 70 72 80 82 84 88 90 98 100 
 Total col=30, Total row=27
 bc#: 1285
 c: 4 7 10 16 19 22 25 28 31 32 35 38 41 45 53 60 65 66 73 76 79 81 84 94 97 
 r: 18 55 8 19 26 36 37 44 54 62 72 73 80 90 91 98 
 Total col=25, Total row=16
 bc#: 1286
 c: 1 4 9 13 15 16 18 27 32 35 37 41 47 51 57 60 63 65 66 75 82 88 91 94 97 
 r: 18 56 2 8 14 20 26 32 36 38 44 50 54 62 68 72 74 80 86 90 92 98 
 Total col=25, Total row=22
 bc#: 1287
 c: 10 13 19 22 25 28 31 42 45 48 51 53 54 56 60 65 66 73 76 79 82 85 88 91 93 94 
 r: 18 57 3 8 13 21 26 31 36 39 44 49 54 62 67 72 75 80 85 90 93 98 
 Total col=26, Total row=22
 bc#: 1288
 c: 1 4 7 9 10 16 18 19 27 31 32 35 37 38 42 48 51 53 57 60 63 65 66 70 76 79 81 85 88 91 93 94 98 
 r: 18 58 4 8 22 26 36 40 44 54 62 72 76 80 90 94 98 
 Total col=33, Total row=17
 bc#: 1289
 c: 13 15 22 25 28 41 45 47 54 56 69 73 75 82 84 97 
 r: 18 59 5 8 23 26 36 41 44 54 62 72 77 80 90 95 98 
 Total col=16, Total row=17
 bc#: 1290
 c: 1 4 7 9 10 15 16 18 19 27 31 32 35 37 38 42 48 51 53 54 57 60 65 70 73 75 76 79 81 82 84 93 97 98 
 r: 18 60 6 8 24 26 36 42 44 54 62 72 78 80 90 96 98 
 Total col=34, Total row=17
 bc#: 1291
 c: 22 25 28 31 35 37 41 47 60 63 66 69 73 75 79 81 84 93 98 
 r: 18 63 8 9 11 15 26 27 29 33 36 44 45 47 51 54 62 65 69 72 80 81 83 87 90 98 99 
 Total col=19, Total row=27
 bc#: 1292
 c: 1 4 7 9 10 13 15 16 18 19 27 32 38 42 45 48 51 53 54 56 57 65 70 76 82 85 88 91 94 97 
 r: 18 64 8 10 12 16 26 28 30 34 36 44 46 48 52 54 62 66 70 72 80 82 84 88 90 98 100 
 Total col=30, Total row=27
 bc#: 1293
 c: 22 25 28 31 35 37 41 47 60 63 66 69 73 75 79 81 84 93 98 
 r: 18 65 8 9 11 15 26 27 29 33 36 44 45 47 51 54 62 63 69 72 80 81 83 87 90 98 99 
 Total col=19, Total row=27
 bc#: 1294
 c: 1 4 7 9 10 13 15 16 18 19 27 32 38 42 45 48 51 53 54 56 57 65 70 76 82 85 88 91 94 97 
 r: 18 66 8 10 12 16 26 28 30 34 36 44 46 48 52 54 62 64 70 72 80 82 84 88 90 98 100 
 Total col=30, Total row=27
 bc#: 1295
 c: 10 13 19 22 25 28 31 42 45 48 51 53 54 56 60 65 66 73 76 79 82 85 88 91 93 94 
 r: 18 67 3 8 13 21 26 31 36 39 44 49 54 57 62 72 75 80 85 90 93 98 
 Total col=26, Total row=22
 bc#: 1296
 c: 1 4 9 13 15 16 18 27 32 35 37 41 47 51 57 60 63 65 66 75 82 88 91 94 97 
 r: 18 68 2 8 14 20 26 32 36 38 44 50 54 56 62 72 74 80 86 90 92 98 
 Total col=25, Total row=22
 bc#: 1297
 c: 22 25 28 31 35 37 41 47 60 63 66 69 73 75 79 81 84 93 98 
 r: 18 69 8 9 11 15 26 27 29 33 36 44 45 47 51 54 62 63 65 72 80 81 83 87 90 98 99 
 Total col=19, Total row=27
 bc#: 1298
 c: 1 4 7 9 10 13 15 16 18 19 27 32 38 42 45 48 51 53 54 56 57 65 70 76 82 85 88 91 94 97 
 r: 18 70 8 10 12 16 26 28 30 34 36 44 46 48 52 54 62 64 66 72 80 82 84 88 90 98 100 
 Total col=30, Total row=27
 bc#: 1299
 c: 4 7 10 16 19 22 25 28 31 32 35 38 41 45 53 60 65 66 73 76 79 81 84 94 97 
 r: 18 73 8 19 26 36 37 44 54 55 62 72 80 90 91 98 
 Total col=25, Total row=16
 bc#: 1300
 c: 1 4 9 13 15 16 18 27 32 35 37 41 47 51 57 60 63 65 66 75 82 88 91 94 97 
 r: 18 74 2 8 14 20 26 32 36 38 44 50 54 56 62 68 72 80 86 90 92 98 
 Total col=25, Total row=22
 bc#: 1301
 c: 10 13 19 22 25 28 31 42 45 48 51 53 54 56 60 65 66 73 76 79 82 85 88 91 93 94 
 r: 18 75 3 8 13 21 26 31 36 39 44 49 54 57 62 67 72 80 85 90 93 98 
 Total col=26, Total row=22
 bc#: 1302
 c: 1 4 7 9 10 16 18 19 27 31 32 35 37 38 42 48 51 53 57 60 63 65 66 70 76 79 81 85 88 91 93 94 98 
 r: 18 76 4 8 22 26 36 40 44 54 58 62 72 80 90 94 98 
 Total col=33, Total row=17
 bc#: 1303
 c: 13 15 22 25 28 41 45 47 54 56 69 73 75 82 84 97 
 r: 18 77 5 8 23 26 36 41 44 54 59 62 72 80 90 95 98 
 Total col=16, Total row=17
 bc#: 1304
 c: 1 4 7 9 10 15 16 18 19 27 31 32 35 37 38 42 48 51 53 54 57 60 65 70 73 75 76 79 81 82 84 93 97 98 
 r: 18 78 6 8 24 26 36 42 44 54 60 62 72 80 90 96 98 
 Total col=34, Total row=17
 bc#: 1305
 c: 22 25 28 31 35 37 41 47 60 63 66 69 73 75 79 81 84 93 98 
 r: 18 81 8 9 11 15 26 27 29 33 36 44 45 47 51 54 62 63 65 69 72 80 83 87 90 98 99 
 Total col=19, Total row=27
 bc#: 1306
 c: 1 4 7 9 10 13 15 16 18 19 27 32 38 42 45 48 51 53 54 56 57 65 70 76 82 85 88 91 94 97 
 r: 18 82 8 10 12 16 26 28 30 34 36 44 46 48 52 54 62 64 66 70 72 80 84 88 90 98 100 
 Total col=30, Total row=27
 bc#: 1307
 c: 22 25 28 31 35 37 41 47 60 63 66 69 73 75 79 81 84 93 98 
 r: 18 83 8 9 11 15 26 27 29 33 36 44 45 47 51 54 62 63 65 69 72 80 81 87 90 98 99 
 Total col=19, Total row=27
 bc#: 1308
 c: 1 4 7 9 10 13 15 16 18 19 27 32 38 42 45 48 51 53 54 56 57 65 70 76 82 85 88 91 94 97 
 r: 18 84 8 10 12 16 26 28 30 34 36 44 46 48 52 54 62 64 66 70 72 80 82 88 90 98 100 
 Total col=30, Total row=27
 bc#: 1309
 c: 10 13 19 22 25 28 31 42 45 48 51 53 54 56 60 65 66 73 76 79 82 85 88 91 93 94 
 r: 18 85 3 8 13 21 26 31 36 39 44 49 54 57 62 67 72 75 80 90 93 98 
 Total col=26, Total row=22
 bc#: 1310
 c: 1 4 9 13 15 16 18 27 32 35 37 41 47 51 57 60 63 65 66 75 82 88 91 94 97 
 r: 18 86 2 8 14 20 26 32 36 38 44 50 54 56 62 68 72 74 80 90 92 98 
 Total col=25, Total row=22
 bc#: 1311
 c: 22 25 28 31 35 37 41 47 60 63 66 69 73 75 79 81 84 93 98 
 r: 18 87 8 9 11 15 26 27 29 33 36 44 45 47 51 54 62 63 65 69 72 80 81 83 90 98 99 
 Total col=19, Total row=27
 bc#: 1312
 c: 1 4 7 9 10 13 15 16 18 19 27 32 38 42 45 48 51 53 54 56 57 65 70 76 82 85 88 91 94 97 
 r: 18 88 8 10 12 16 26 28 30 34 36 44 46 48 52 54 62 64 66 70 72 80 82 84 90 98 100 
 Total col=30, Total row=27
 bc#: 1313
 c: 4 7 10 16 19 22 25 28 31 32 35 38 41 45 53 60 65 66 73 76 79 81 84 94 97 
 r: 18 91 8 19 26 36 37 44 54 55 62 72 73 80 90 98 
 Total col=25, Total row=16
 bc#: 1314
 c: 1 4 9 13 15 16 18 27 32 35 37 41 47 51 57 60 63 65 66 75 82 88 91 94 97 
 r: 18 92 2 8 14 20 26 32 36 38 44 50 54 56 62 68 72 74 80 86 90 98 
 Total col=25, Total row=22
 bc#: 1315
 c: 10 13 19 22 25 28 31 42 45 48 51 53 54 56 60 65 66 73 76 79 82 85 88 91 93 94 
 r: 18 93 3 8 13 21 26 31 36 39 44 49 54 57 62 67 72 75 80 85 90 98 
 Total col=26, Total row=22
 bc#: 1316
 c: 1 4 7 9 10 16 18 19 27 31 32 35 37 38 42 48 51 53 57 60 63 65 66 70 76 79 81 85 88 91 93 94 98 
 r: 18 94 4 8 22 26 36 40 44 54 58 62 72 76 80 90 98 
 Total col=33, Total row=17
 bc#: 1317
 c: 13 15 22 25 28 41 45 47 54 56 69 73 75 82 84 97 
 r: 18 95 5 8 23 26 36 41 44 54 59 62 72 77 80 90 98 
 Total col=16, Total row=17
 bc#: 1318
 c: 1 4 7 9 10 15 16 18 19 27 31 32 35 37 38 42 48 51 53 54 57 60 65 70 73 75 76 79 81 82 84 93 97 98 
 r: 18 96 6 8 24 26 36 42 44 54 60 62 72 78 80 90 98 
 Total col=34, Total row=17
 bc#: 1319
 c: 22 25 28 31 35 37 41 47 60 63 66 69 73 75 79 81 84 93 98 
 r: 18 99 8 9 11 15 26 27 29 33 36 44 45 47 51 54 62 63 65 69 72 80 81 83 87 90 98 
 Total col=19, Total row=27
 bc#: 1320
 c: 1 4 7 9 10 13 15 16 18 19 27 32 38 42 45 48 51 53 54 56 57 65 70 76 82 85 88 91 94 97 
 r: 18 100 8 10 12 16 26 28 30 34 36 44 46 48 52 54 62 64 66 70 72 80 82 84 88 90 98 
 Total col=30, Total row=27
 bc#: 1321
 c: 4 11 16 26 32 35 41 46 49 52 55 58 60 65 66 68 71 80 86 89 94 97 
 r: 19 20 2 14 32 37 38 50 55 56 68 73 74 86 91 92 
 Total col=22, Total row=16
 bc#: 1322
 c: 2 8 10 14 17 19 22 25 28 31 39 45 46 53 59 60 62 65 66 68 71 73 74 76 79 80 86 94 100 
 r: 19 21 3 13 31 37 39 49 55 57 67 73 75 85 91 93 
 Total col=29, Total row=16
 bc#: 1323
 c: 2 4 7 10 14 16 19 26 31 32 35 38 43 46 49 53 55 58 60 65 66 68 71 74 76 79 81 86 94 
 r: 19 22 4 37 40 55 58 73 76 91 94 
 Total col=29, Total row=11
 bc#: 1324
 c: 8 11 17 22 25 28 30 39 41 45 52 59 62 73 80 84 87 89 92 95 97 100 
 r: 19 23 5 37 41 55 59 73 77 91 95 
 Total col=22, Total row=11
 bc#: 1325
 c: 4 7 10 16 19 26 31 32 35 38 43 46 49 53 59 60 62 65 68 71 73 76 79 81 84 86 87 92 95 97 
 r: 19 24 6 37 42 55 60 73 78 91 96 
 Total col=30, Total row=11
 bc#: 1326
 c: 2 4 8 11 14 17 22 28 30 39 45 46 52 58 60 66 76 81 84 87 94 100 
 r: 19 25 7 17 35 37 43 53 55 61 71 73 79 89 91 97 
 Total col=22, Total row=16
 bc#: 1327
 c: 4 7 10 16 19 22 25 28 31 32 35 38 41 45 53 60 65 66 73 76 79 81 84 94 97 
 r: 19 26 8 18 36 37 44 54 55 62 72 73 80 90 91 98 
 Total col=25, Total row=16
 bc#: 1328
 c: 8 11 14 17 22 25 28 31 35 41 43 46 49 52 55 58 60 66 73 79 81 84 87 92 95 
 r: 19 27 9 11 15 29 33 37 45 47 51 55 63 65 69 73 81 83 87 91 99 
 Total col=25, Total row=21
 bc#: 1329
 c: 2 4 7 10 16 19 26 30 32 38 39 45 53 59 62 65 68 71 74 76 80 86 89 94 97 100 
 r: 19 28 10 12 16 30 34 37 46 48 52 55 64 66 70 73 82 84 88 91 100 
 Total col=26, Total row=21
 bc#: 1330
 c: 8 11 14 17 22 25 28 31 35 41 43 46 49 52 55 58 60 66 73 79 81 84 87 92 95 
 r: 19 29 9 11 15 27 33 37 45 47 51 55 63 65 69 73 81 83 87 91 99 
 Total col=25, Total row=21
 bc#: 1331
 c: 2 4 7 10 16 19 26 30 32 38 39 45 53 59 62 65 68 71 74 76 80 86 89 94 97 100 
 r: 19 30 10 12 16 28 34 37 46 48 52 55 64 66 70 73 82 84 88 91 100 
 Total col=26, Total row=21
 bc#: 1332
 c: 2 8 10 14 17 19 22 25 28 31 39 45 46 53 59 60 62 65 66 68 71 73 74 76 79 80 86 94 100 
 r: 19 31 3 13 21 37 39 49 55 57 67 73 75 85 91 93 
 Total col=29, Total row=16
 bc#: 1333
 c: 4 11 16 26 32 35 41 46 49 52 55 58 60 65 66 68 71 80 86 89 94 97 
 r: 19 32 2 14 20 37 38 50 55 56 68 73 74 86 91 92 
 Total col=22, Total row=16
 bc#: 1334
 c: 8 11 14 17 22 25 28 31 35 41 43 46 49 52 55 58 60 66 73 79 81 84 87 92 95 
 r: 19 33 9 11 15 27 29 37 45 47 51 55 63 65 69 73 81 83 87 91 99 
 Total col=25, Total row=21
 bc#: 1335
 c: 2 4 7 10 16 19 26 30 32 38 39 45 53 59 62 65 68 71 74 76 80 86 89 94 97 100 
 r: 19 34 10 12 16 28 30 37 46 48 52 55 64 66 70 73 82 84 88 91 100 
 Total col=26, Total row=21
 bc#: 1336
 c: 2 4 8 11 14 17 22 28 30 39 45 46 52 58 60 66 76 81 84 87 94 100 
 r: 19 35 7 17 25 37 43 53 55 61 71 73 79 89 91 97 
 Total col=22, Total row=16
 bc#: 1337
 c: 4 7 10 16 19 22 25 28 31 32 35 38 41 45 53 60 65 66 73 76 79 81 84 94 97 
 r: 19 36 8 18 26 37 44 54 55 62 72 73 80 90 91 98 
 Total col=25, Total row=16
 bc#: 1338
 c: 4 11 16 26 32 35 41 46 49 52 55 58 60 65 66 68 71 80 86 89 94 97 
 r: 19 38 2 14 20 32 37 50 55 56 68 73 74 86 91 92 
 Total col=22, Total row=16
 bc#: 1339
 c: 2 8 10 14 17 19 22 25 28 31 39 45 46 53 59 60 62 65 66 68 71 73 74 76 79 80 86 94 100 
 r: 19 39 3 13 21 31 37 49 55 57 67 73 75 85 91 93 
 Total col=29, Total row=16
 bc#: 1340
 c: 2 4 7 10 14 16 19 26 31 32 35 38 43 46 49 53 55 58 60 65 66 68 71 74 76 79 81 86 94 
 r: 19 40 4 22 37 55 58 73 76 91 94 
 Total col=29, Total row=11
 bc#: 1341
 c: 8 11 17 22 25 28 30 39 41 45 52 59 62 73 80 84 87 89 92 95 97 100 
 r: 19 41 5 23 37 55 59 73 77 91 95 
 Total col=22, Total row=11
 bc#: 1342
 c: 4 7 10 16 19 26 31 32 35 38 43 46 49 53 59 60 62 65 68 71 73 76 79 81 84 86 87 92 95 97 
 r: 19 42 6 24 37 55 60 73 78 91 96 
 Total col=30, Total row=11
 bc#: 1343
 c: 2 4 8 11 14 17 22 28 30 39 45 46 52 58 60 66 76 81 84 87 94 100 
 r: 19 43 7 17 25 35 37 53 55 61 71 73 79 89 91 97 
 Total col=22, Total row=16
 bc#: 1344
 c: 4 7 10 16 19 22 25 28 31 32 35 38 41 45 53 60 65 66 73 76 79 81 84 94 97 
 r: 19 44 8 18 26 36 37 54 55 62 72 73 80 90 91 98 
 Total col=25, Total row=16
 bc#: 1345
 c: 8 11 14 17 22 25 28 31 35 41 43 46 49 52 55 58 60 66 73 79 81 84 87 92 95 
 r: 19 45 9 11 15 27 29 33 37 47 51 55 63 65 69 73 81 83 87 91 99 
 Total col=25, Total row=21
 bc#: 1346
 c: 2 4 7 10 16 19 26 30 32 38 39 45 53 59 62 65 68 71 74 76 80 86 89 94 97 100 
 r: 19 46 10 12 16 28 30 34 37 48 52 55 64 66 70 73 82 84 88 91 100 
 Total col=26, Total row=21
 bc#: 1347
 c: 8 11 14 17 22 25 28 31 35 41 43 46 49 52 55 58 60 66 73 79 81 84 87 92 95 
 r: 19 47 9 11 15 27 29 33 37 45 51 55 63 65 69 73 81 83 87 91 99 
 Total col=25, Total row=21
 bc#: 1348
 c: 2 4 7 10 16 19 26 30 32 38 39 45 53 59 62 65 68 71 74 76 80 86 89 94 97 100 
 r: 19 48 10 12 16 28 30 34 37 46 52 55 64 66 70 73 82 84 88 91 100 
 Total col=26, Total row=21
 bc#: 1349
 c: 2 8 10 14 17 19 22 25 28 31 39 45 46 53 59 60 62 65 66 68 71 73 74 76 79 80 86 94 100 
 r: 19 49 3 13 21 31 37 39 55 57 67 73 75 85 91 93 
 Total col=29, Total row=16
 bc#: 1350
 c: 4 11 16 26 32 35 41 46 49 52 55 58 60 65 66 68 71 80 86 89 94 97 
 r: 19 50 2 14 20 32 37 38 55 56 68 73 74 86 91 92 
 Total col=22, Total row=16
 bc#: 1351
 c: 8 11 14 17 22 25 28 31 35 41 43 46 49 52 55 58 60 66 73 79 81 84 87 92 95 
 r: 19 51 9 11 15 27 29 33 37 45 47 55 63 65 69 73 81 83 87 91 99 
 Total col=25, Total row=21
 bc#: 1352
 c: 2 4 7 10 16 19 26 30 32 38 39 45 53 59 62 65 68 71 74 76 80 86 89 94 97 100 
 r: 19 52 10 12 16 28 30 34 37 46 48 55 64 66 70 73 82 84 88 91 100 
 Total col=26, Total row=21
 bc#: 1353
 c: 2 4 8 11 14 17 22 28 30 39 45 46 52 58 60 66 76 81 84 87 94 100 
 r: 19 53 7 17 25 35 37 43 55 61 71 73 79 89 91 97 
 Total col=22, Total row=16
 bc#: 1354
 c: 4 7 10 16 19 22 25 28 31 32 35 38 41 45 53 60 65 66 73 76 79 81 84 94 97 
 r: 19 54 8 18 26 36 37 44 55 62 72 73 80 90 91 98 
 Total col=25, Total row=16
 bc#: 1355
 c: 4 11 16 26 32 35 41 46 49 52 55 58 60 65 66 68 71 80 86 89 94 97 
 r: 19 56 2 14 20 32 37 38 50 55 68 73 74 86 91 92 
 Total col=22, Total row=16
 bc#: 1356
 c: 2 8 10 14 17 19 22 25 28 31 39 45 46 53 59 60 62 65 66 68 71 73 74 76 79 80 86 94 100 
 r: 19 57 3 13 21 31 37 39 49 55 67 73 75 85 91 93 
 Total col=29, Total row=16
 bc#: 1357
 c: 2 4 7 10 14 16 19 26 31 32 35 38 43 46 49 53 55 58 60 65 66 68 71 74 76 79 81 86 94 
 r: 19 58 4 22 37 40 55 73 76 91 94 
 Total col=29, Total row=11
 bc#: 1358
 c: 8 11 17 22 25 28 30 39 41 45 52 59 62 73 80 84 87 89 92 95 97 100 
 r: 19 59 5 23 37 41 55 73 77 91 95 
 Total col=22, Total row=11
 bc#: 1359
 c: 4 7 10 16 19 26 31 32 35 38 43 46 49 53 59 60 62 65 68 71 73 76 79 81 84 86 87 92 95 97 
 r: 19 60 6 24 37 42 55 73 78 91 96 
 Total col=30, Total row=11
 bc#: 1360
 c: 2 4 8 11 14 17 22 28 30 39 45 46 52 58 60 66 76 81 84 87 94 100 
 r: 19 61 7 17 25 35 37 43 53 55 71 73 79 89 91 97 
 Total col=22, Total row=16
 bc#: 1361
 c: 4 7 10 16 19 22 25 28 31 32 35 38 41 45 53 60 65 66 73 76 79 81 84 94 97 
 r: 19 62 8 18 26 36 37 44 54 55 72 73 80 90 91 98 
 Total col=25, Total row=16
 bc#: 1362
 c: 8 11 14 17 22 25 28 31 35 41 43 46 49 52 55 58 60 66 73 79 81 84 87 92 95 
 r: 19 63 9 11 15 27 29 33 37 45 47 51 55 65 69 73 81 83 87 91 99 
 Total col=25, Total row=21
 bc#: 1363
 c: 2 4 7 10 16 19 26 30 32 38 39 45 53 59 62 65 68 71 74 76 80 86 89 94 97 100 
 r: 19 64 10 12 16 28 30 34 37 46 48 52 55 66 70 73 82 84 88 91 100 
 Total col=26, Total row=21
 bc#: 1364
 c: 8 11 14 17 22 25 28 31 35 41 43 46 49 52 55 58 60 66 73 79 81 84 87 92 95 
 r: 19 65 9 11 15 27 29 33 37 45 47 51 55 63 69 73 81 83 87 91 99 
 Total col=25, Total row=21
 bc#: 1365
 c: 2 4 7 10 16 19 26 30 32 38 39 45 53 59 62 65 68 71 74 76 80 86 89 94 97 100 
 r: 19 66 10 12 16 28 30 34 37 46 48 52 55 64 70 73 82 84 88 91 100 
 Total col=26, Total row=21
 bc#: 1366
 c: 2 8 10 14 17 19 22 25 28 31 39 45 46 53 59 60 62 65 66 68 71 73 74 76 79 80 86 94 100 
 r: 19 67 3 13 21 31 37 39 49 55 57 73 75 85 91 93 
 Total col=29, Total row=16
 bc#: 1367
 c: 4 11 16 26 32 35 41 46 49 52 55 58 60 65 66 68 71 80 86 89 94 97 
 r: 19 68 2 14 20 32 37 38 50 55 56 73 74 86 91 92 
 Total col=22, Total row=16
 bc#: 1368
 c: 8 11 14 17 22 25 28 31 35 41 43 46 49 52 55 58 60 66 73 79 81 84 87 92 95 
 r: 19 69 9 11 15 27 29 33 37 45 47 51 55 63 65 73 81 83 87 91 99 
 Total col=25, Total row=21
 bc#: 1369
 c: 2 4 7 10 16 19 26 30 32 38 39 45 53 59 62 65 68 71 74 76 80 86 89 94 97 100 
 r: 19 70 10 12 16 28 30 34 37 46 48 52 55 64 66 73 82 84 88 91 100 
 Total col=26, Total row=21
 bc#: 1370
 c: 2 4 8 11 14 17 22 28 30 39 45 46 52 58 60 66 76 81 84 87 94 100 
 r: 19 71 7 17 25 35 37 43 53 55 61 73 79 89 91 97 
 Total col=22, Total row=16
 bc#: 1371
 c: 4 7 10 16 19 22 25 28 31 32 35 38 41 45 53 60 65 66 73 76 79 81 84 94 97 
 r: 19 72 8 18 26 36 37 44 54 55 62 73 80 90 91 98 
 Total col=25, Total row=16
 bc#: 1372
 c: 4 11 16 26 32 35 41 46 49 52 55 58 60 65 66 68 71 80 86 89 94 97 
 r: 19 74 2 14 20 32 37 38 50 55 56 68 73 86 91 92 
 Total col=22, Total row=16
 bc#: 1373
 c: 2 8 10 14 17 19 22 25 28 31 39 45 46 53 59 60 62 65 66 68 71 73 74 76 79 80 86 94 100 
 r: 19 75 3 13 21 31 37 39 49 55 57 67 73 85 91 93 
 Total col=29, Total row=16
 bc#: 1374
 c: 2 4 7 10 14 16 19 26 31 32 35 38 43 46 49 53 55 58 60 65 66 68 71 74 76 79 81 86 94 
 r: 19 76 4 22 37 40 55 58 73 91 94 
 Total col=29, Total row=11
 bc#: 1375
 c: 8 11 17 22 25 28 30 39 41 45 52 59 62 73 80 84 87 89 92 95 97 100 
 r: 19 77 5 23 37 41 55 59 73 91 95 
 Total col=22, Total row=11
 bc#: 1376
 c: 4 7 10 16 19 26 31 32 35 38 43 46 49 53 59 60 62 65 68 71 73 76 79 81 84 86 87 92 95 97 
 r: 19 78 6 24 37 42 55 60 73 91 96 
 Total col=30, Total row=11
 bc#: 1377
 c: 2 4 8 11 14 17 22 28 30 39 45 46 52 58 60 66 76 81 84 87 94 100 
 r: 19 79 7 17 25 35 37 43 53 55 61 71 73 89 91 97 
 Total col=22, Total row=16
 bc#: 1378
 c: 4 7 10 16 19 22 25 28 31 32 35 38 41 45 53 60 65 66 73 76 79 81 84 94 97 
 r: 19 80 8 18 26 36 37 44 54 55 62 72 73 90 91 98 
 Total col=25, Total row=16
 bc#: 1379
 c: 8 11 14 17 22 25 28 31 35 41 43 46 49 52 55 58 60 66 73 79 81 84 87 92 95 
 r: 19 81 9 11 15 27 29 33 37 45 47 51 55 63 65 69 73 83 87 91 99 
 Total col=25, Total row=21
 bc#: 1380
 c: 2 4 7 10 16 19 26 30 32 38 39 45 53 59 62 65 68 71 74 76 80 86 89 94 97 100 
 r: 19 82 10 12 16 28 30 34 37 46 48 52 55 64 66 70 73 84 88 91 100 
 Total col=26, Total row=21
 bc#: 1381
 c: 8 11 14 17 22 25 28 31 35 41 43 46 49 52 55 58 60 66 73 79 81 84 87 92 95 
 r: 19 83 9 11 15 27 29 33 37 45 47 51 55 63 65 69 73 81 87 91 99 
 Total col=25, Total row=21
 bc#: 1382
 c: 2 4 7 10 16 19 26 30 32 38 39 45 53 59 62 65 68 71 74 76 80 86 89 94 97 100 
 r: 19 84 10 12 16 28 30 34 37 46 48 52 55 64 66 70 73 82 88 91 100 
 Total col=26, Total row=21
 bc#: 1383
 c: 2 8 10 14 17 19 22 25 28 31 39 45 46 53 59 60 62 65 66 68 71 73 74 76 79 80 86 94 100 
 r: 19 85 3 13 21 31 37 39 49 55 57 67 73 75 91 93 
 Total col=29, Total row=16
 bc#: 1384
 c: 4 11 16 26 32 35 41 46 49 52 55 58 60 65 66 68 71 80 86 89 94 97 
 r: 19 86 2 14 20 32 37 38 50 55 56 68 73 74 91 92 
 Total col=22, Total row=16
 bc#: 1385
 c: 8 11 14 17 22 25 28 31 35 41 43 46 49 52 55 58 60 66 73 79 81 84 87 92 95 
 r: 19 87 9 11 15 27 29 33 37 45 47 51 55 63 65 69 73 81 83 91 99 
 Total col=25, Total row=21
 bc#: 1386
 c: 2 4 7 10 16 19 26 30 32 38 39 45 53 59 62 65 68 71 74 76 80 86 89 94 97 100 
 r: 19 88 10 12 16 28 30 34 37 46 48 52 55 64 66 70 73 82 84 91 100 
 Total col=26, Total row=21
 bc#: 1387
 c: 2 4 8 11 14 17 22 28 30 39 45 46 52 58 60 66 76 81 84 87 94 100 
 r: 19 89 7 17 25 35 37 43 53 55 61 71 73 79 91 97 
 Total col=22, Total row=16
 bc#: 1388
 c: 4 7 10 16 19 22 25 28 31 32 35 38 41 45 53 60 65 66 73 76 79 81 84 94 97 
 r: 19 90 8 18 26 36 37 44 54 55 62 72 73 80 91 98 
 Total col=25, Total row=16
 bc#: 1389
 c: 4 11 16 26 32 35 41 46 49 52 55 58 60 65 66 68 71 80 86 89 94 97 
 r: 19 92 2 14 20 32 37 38 50 55 56 68 73 74 86 91 
 Total col=22, Total row=16
 bc#: 1390
 c: 2 8 10 14 17 19 22 25 28 31 39 45 46 53 59 60 62 65 66 68 71 73 74 76 79 80 86 94 100 
 r: 19 93 3 13 21 31 37 39 49 55 57 67 73 75 85 91 
 Total col=29, Total row=16
 bc#: 1391
 c: 2 4 7 10 14 16 19 26 31 32 35 38 43 46 49 53 55 58 60 65 66 68 71 74 76 79 81 86 94 
 r: 19 94 4 22 37 40 55 58 73 76 91 
 Total col=29, Total row=11
 bc#: 1392
 c: 8 11 17 22 25 28 30 39 41 45 52 59 62 73 80 84 87 89 92 95 97 100 
 r: 19 95 5 23 37 41 55 59 73 77 91 
 Total col=22, Total row=11
 bc#: 1393
 c: 4 7 10 16 19 26 31 32 35 38 43 46 49 53 59 60 62 65 68 71 73 76 79 81 84 86 87 92 95 97 
 r: 19 96 6 24 37 42 55 60 73 78 91 
 Total col=30, Total row=11
 bc#: 1394
 c: 2 4 8 11 14 17 22 28 30 39 45 46 52 58 60 66 76 81 84 87 94 100 
 r: 19 97 7 17 25 35 37 43 53 55 61 71 73 79 89 91 
 Total col=22, Total row=16
 bc#: 1395
 c: 4 7 10 16 19 22 25 28 31 32 35 38 41 45 53 60 65 66 73 76 79 81 84 94 97 
 r: 19 98 8 18 26 36 37 44 54 55 62 72 73 80 90 91 
 Total col=25, Total row=16
 bc#: 1396
 c: 8 11 14 17 22 25 28 31 35 41 43 46 49 52 55 58 60 66 73 79 81 84 87 92 95 
 r: 19 99 9 11 15 27 29 33 37 45 47 51 55 63 65 69 73 81 83 87 91 
 Total col=25, Total row=21
 bc#: 1397
 c: 2 4 7 10 16 19 26 30 32 38 39 45 53 59 62 65 68 71 74 76 80 86 89 94 97 100 
 r: 19 100 10 12 16 28 30 34 37 46 48 52 55 64 66 70 73 82 84 88 91 
 Total col=26, Total row=21
 bc#: 1398
 c: 6 13 29 34 40 46 51 60 65 66 68 71 80 82 86 88 91 94 96 99 
 r: 20 21 2 3 13 14 31 32 38 39 49 50 56 57 67 68 74 75 85 86 92 93 
 Total col=20, Total row=22
 bc#: 1399
 c: 3 6 11 13 15 20 34 41 44 47 52 72 75 78 80 82 89 97 
 r: 20 23 2 5 14 32 38 41 50 56 59 68 74 77 86 92 95 
 Total col=18, Total row=17
 bc#: 1400
 c: 1 3 4 9 15 16 18 21 24 26 27 29 32 35 37 40 46 49 51 57 60 65 68 71 75 82 86 97 
 r: 20 24 2 6 14 32 38 42 50 56 60 68 74 78 86 92 96 
 Total col=28, Total row=17
 bc#: 1401
 c: 4 6 11 20 21 24 27 34 40 46 51 52 57 58 60 63 66 72 75 78 82 88 94 96 99 
 r: 20 25 2 7 14 17 32 35 38 43 50 53 56 61 68 71 74 79 86 89 92 97 
 Total col=25, Total row=22
 bc#: 1402
 c: 1 4 9 13 15 16 18 27 32 35 37 41 47 51 57 60 63 65 66 75 82 88 91 94 97 
 r: 20 26 2 8 14 18 32 36 38 44 50 54 56 62 68 72 74 80 86 90 92 98 
 Total col=25, Total row=22
 bc#: 1403
 c: 3 6 11 20 29 34 35 37 40 41 46 47 49 52 55 58 60 63 66 72 75 78 99 
 r: 20 27 2 9 11 14 15 29 32 33 38 45 47 50 51 56 63 65 68 69 74 81 83 86 87 92 99 
 Total col=23, Total row=27
 bc#: 1404
 c: 1 4 9 13 15 16 18 21 24 26 27 32 44 51 57 65 68 71 77 80 82 83 86 88 89 91 94 96 97 
 r: 20 28 2 10 12 14 16 30 32 34 38 46 48 50 52 56 64 66 68 70 74 82 84 86 88 92 100 
 Total col=29, Total row=27
 bc#: 1405
 c: 3 6 11 20 29 34 35 37 40 41 46 47 49 52 55 58 60 63 66 72 75 78 99 
 r: 20 29 2 9 11 14 15 27 32 33 38 45 47 50 51 56 63 65 68 69 74 81 83 86 87 92 99 
 Total col=23, Total row=27
 bc#: 1406
 c: 1 4 9 13 15 16 18 21 24 26 27 32 44 51 57 65 68 71 77 80 82 83 86 88 89 91 94 96 97 
 r: 20 30 2 10 12 14 16 28 32 34 38 46 48 50 52 56 64 66 68 70 74 82 84 86 88 92 100 
 Total col=29, Total row=27
 bc#: 1407
 c: 6 13 29 34 40 46 51 60 65 66 68 71 80 82 86 88 91 94 96 99 
 r: 20 31 2 3 13 14 21 32 38 39 49 50 56 57 67 68 74 75 85 86 92 93 
 Total col=20, Total row=22
 bc#: 1408
 c: 3 6 11 20 29 34 35 37 40 41 46 47 49 52 55 58 60 63 66 72 75 78 99 
 r: 20 33 2 9 11 14 15 27 29 32 38 45 47 50 51 56 63 65 68 69 74 81 83 86 87 92 99 
 Total col=23, Total row=27
 bc#: 1409
 c: 1 4 9 13 15 16 18 21 24 26 27 32 44 51 57 65 68 71 77 80 82 83 86 88 89 91 94 96 97 
 r: 20 34 2 10 12 14 16 28 30 32 38 46 48 50 52 56 64 66 68 70 74 82 84 86 88 92 100 
 Total col=29, Total row=27
 bc#: 1410
 c: 4 6 11 20 21 24 27 34 40 46 51 52 57 58 60 63 66 72 75 78 82 88 94 96 99 
 r: 20 35 2 7 14 17 25 32 38 43 50 53 56 61 68 71 74 79 86 89 92 97 
 Total col=25, Total row=22
 bc#: 1411
 c: 1 4 9 13 15 16 18 27 32 35 37 41 47 51 57 60 63 65 66 75 82 88 91 94 97 
 r: 20 36 2 8 14 18 26 32 38 44 50 54 56 62 68 72 74 80 86 90 92 98 
 Total col=25, Total row=22
 bc#: 1412
 c: 4 11 16 26 32 35 41 46 49 52 55 58 60 65 66 68 71 80 86 89 94 97 
 r: 20 37 2 14 19 32 38 50 55 56 68 73 74 86 91 92 
 Total col=22, Total row=16
 bc#: 1413
 c: 6 13 29 34 40 46 51 60 65 66 68 71 80 82 86 88 91 94 96 99 
 r: 20 39 2 3 13 14 21 31 32 38 49 50 56 57 67 68 74 75 85 86 92 93 
 Total col=20, Total row=22
 bc#: 1414
 c: 3 6 11 13 15 20 34 41 44 47 52 72 75 78 80 82 89 97 
 r: 20 41 2 5 14 23 32 38 50 56 59 68 74 77 86 92 95 
 Total col=18, Total row=17
 bc#: 1415
 c: 1 3 4 9 15 16 18 21 24 26 27 29 32 35 37 40 46 49 51 57 60 65 68 71 75 82 86 97 
 r: 20 42 2 6 14 24 32 38 50 56 60 68 74 78 86 92 96 
 Total col=28, Total row=17
 bc#: 1416
 c: 4 6 11 20 21 24 27 34 40 46 51 52 57 58 60 63 66 72 75 78 82 88 94 96 99 
 r: 20 43 2 7 14 17 25 32 35 38 50 53 56 61 68 71 74 79 86 89 92 97 
 Total col=25, Total row=22
 bc#: 1417
 c: 1 4 9 13 15 16 18 27 32 35 37 41 47 51 57 60 63 65 66 75 82 88 91 94 97 
 r: 20 44 2 8 14 18 26 32 36 38 50 54 56 62 68 72 74 80 86 90 92 98 
 Total col=25, Total row=22
 bc#: 1418
 c: 3 6 11 20 29 34 35 37 40 41 46 47 49 52 55 58 60 63 66 72 75 78 99 
 r: 20 45 2 9 11 14 15 27 29 32 33 38 47 50 51 56 63 65 68 69 74 81 83 86 87 92 99 
 Total col=23, Total row=27
 bc#: 1419
 c: 1 4 9 13 15 16 18 21 24 26 27 32 44 51 57 65 68 71 77 80 82 83 86 88 89 91 94 96 97 
 r: 20 46 2 10 12 14 16 28 30 32 34 38 48 50 52 56 64 66 68 70 74 82 84 86 88 92 100 
 Total col=29, Total row=27
 bc#: 1420
 c: 3 6 11 20 29 34 35 37 40 41 46 47 49 52 55 58 60 63 66 72 75 78 99 
 r: 20 47 2 9 11 14 15 27 29 32 33 38 45 50 51 56 63 65 68 69 74 81 83 86 87 92 99 
 Total col=23, Total row=27
 bc#: 1421
 c: 1 4 9 13 15 16 18 21 24 26 27 32 44 51 57 65 68 71 77 80 82 83 86 88 89 91 94 96 97 
 r: 20 48 2 10 12 14 16 28 30 32 34 38 46 50 52 56 64 66 68 70 74 82 84 86 88 92 100 
 Total col=29, Total row=27
 bc#: 1422
 c: 6 13 29 34 40 46 51 60 65 66 68 71 80 82 86 88 91 94 96 99 
 r: 20 49 2 3 13 14 21 31 32 38 39 50 56 57 67 68 74 75 85 86 92 93 
 Total col=20, Total row=22
 bc#: 1423
 c: 3 6 11 20 29 34 35 37 40 41 46 47 49 52 55 58 60 63 66 72 75 78 99 
 r: 20 51 2 9 11 14 15 27 29 32 33 38 45 47 50 56 63 65 68 69 74 81 83 86 87 92 99 
 Total col=23, Total row=27
 bc#: 1424
 c: 1 4 9 13 15 16 18 21 24 26 27 32 44 51 57 65 68 71 77 80 82 83 86 88 89 91 94 96 97 
 r: 20 52 2 10 12 14 16 28 30 32 34 38 46 48 50 56 64 66 68 70 74 82 84 86 88 92 100 
 Total col=29, Total row=27
 bc#: 1425
 c: 4 6 11 20 21 24 27 34 40 46 51 52 57 58 60 63 66 72 75 78 82 88 94 96 99 
 r: 20 53 2 7 14 17 25 32 35 38 43 50 56 61 68 71 74 79 86 89 92 97 
 Total col=25, Total row=22
 bc#: 1426
 c: 1 4 9 13 15 16 18 27 32 35 37 41 47 51 57 60 63 65 66 75 82 88 91 94 97 
 r: 20 54 2 8 14 18 26 32 36 38 44 50 56 62 68 72 74 80 86 90 92 98 
 Total col=25, Total row=22
 bc#: 1427
 c: 4 11 16 26 32 35 41 46 49 52 55 58 60 65 66 68 71 80 86 89 94 97 
 r: 20 55 2 14 19 32 37 38 50 56 68 73 74 86 91 92 
 Total col=22, Total row=16
 bc#: 1428
 c: 6 13 29 34 40 46 51 60 65 66 68 71 80 82 86 88 91 94 96 99 
 r: 20 57 2 3 13 14 21 31 32 38 39 49 50 56 67 68 74 75 85 86 92 93 
 Total col=20, Total row=22
 bc#: 1429
 c: 3 6 11 13 15 20 34 41 44 47 52 72 75 78 80 82 89 97 
 r: 20 59 2 5 14 23 32 38 41 50 56 68 74 77 86 92 95 
 Total col=18, Total row=17
 bc#: 1430
 c: 1 3 4 9 15 16 18 21 24 26 27 29 32 35 37 40 46 49 51 57 60 65 68 71 75 82 86 97 
 r: 20 60 2 6 14 24 32 38 42 50 56 68 74 78 86 92 96 
 Total col=28, Total row=17
 bc#: 1431
 c: 4 6 11 20 21 24 27 34 40 46 51 52 57 58 60 63 66 72 75 78 82 88 94 96 99 
 r: 20 61 2 7 14 17 25 32 35 38 43 50 53 56 68 71 74 79 86 89 92 97 
 Total col=25, Total row=22
 bc#: 1432
 c: 1 4 9 13 15 16 18 27 32 35 37 41 47 51 57 60 63 65 66 75 82 88 91 94 97 
 r: 20 62 2 8 14 18 26 32 36 38 44 50 54 56 68 72 74 80 86 90 92 98 
 Total col=25, Total row=22
 bc#: 1433
 c: 3 6 11 20 29 34 35 37 40 41 46 47 49 52 55 58 60 63 66 72 75 78 99 
 r: 20 63 2 9 11 14 15 27 29 32 33 38 45 47 50 51 56 65 68 69 74 81 83 86 87 92 99 
 Total col=23, Total row=27
 bc#: 1434
 c: 1 4 9 13 15 16 18 21 24 26 27 32 44 51 57 65 68 71 77 80 82 83 86 88 89 91 94 96 97 
 r: 20 64 2 10 12 14 16 28 30 32 34 38 46 48 50 52 56 66 68 70 74 82 84 86 88 92 100 
 Total col=29, Total row=27
 bc#: 1435
 c: 3 6 11 20 29 34 35 37 40 41 46 47 49 52 55 58 60 63 66 72 75 78 99 
 r: 20 65 2 9 11 14 15 27 29 32 33 38 45 47 50 51 56 63 68 69 74 81 83 86 87 92 99 
 Total col=23, Total row=27
 bc#: 1436
 c: 1 4 9 13 15 16 18 21 24 26 27 32 44 51 57 65 68 71 77 80 82 83 86 88 89 91 94 96 97 
 r: 20 66 2 10 12 14 16 28 30 32 34 38 46 48 50 52 56 64 68 70 74 82 84 86 88 92 100 
 Total col=29, Total row=27
 bc#: 1437
 c: 6 13 29 34 40 46 51 60 65 66 68 71 80 82 86 88 91 94 96 99 
 r: 20 67 2 3 13 14 21 31 32 38 39 49 50 56 57 68 74 75 85 86 92 93 
 Total col=20, Total row=22
 bc#: 1438
 c: 3 6 11 20 29 34 35 37 40 41 46 47 49 52 55 58 60 63 66 72 75 78 99 
 r: 20 69 2 9 11 14 15 27 29 32 33 38 45 47 50 51 56 63 65 68 74 81 83 86 87 92 99 
 Total col=23, Total row=27
 bc#: 1439
 c: 1 4 9 13 15 16 18 21 24 26 27 32 44 51 57 65 68 71 77 80 82 83 86 88 89 91 94 96 97 
 r: 20 70 2 10 12 14 16 28 30 32 34 38 46 48 50 52 56 64 66 68 74 82 84 86 88 92 100 
 Total col=29, Total row=27
 bc#: 1440
 c: 4 6 11 20 21 24 27 34 40 46 51 52 57 58 60 63 66 72 75 78 82 88 94 96 99 
 r: 20 71 2 7 14 17 25 32 35 38 43 50 53 56 61 68 74 79 86 89 92 97 
 Total col=25, Total row=22
 bc#: 1441
 c: 1 4 9 13 15 16 18 27 32 35 37 41 47 51 57 60 63 65 66 75 82 88 91 94 97 
 r: 20 72 2 8 14 18 26 32 36 38 44 50 54 56 62 68 74 80 86 90 92 98 
 Total col=25, Total row=22
 bc#: 1442
 c: 4 11 16 26 32 35 41 46 49 52 55 58 60 65 66 68 71 80 86 89 94 97 
 r: 20 73 2 14 19 32 37 38 50 55 56 68 74 86 91 92 
 Total col=22, Total row=16
 bc#: 1443
 c: 6 13 29 34 40 46 51 60 65 66 68 71 80 82 86 88 91 94 96 99 
 r: 20 75 2 3 13 14 21 31 32 38 39 49 50 56 57 67 68 74 85 86 92 93 
 Total col=20, Total row=22
 bc#: 1444
 c: 3 6 11 13 15 20 34 41 44 47 52 72 75 78 80 82 89 97 
 r: 20 77 2 5 14 23 32 38 41 50 56 59 68 74 86 92 95 
 Total col=18, Total row=17
 bc#: 1445
 c: 1 3 4 9 15 16 18 21 24 26 27 29 32 35 37 40 46 49 51 57 60 65 68 71 75 82 86 97 
 r: 20 78 2 6 14 24 32 38 42 50 56 60 68 74 86 92 96 
 Total col=28, Total row=17
 bc#: 1446
 c: 4 6 11 20 21 24 27 34 40 46 51 52 57 58 60 63 66 72 75 78 82 88 94 96 99 
 r: 20 79 2 7 14 17 25 32 35 38 43 50 53 56 61 68 71 74 86 89 92 97 
 Total col=25, Total row=22
 bc#: 1447
 c: 1 4 9 13 15 16 18 27 32 35 37 41 47 51 57 60 63 65 66 75 82 88 91 94 97 
 r: 20 80 2 8 14 18 26 32 36 38 44 50 54 56 62 68 72 74 86 90 92 98 
 Total col=25, Total row=22
 bc#: 1448
 c: 3 6 11 20 29 34 35 37 40 41 46 47 49 52 55 58 60 63 66 72 75 78 99 
 r: 20 81 2 9 11 14 15 27 29 32 33 38 45 47 50 51 56 63 65 68 69 74 83 86 87 92 99 
 Total col=23, Total row=27
 bc#: 1449
 c: 1 4 9 13 15 16 18 21 24 26 27 32 44 51 57 65 68 71 77 80 82 83 86 88 89 91 94 96 97 
 r: 20 82 2 10 12 14 16 28 30 32 34 38 46 48 50 52 56 64 66 68 70 74 84 86 88 92 100 
 Total col=29, Total row=27
 bc#: 1450
 c: 3 6 11 20 29 34 35 37 40 41 46 47 49 52 55 58 60 63 66 72 75 78 99 
 r: 20 83 2 9 11 14 15 27 29 32 33 38 45 47 50 51 56 63 65 68 69 74 81 86 87 92 99 
 Total col=23, Total row=27
 bc#: 1451
 c: 1 4 9 13 15 16 18 21 24 26 27 32 44 51 57 65 68 71 77 80 82 83 86 88 89 91 94 96 97 
 r: 20 84 2 10 12 14 16 28 30 32 34 38 46 48 50 52 56 64 66 68 70 74 82 86 88 92 100 
 Total col=29, Total row=27
 bc#: 1452
 c: 6 13 29 34 40 46 51 60 65 66 68 71 80 82 86 88 91 94 96 99 
 r: 20 85 2 3 13 14 21 31 32 38 39 49 50 56 57 67 68 74 75 86 92 93 
 Total col=20, Total row=22
 bc#: 1453
 c: 3 6 11 20 29 34 35 37 40 41 46 47 49 52 55 58 60 63 66 72 75 78 99 
 r: 20 87 2 9 11 14 15 27 29 32 33 38 45 47 50 51 56 63 65 68 69 74 81 83 86 92 99 
 Total col=23, Total row=27
 bc#: 1454
 c: 1 4 9 13 15 16 18 21 24 26 27 32 44 51 57 65 68 71 77 80 82 83 86 88 89 91 94 96 97 
 r: 20 88 2 10 12 14 16 28 30 32 34 38 46 48 50 52 56 64 66 68 70 74 82 84 86 92 100 
 Total col=29, Total row=27
 bc#: 1455
 c: 4 6 11 20 21 24 27 34 40 46 51 52 57 58 60 63 66 72 75 78 82 88 94 96 99 
 r: 20 89 2 7 14 17 25 32 35 38 43 50 53 56 61 68 71 74 79 86 92 97 
 Total col=25, Total row=22
 bc#: 1456
 c: 1 4 9 13 15 16 18 27 32 35 37 41 47 51 57 60 63 65 66 75 82 88 91 94 97 
 r: 20 90 2 8 14 18 26 32 36 38 44 50 54 56 62 68 72 74 80 86 92 98 
 Total col=25, Total row=22
 bc#: 1457
 c: 4 11 16 26 32 35 41 46 49 52 55 58 60 65 66 68 71 80 86 89 94 97 
 r: 20 91 2 14 19 32 37 38 50 55 56 68 73 74 86 92 
 Total col=22, Total row=16
 bc#: 1458
 c: 6 13 29 34 40 46 51 60 65 66 68 71 80 82 86 88 91 94 96 99 
 r: 20 93 2 3 13 14 21 31 32 38 39 49 50 56 57 67 68 74 75 85 86 92 
 Total col=20, Total row=22
 bc#: 1459
 c: 3 6 11 13 15 20 34 41 44 47 52 72 75 78 80 82 89 97 
 r: 20 95 2 5 14 23 32 38 41 50 56 59 68 74 77 86 92 
 Total col=18, Total row=17
 bc#: 1460
 c: 1 3 4 9 15 16 18 21 24 26 27 29 32 35 37 40 46 49 51 57 60 65 68 71 75 82 86 97 
 r: 20 96 2 6 14 24 32 38 42 50 56 60 68 74 78 86 92 
 Total col=28, Total row=17
 bc#: 1461
 c: 4 6 11 20 21 24 27 34 40 46 51 52 57 58 60 63 66 72 75 78 82 88 94 96 99 
 r: 20 97 2 7 14 17 25 32 35 38 43 50 53 56 61 68 71 74 79 86 89 92 
 Total col=25, Total row=22
 bc#: 1462
 c: 1 4 9 13 15 16 18 27 32 35 37 41 47 51 57 60 63 65 66 75 82 88 91 94 97 
 r: 20 98 2 8 14 18 26 32 36 38 44 50 54 56 62 68 72 74 80 86 90 92 
 Total col=25, Total row=22
 bc#: 1463
 c: 3 6 11 20 29 34 35 37 40 41 46 47 49 52 55 58 60 63 66 72 75 78 99 
 r: 20 99 2 9 11 14 15 27 29 32 33 38 45 47 50 51 56 63 65 68 69 74 81 83 86 87 92 
 Total col=23, Total row=27
 bc#: 1464
 c: 1 4 9 13 15 16 18 21 24 26 27 32 44 51 57 65 68 71 77 80 82 83 86 88 89 91 94 96 97 
 r: 20 100 2 10 12 14 16 28 30 32 34 38 46 48 50 52 56 64 66 68 70 74 82 84 86 88 92 
 Total col=29, Total row=27
 bc#: 1465
 c: 2 10 14 19 29 31 40 42 46 48 51 53 60 65 66 68 71 74 76 79 85 86 88 91 93 94 96 99 
 r: 21 22 3 4 13 31 39 40 49 57 58 67 75 76 85 93 94 
 Total col=28, Total row=17
 bc#: 1466
 c: 5 6 8 13 17 22 23 25 28 34 36 39 45 54 56 59 62 73 80 82 100 
 r: 21 23 3 5 13 31 39 41 49 57 59 67 75 77 85 93 95 
 Total col=21, Total row=17
 bc#: 1467
 c: 10 19 29 31 40 42 46 48 51 53 54 59 60 62 65 68 71 73 76 79 82 86 93 
 r: 21 24 3 6 13 31 39 42 49 57 60 67 75 78 85 93 96 
 Total col=23, Total row=17
 bc#: 1468
 c: 2 5 6 8 14 17 22 28 34 36 39 40 42 45 46 48 51 54 60 66 76 82 88 93 94 96 99 100 
 r: 21 25 3 7 13 17 31 35 39 43 49 53 57 61 67 71 75 79 85 89 93 97 
 Total col=28, Total row=22
 bc#: 1469
 c: 10 13 19 22 25 28 31 42 45 48 51 53 54 56 60 65 66 73 76 79 82 85 88 91 93 94 
 r: 21 26 3 8 13 18 31 36 39 44 49 54 57 62 67 72 75 80 85 90 93 98 
 Total col=26, Total row=22
 bc#: 1470
 c: 5 6 8 14 17 22 23 25 28 29 31 34 40 46 60 66 73 79 93 99 
 r: 21 27 3 9 11 13 15 29 31 33 39 45 47 49 51 57 63 65 67 69 75 81 83 85 87 93 99 
 Total col=20, Total row=27
 bc#: 1471
 c: 2 10 13 19 36 39 42 45 48 51 53 54 56 59 62 65 68 71 74 76 80 82 85 86 88 91 94 96 100 
 r: 21 28 3 10 12 13 16 30 31 34 39 46 48 49 52 57 64 66 67 70 75 82 84 85 88 93 100 
 Total col=29, Total row=27
 bc#: 1472
 c: 5 6 8 14 17 22 23 25 28 29 31 34 40 46 60 66 73 79 93 99 
 r: 21 29 3 9 11 13 15 27 31 33 39 45 47 49 51 57 63 65 67 69 75 81 83 85 87 93 99 
 Total col=20, Total row=27
 bc#: 1473
 c: 2 10 13 19 36 39 42 45 48 51 53 54 56 59 62 65 68 71 74 76 80 82 85 86 88 91 94 96 100 
 r: 21 30 3 10 12 13 16 28 31 34 39 46 48 49 52 57 64 66 67 70 75 82 84 85 88 93 100 
 Total col=29, Total row=27
 bc#: 1474
 c: 2 5 6 8 10 13 14 17 19 22 23 25 28 29 31 34 36 39 40 42 45 46 48 51 53 54 56 59 60 62 65 66 68 71 73 74 76 79 80 82 85 86 88 91 93 94 96 99 100 
 r: 21 31 3 13 39 49 57 67 75 85 93 
 Total col=49, Total row=11
 bc#: 1475
 c: 6 13 29 34 40 46 51 60 65 66 68 71 80 82 86 88 91 94 96 99 
 r: 21 32 2 3 13 14 20 31 38 39 49 50 56 57 67 68 74 75 85 86 92 93 
 Total col=20, Total row=22
 bc#: 1476
 c: 5 6 8 14 17 22 23 25 28 29 31 34 40 46 60 66 73 79 93 99 
 r: 21 33 3 9 11 13 15 27 29 31 39 45 47 49 51 57 63 65 67 69 75 81 83 85 87 93 99 
 Total col=20, Total row=27
 bc#: 1477
 c: 2 10 13 19 36 39 42 45 48 51 53 54 56 59 62 65 68 71 74 76 80 82 85 86 88 91 94 96 100 
 r: 21 34 3 10 12 13 16 28 30 31 39 46 48 49 52 57 64 66 67 70 75 82 84 85 88 93 100 
 Total col=29, Total row=27
 bc#: 1478
 c: 2 5 6 8 14 17 22 28 34 36 39 40 42 45 46 48 51 54 60 66 76 82 88 93 94 96 99 100 
 r: 21 35 3 7 13 17 25 31 39 43 49 53 57 61 67 71 75 79 85 89 93 97 
 Total col=28, Total row=22
 bc#: 1479
 c: 10 13 19 22 25 28 31 42 45 48 51 53 54 56 60 65 66 73 76 79 82 85 88 91 93 94 
 r: 21 36 3 8 13 18 26 31 39 44 49 54 57 62 67 72 75 80 85 90 93 98 
 Total col=26, Total row=22
 bc#: 1480
 c: 2 8 10 14 17 19 22 25 28 31 39 45 46 53 59 60 62 65 66 68 71 73 74 76 79 80 86 94 100 
 r: 21 37 3 13 19 31 39 49 55 57 67 73 75 85 91 93 
 Total col=29, Total row=16
 bc#: 1481
 c: 6 13 29 34 40 46 51 60 65 66 68 71 80 82 86 88 91 94 96 99 
 r: 21 38 2 3 13 14 20 31 32 39 49 50 56 57 67 68 74 75 85 86 92 93 
 Total col=20, Total row=22
 bc#: 1482
 c: 2 5 6 8 10 13 14 17 19 22 23 25 28 29 31 34 36 39 40 42 45 46 48 51 53 54 56 59 60 62 65 66 68 71 73 74 76 79 80 82 85 86 88 91 93 94 96 99 100 
 r: 21 39 3 13 31 49 57 67 75 85 93 
 Total col=49, Total row=11
 bc#: 1483
 c: 2 10 14 19 29 31 40 42 46 48 51 53 60 65 66 68 71 74 76 79 85 86 88 91 93 94 96 99 
 r: 21 40 3 4 13 22 31 39 49 57 58 67 75 76 85 93 94 
 Total col=28, Total row=17
 bc#: 1484
 c: 5 6 8 13 17 22 23 25 28 34 36 39 45 54 56 59 62 73 80 82 100 
 r: 21 41 3 5 13 23 31 39 49 57 59 67 75 77 85 93 95 
 Total col=21, Total row=17
 bc#: 1485
 c: 10 19 29 31 40 42 46 48 51 53 54 59 60 62 65 68 71 73 76 79 82 86 93 
 r: 21 42 3 6 13 24 31 39 49 57 60 67 75 78 85 93 96 
 Total col=23, Total row=17
 bc#: 1486
 c: 2 5 6 8 14 17 22 28 34 36 39 40 42 45 46 48 51 54 60 66 76 82 88 93 94 96 99 100 
 r: 21 43 3 7 13 17 25 31 35 39 49 53 57 61 67 71 75 79 85 89 93 97 
 Total col=28, Total row=22
 bc#: 1487
 c: 10 13 19 22 25 28 31 42 45 48 51 53 54 56 60 65 66 73 76 79 82 85 88 91 93 94 
 r: 21 44 3 8 13 18 26 31 36 39 49 54 57 62 67 72 75 80 85 90 93 98 
 Total col=26, Total row=22
 bc#: 1488
 c: 5 6 8 14 17 22 23 25 28 29 31 34 40 46 60 66 73 79 93 99 
 r: 21 45 3 9 11 13 15 27 29 31 33 39 47 49 51 57 63 65 67 69 75 81 83 85 87 93 99 
 Total col=20, Total row=27
 bc#: 1489
 c: 2 10 13 19 36 39 42 45 48 51 53 54 56 59 62 65 68 71 74 76 80 82 85 86 88 91 94 96 100 
 r: 21 46 3 10 12 13 16 28 30 31 34 39 48 49 52 57 64 66 67 70 75 82 84 85 88 93 100 
 Total col=29, Total row=27
 bc#: 1490
 c: 5 6 8 14 17 22 23 25 28 29 31 34 40 46 60 66 73 79 93 99 
 r: 21 47 3 9 11 13 15 27 29 31 33 39 45 49 51 57 63 65 67 69 75 81 83 85 87 93 99 
 Total col=20, Total row=27
 bc#: 1491
 c: 2 10 13 19 36 39 42 45 48 51 53 54 56 59 62 65 68 71 74 76 80 82 85 86 88 91 94 96 100 
 r: 21 48 3 10 12 13 16 28 30 31 34 39 46 49 52 57 64 66 67 70 75 82 84 85 88 93 100 
 Total col=29, Total row=27
 bc#: 1492
 c: 2 5 6 8 10 13 14 17 19 22 23 25 28 29 31 34 36 39 40 42 45 46 48 51 53 54 56 59 60 62 65 66 68 71 73 74 76 79 80 82 85 86 88 91 93 94 96 99 100 
 r: 21 49 3 13 31 39 57 67 75 85 93 
 Total col=49, Total row=11
 bc#: 1493
 c: 6 13 29 34 40 46 51 60 65 66 68 71 80 82 86 88 91 94 96 99 
 r: 21 50 2 3 13 14 20 31 32 38 39 49 56 57 67 68 74 75 85 86 92 93 
 Total col=20, Total row=22
 bc#: 1494
 c: 5 6 8 14 17 22 23 25 28 29 31 34 40 46 60 66 73 79 93 99 
 r: 21 51 3 9 11 13 15 27 29 31 33 39 45 47 49 57 63 65 67 69 75 81 83 85 87 93 99 
 Total col=20, Total row=27
 bc#: 1495
 c: 2 10 13 19 36 39 42 45 48 51 53 54 56 59 62 65 68 71 74 76 80 82 85 86 88 91 94 96 100 
 r: 21 52 3 10 12 13 16 28 30 31 34 39 46 48 49 57 64 66 67 70 75 82 84 85 88 93 100 
 Total col=29, Total row=27
 bc#: 1496
 c: 2 5 6 8 14 17 22 28 34 36 39 40 42 45 46 48 51 54 60 66 76 82 88 93 94 96 99 100 
 r: 21 53 3 7 13 17 25 31 35 39 43 49 57 61 67 71 75 79 85 89 93 97 
 Total col=28, Total row=22
 bc#: 1497
 c: 10 13 19 22 25 28 31 42 45 48 51 53 54 56 60 65 66 73 76 79 82 85 88 91 93 94 
 r: 21 54 3 8 13 18 26 31 36 39 44 49 57 62 67 72 75 80 85 90 93 98 
 Total col=26, Total row=22
 bc#: 1498
 c: 2 8 10 14 17 19 22 25 28 31 39 45 46 53 59 60 62 65 66 68 71 73 74 76 79 80 86 94 100 
 r: 21 55 3 13 19 31 37 39 49 57 67 73 75 85 91 93 
 Total col=29, Total row=16
 bc#: 1499
 c: 6 13 29 34 40 46 51 60 65 66 68 71 80 82 86 88 91 94 96 99 
 r: 21 56 2 3 13 14 20 31 32 38 39 49 50 57 67 68 74 75 85 86 92 93 
 Total col=20, Total row=22
 bc#: 1500
 c: 2 5 6 8 10 13 14 17 19 22 23 25 28 29 31 34 36 39 40 42 45 46 48 51 53 54 56 59 60 62 65 66 68 71 73 74 76 79 80 82 85 86 88 91 93 94 96 99 100 
 r: 21 57 3 13 31 39 49 67 75 85 93 
 Total col=49, Total row=11
 bc#: 1501
 c: 2 10 14 19 29 31 40 42 46 48 51 53 60 65 66 68 71 74 76 79 85 86 88 91 93 94 96 99 
 r: 21 58 3 4 13 22 31 39 40 49 57 67 75 76 85 93 94 
 Total col=28, Total row=17
 bc#: 1502
 c: 5 6 8 13 17 22 23 25 28 34 36 39 45 54 56 59 62 73 80 82 100 
 r: 21 59 3 5 13 23 31 39 41 49 57 67 75 77 85 93 95 
 Total col=21, Total row=17
 bc#: 1503
 c: 10 19 29 31 40 42 46 48 51 53 54 59 60 62 65 68 71 73 76 79 82 86 93 
 r: 21 60 3 6 13 24 31 39 42 49 57 67 75 78 85 93 96 
 Total col=23, Total row=17
 bc#: 1504
 c: 2 5 6 8 14 17 22 28 34 36 39 40 42 45 46 48 51 54 60 66 76 82 88 93 94 96 99 100 
 r: 21 61 3 7 13 17 25 31 35 39 43 49 53 57 67 71 75 79 85 89 93 97 
 Total col=28, Total row=22
 bc#: 1505
 c: 10 13 19 22 25 28 31 42 45 48 51 53 54 56 60 65 66 73 76 79 82 85 88 91 93 94 
 r: 21 62 3 8 13 18 26 31 36 39 44 49 54 57 67 72 75 80 85 90 93 98 
 Total col=26, Total row=22
 bc#: 1506
 c: 5 6 8 14 17 22 23 25 28 29 31 34 40 46 60 66 73 79 93 99 
 r: 21 63 3 9 11 13 15 27 29 31 33 39 45 47 49 51 57 65 67 69 75 81 83 85 87 93 99 
 Total col=20, Total row=27
 bc#: 1507
 c: 2 10 13 19 36 39 42 45 48 51 53 54 56 59 62 65 68 71 74 76 80 82 85 86 88 91 94 96 100 
 r: 21 64 3 10 12 13 16 28 30 31 34 39 46 48 49 52 57 66 67 70 75 82 84 85 88 93 100 
 Total col=29, Total row=27
 bc#: 1508
 c: 5 6 8 14 17 22 23 25 28 29 31 34 40 46 60 66 73 79 93 99 
 r: 21 65 3 9 11 13 15 27 29 31 33 39 45 47 49 51 57 63 67 69 75 81 83 85 87 93 99 
 Total col=20, Total row=27
 bc#: 1509
 c: 2 10 13 19 36 39 42 45 48 51 53 54 56 59 62 65 68 71 74 76 80 82 85 86 88 91 94 96 100 
 r: 21 66 3 10 12 13 16 28 30 31 34 39 46 48 49 52 57 64 67 70 75 82 84 85 88 93 100 
 Total col=29, Total row=27
 bc#: 1510
 c: 2 5 6 8 10 13 14 17 19 22 23 25 28 29 31 34 36 39 40 42 45 46 48 51 53 54 56 59 60 62 65 66 68 71 73 74 76 79 80 82 85 86 88 91 93 94 96 99 100 
 r: 21 67 3 13 31 39 49 57 75 85 93 
 Total col=49, Total row=11
 bc#: 1511
 c: 6 13 29 34 40 46 51 60 65 66 68 71 80 82 86 88 91 94 96 99 
 r: 21 68 2 3 13 14 20 31 32 38 39 49 50 56 57 67 74 75 85 86 92 93 
 Total col=20, Total row=22
 bc#: 1512
 c: 5 6 8 14 17 22 23 25 28 29 31 34 40 46 60 66 73 79 93 99 
 r: 21 69 3 9 11 13 15 27 29 31 33 39 45 47 49 51 57 63 65 67 75 81 83 85 87 93 99 
 Total col=20, Total row=27
 bc#: 1513
 c: 2 10 13 19 36 39 42 45 48 51 53 54 56 59 62 65 68 71 74 76 80 82 85 86 88 91 94 96 100 
 r: 21 70 3 10 12 13 16 28 30 31 34 39 46 48 49 52 57 64 66 67 75 82 84 85 88 93 100 
 Total col=29, Total row=27
 bc#: 1514
 c: 2 5 6 8 14 17 22 28 34 36 39 40 42 45 46 48 51 54 60 66 76 82 88 93 94 96 99 100 
 r: 21 71 3 7 13 17 25 31 35 39 43 49 53 57 61 67 75 79 85 89 93 97 
 Total col=28, Total row=22
 bc#: 1515
 c: 10 13 19 22 25 28 31 42 45 48 51 53 54 56 60 65 66 73 76 79 82 85 88 91 93 94 
 r: 21 72 3 8 13 18 26 31 36 39 44 49 54 57 62 67 75 80 85 90 93 98 
 Total col=26, Total row=22
 bc#: 1516
 c: 2 8 10 14 17 19 22 25 28 31 39 45 46 53 59 60 62 65 66 68 71 73 74 76 79 80 86 94 100 
 r: 21 73 3 13 19 31 37 39 49 55 57 67 75 85 91 93 
 Total col=29, Total row=16
 bc#: 1517
 c: 6 13 29 34 40 46 51 60 65 66 68 71 80 82 86 88 91 94 96 99 
 r: 21 74 2 3 13 14 20 31 32 38 39 49 50 56 57 67 68 75 85 86 92 93 
 Total col=20, Total row=22
 bc#: 1518
 c: 2 5 6 8 10 13 14 17 19 22 23 25 28 29 31 34 36 39 40 42 45 46 48 51 53 54 56 59 60 62 65 66 68 71 73 74 76 79 80 82 85 86 88 91 93 94 96 99 100 
 r: 21 75 3 13 31 39 49 57 67 85 93 
 Total col=49, Total row=11
 bc#: 1519
 c: 2 10 14 19 29 31 40 42 46 48 51 53 60 65 66 68 71 74 76 79 85 86 88 91 93 94 96 99 
 r: 21 76 3 4 13 22 31 39 40 49 57 58 67 75 85 93 94 
 Total col=28, Total row=17
 bc#: 1520
 c: 5 6 8 13 17 22 23 25 28 34 36 39 45 54 56 59 62 73 80 82 100 
 r: 21 77 3 5 13 23 31 39 41 49 57 59 67 75 85 93 95 
 Total col=21, Total row=17
 bc#: 1521
 c: 10 19 29 31 40 42 46 48 51 53 54 59 60 62 65 68 71 73 76 79 82 86 93 
 r: 21 78 3 6 13 24 31 39 42 49 57 60 67 75 85 93 96 
 Total col=23, Total row=17
 bc#: 1522
 c: 2 5 6 8 14 17 22 28 34 36 39 40 42 45 46 48 51 54 60 66 76 82 88 93 94 96 99 100 
 r: 21 79 3 7 13 17 25 31 35 39 43 49 53 57 61 67 71 75 85 89 93 97 
 Total col=28, Total row=22
 bc#: 1523
 c: 10 13 19 22 25 28 31 42 45 48 51 53 54 56 60 65 66 73 76 79 82 85 88 91 93 94 
 r: 21 80 3 8 13 18 26 31 36 39 44 49 54 57 62 67 72 75 85 90 93 98 
 Total col=26, Total row=22
 bc#: 1524
 c: 5 6 8 14 17 22 23 25 28 29 31 34 40 46 60 66 73 79 93 99 
 r: 21 81 3 9 11 13 15 27 29 31 33 39 45 47 49 51 57 63 65 67 69 75 83 85 87 93 99 
 Total col=20, Total row=27
 bc#: 1525
 c: 2 10 13 19 36 39 42 45 48 51 53 54 56 59 62 65 68 71 74 76 80 82 85 86 88 91 94 96 100 
 r: 21 82 3 10 12 13 16 28 30 31 34 39 46 48 49 52 57 64 66 67 70 75 84 85 88 93 100 
 Total col=29, Total row=27
 bc#: 1526
 c: 5 6 8 14 17 22 23 25 28 29 31 34 40 46 60 66 73 79 93 99 
 r: 21 83 3 9 11 13 15 27 29 31 33 39 45 47 49 51 57 63 65 67 69 75 81 85 87 93 99 
 Total col=20, Total row=27
 bc#: 1527
 c: 2 10 13 19 36 39 42 45 48 51 53 54 56 59 62 65 68 71 74 76 80 82 85 86 88 91 94 96 100 
 r: 21 84 3 10 12 13 16 28 30 31 34 39 46 48 49 52 57 64 66 67 70 75 82 85 88 93 100 
 Total col=29, Total row=27
 bc#: 1528
 c: 2 5 6 8 10 13 14 17 19 22 23 25 28 29 31 34 36 39 40 42 45 46 48 51 53 54 56 59 60 62 65 66 68 71 73 74 76 79 80 82 85 86 88 91 93 94 96 99 100 
 r: 21 85 3 13 31 39 49 57 67 75 93 
 Total col=49, Total row=11
 bc#: 1529
 c: 6 13 29 34 40 46 51 60 65 66 68 71 80 82 86 88 91 94 96 99 
 r: 21 86 2 3 13 14 20 31 32 38 39 49 50 56 57 67 68 74 75 85 92 93 
 Total col=20, Total row=22
 bc#: 1530
 c: 5 6 8 14 17 22 23 25 28 29 31 34 40 46 60 66 73 79 93 99 
 r: 21 87 3 9 11 13 15 27 29 31 33 39 45 47 49 51 57 63 65 67 69 75 81 83 85 93 99 
 Total col=20, Total row=27
 bc#: 1531
 c: 2 10 13 19 36 39 42 45 48 51 53 54 56 59 62 65 68 71 74 76 80 82 85 86 88 91 94 96 100 
 r: 21 88 3 10 12 13 16 28 30 31 34 39 46 48 49 52 57 64 66 67 70 75 82 84 85 93 100 
 Total col=29, Total row=27
 bc#: 1532
 c: 2 5 6 8 14 17 22 28 34 36 39 40 42 45 46 48 51 54 60 66 76 82 88 93 94 96 99 100 
 r: 21 89 3 7 13 17 25 31 35 39 43 49 53 57 61 67 71 75 79 85 93 97 
 Total col=28, Total row=22
 bc#: 1533
 c: 10 13 19 22 25 28 31 42 45 48 51 53 54 56 60 65 66 73 76 79 82 85 88 91 93 94 
 r: 21 90 3 8 13 18 26 31 36 39 44 49 54 57 62 67 72 75 80 85 93 98 
 Total col=26, Total row=22
 bc#: 1534
 c: 2 8 10 14 17 19 22 25 28 31 39 45 46 53 59 60 62 65 66 68 71 73 74 76 79 80 86 94 100 
 r: 21 91 3 13 19 31 37 39 49 55 57 67 73 75 85 93 
 Total col=29, Total row=16
 bc#: 1535
 c: 6 13 29 34 40 46 51 60 65 66 68 71 80 82 86 88 91 94 96 99 
 r: 21 92 2 3 13 14 20 31 32 38 39 49 50 56 57 67 68 74 75 85 86 93 
 Total col=20, Total row=22
 bc#: 1536
 c: 2 5 6 8 10 13 14 17 19 22 23 25 28 29 31 34 36 39 40 42 45 46 48 51 53 54 56 59 60 62 65 66 68 71 73 74 76 79 80 82 85 86 88 91 93 94 96 99 100 
 r: 21 93 3 13 31 39 49 57 67 75 85 
 Total col=49, Total row=11
 bc#: 1537
 c: 2 10 14 19 29 31 40 42 46 48 51 53 60 65 66 68 71 74 76 79 85 86 88 91 93 94 96 99 
 r: 21 94 3 4 13 22 31 39 40 49 57 58 67 75 76 85 93 
 Total col=28, Total row=17
 bc#: 1538
 c: 5 6 8 13 17 22 23 25 28 34 36 39 45 54 56 59 62 73 80 82 100 
 r: 21 95 3 5 13 23 31 39 41 49 57 59 67 75 77 85 93 
 Total col=21, Total row=17
 bc#: 1539
 c: 10 19 29 31 40 42 46 48 51 53 54 59 60 62 65 68 71 73 76 79 82 86 93 
 r: 21 96 3 6 13 24 31 39 42 49 57 60 67 75 78 85 93 
 Total col=23, Total row=17
 bc#: 1540
 c: 2 5 6 8 14 17 22 28 34 36 39 40 42 45 46 48 51 54 60 66 76 82 88 93 94 96 99 100 
 r: 21 97 3 7 13 17 25 31 35 39 43 49 53 57 61 67 71 75 79 85 89 93 
 Total col=28, Total row=22
 bc#: 1541
 c: 10 13 19 22 25 28 31 42 45 48 51 53 54 56 60 65 66 73 76 79 82 85 88 91 93 94 
 r: 21 98 3 8 13 18 26 31 36 39 44 49 54 57 62 67 72 75 80 85 90 93 
 Total col=26, Total row=22
 bc#: 1542
 c: 5 6 8 14 17 22 23 25 28 29 31 34 40 46 60 66 73 79 93 99 
 r: 21 99 3 9 11 13 15 27 29 31 33 39 45 47 49 51 57 63 65 67 69 75 81 83 85 87 93 
 Total col=20, Total row=27
 bc#: 1543
 c: 2 10 13 19 36 39 42 45 48 51 53 54 56 59 62 65 68 71 74 76 80 82 85 86 88 91 94 96 100 
 r: 21 100 3 10 12 13 16 28 30 31 34 39 46 48 49 52 57 64 66 67 70 75 82 84 85 88 93 
 Total col=29, Total row=27
 bc#: 1544
 c: 2 4 12 14 21 24 27 40 42 46 48 51 57 58 60 63 66 70 76 81 88 93 94 96 99 
 r: 22 25 4 7 17 35 40 43 53 58 61 71 76 79 89 94 97 
 Total col=25, Total row=17
 bc#: 1545
 c: 1 4 7 9 10 16 18 19 27 31 32 35 37 38 42 48 51 53 57 60 63 65 66 70 76 79 81 85 88 91 93 94 98 
 r: 22 26 4 8 18 36 40 44 54 58 62 72 76 80 90 94 98 
 Total col=33, Total row=17
 bc#: 1546
 c: 12 14 29 31 35 37 40 43 46 49 55 58 60 63 66 79 81 93 98 99 
 r: 22 27 4 9 11 15 29 33 40 45 47 51 58 63 65 69 76 81 83 87 94 99 
 Total col=20, Total row=22
 bc#: 1547
 c: 12 14 29 31 35 37 40 43 46 49 55 58 60 63 66 79 81 93 98 99 
 r: 22 29 4 9 11 15 27 33 40 45 47 51 58 63 65 69 76 81 83 87 94 99 
 Total col=20, Total row=22
 bc#: 1548
 c: 2 10 14 19 29 31 40 42 46 48 51 53 60 65 66 68 71 74 76 79 85 86 88 91 93 94 96 99 
 r: 22 31 3 4 13 21 39 40 49 57 58 67 75 76 85 93 94 
 Total col=28, Total row=17
 bc#: 1549
 c: 12 14 29 31 35 37 40 43 46 49 55 58 60 63 66 79 81 93 98 99 
 r: 22 33 4 9 11 15 27 29 40 45 47 51 58 63 65 69 76 81 83 87 94 99 
 Total col=20, Total row=22
 bc#: 1550
 c: 2 4 12 14 21 24 27 40 42 46 48 51 57 58 60 63 66 70 76 81 88 93 94 96 99 
 r: 22 35 4 7 17 25 40 43 53 58 61 71 76 79 89 94 97 
 Total col=25, Total row=17
 bc#: 1551
 c: 1 4 7 9 10 16 18 19 27 31 32 35 37 38 42 48 51 53 57 60 63 65 66 70 76 79 81 85 88 91 93 94 98 
 r: 22 36 4 8 18 26 40 44 54 58 62 72 76 80 90 94 98 
 Total col=33, Total row=17
 bc#: 1552
 c: 2 4 7 10 14 16 19 26 31 32 35 38 43 46 49 53 55 58 60 65 66 68 71 74 76 79 81 86 94 
 r: 22 37 4 19 40 55 58 73 76 91 94 
 Total col=29, Total row=11
 bc#: 1553
 c: 2 10 14 19 29 31 40 42 46 48 51 53 60 65 66 68 71 74 76 79 85 86 88 91 93 94 96 99 
 r: 22 39 3 4 13 21 31 40 49 57 58 67 75 76 85 93 94 
 Total col=28, Total row=17
 bc#: 1554
 c: 2 4 12 14 21 24 27 40 42 46 48 51 57 58 60 63 66 70 76 81 88 93 94 96 99 
 r: 22 43 4 7 17 25 35 40 53 58 61 71 76 79 89 94 97 
 Total col=25, Total row=17
 bc#: 1555
 c: 1 4 7 9 10 16 18 19 27 31 32 35 37 38 42 48 51 53 57 60 63 65 66 70 76 79 81 85 88 91 93 94 98 
 r: 22 44 4 8 18 26 36 40 54 58 62 72 76 80 90 94 98 
 Total col=33, Total row=17
 bc#: 1556
 c: 12 14 29 31 35 37 40 43 46 49 55 58 60 63 66 79 81 93 98 99 
 r: 22 45 4 9 11 15 27 29 33 40 47 51 58 63 65 69 76 81 83 87 94 99 
 Total col=20, Total row=22
 bc#: 1557
 c: 12 14 29 31 35 37 40 43 46 49 55 58 60 63 66 79 81 93 98 99 
 r: 22 47 4 9 11 15 27 29 33 40 45 51 58 63 65 69 76 81 83 87 94 99 
 Total col=20, Total row=22
 bc#: 1558
 c: 2 10 14 19 29 31 40 42 46 48 51 53 60 65 66 68 71 74 76 79 85 86 88 91 93 94 96 99 
 r: 22 49 3 4 13 21 31 39 40 57 58 67 75 76 85 93 94 
 Total col=28, Total row=17
 bc#: 1559
 c: 12 14 29 31 35 37 40 43 46 49 55 58 60 63 66 79 81 93 98 99 
 r: 22 51 4 9 11 15 27 29 33 40 45 47 58 63 65 69 76 81 83 87 94 99 
 Total col=20, Total row=22
 bc#: 1560
 c: 2 4 12 14 21 24 27 40 42 46 48 51 57 58 60 63 66 70 76 81 88 93 94 96 99 
 r: 22 53 4 7 17 25 35 40 43 58 61 71 76 79 89 94 97 
 Total col=25, Total row=17
 bc#: 1561
 c: 1 4 7 9 10 16 18 19 27 31 32 35 37 38 42 48 51 53 57 60 63 65 66 70 76 79 81 85 88 91 93 94 98 
 r: 22 54 4 8 18 26 36 40 44 58 62 72 76 80 90 94 98 
 Total col=33, Total row=17
 bc#: 1562
 c: 2 4 7 10 14 16 19 26 31 32 35 38 43 46 49 53 55 58 60 65 66 68 71 74 76 79 81 86 94 
 r: 22 55 4 19 37 40 58 73 76 91 94 
 Total col=29, Total row=11
 bc#: 1563
 c: 2 10 14 19 29 31 40 42 46 48 51 53 60 65 66 68 71 74 76 79 85 86 88 91 93 94 96 99 
 r: 22 57 3 4 13 21 31 39 40 49 58 67 75 76 85 93 94 
 Total col=28, Total row=17
 bc#: 1564
 c: 2 4 12 14 21 24 27 40 42 46 48 51 57 58 60 63 66 70 76 81 88 93 94 96 99 
 r: 22 61 4 7 17 25 35 40 43 53 58 71 76 79 89 94 97 
 Total col=25, Total row=17
 bc#: 1565
 c: 1 4 7 9 10 16 18 19 27 31 32 35 37 38 42 48 51 53 57 60 63 65 66 70 76 79 81 85 88 91 93 94 98 
 r: 22 62 4 8 18 26 36 40 44 54 58 72 76 80 90 94 98 
 Total col=33, Total row=17
 bc#: 1566
 c: 12 14 29 31 35 37 40 43 46 49 55 58 60 63 66 79 81 93 98 99 
 r: 22 63 4 9 11 15 27 29 33 40 45 47 51 58 65 69 76 81 83 87 94 99 
 Total col=20, Total row=22
 bc#: 1567
 c: 12 14 29 31 35 37 40 43 46 49 55 58 60 63 66 79 81 93 98 99 
 r: 22 65 4 9 11 15 27 29 33 40 45 47 51 58 63 69 76 81 83 87 94 99 
 Total col=20, Total row=22
 bc#: 1568
 c: 2 10 14 19 29 31 40 42 46 48 51 53 60 65 66 68 71 74 76 79 85 86 88 91 93 94 96 99 
 r: 22 67 3 4 13 21 31 39 40 49 57 58 75 76 85 93 94 
 Total col=28, Total row=17
 bc#: 1569
 c: 12 14 29 31 35 37 40 43 46 49 55 58 60 63 66 79 81 93 98 99 
 r: 22 69 4 9 11 15 27 29 33 40 45 47 51 58 63 65 76 81 83 87 94 99 
 Total col=20, Total row=22
 bc#: 1570
 c: 2 4 12 14 21 24 27 40 42 46 48 51 57 58 60 63 66 70 76 81 88 93 94 96 99 
 r: 22 71 4 7 17 25 35 40 43 53 58 61 76 79 89 94 97 
 Total col=25, Total row=17
 bc#: 1571
 c: 1 4 7 9 10 16 18 19 27 31 32 35 37 38 42 48 51 53 57 60 63 65 66 70 76 79 81 85 88 91 93 94 98 
 r: 22 72 4 8 18 26 36 40 44 54 58 62 76 80 90 94 98 
 Total col=33, Total row=17
 bc#: 1572
 c: 2 4 7 10 14 16 19 26 31 32 35 38 43 46 49 53 55 58 60 65 66 68 71 74 76 79 81 86 94 
 r: 22 73 4 19 37 40 55 58 76 91 94 
 Total col=29, Total row=11
 bc#: 1573
 c: 2 10 14 19 29 31 40 42 46 48 51 53 60 65 66 68 71 74 76 79 85 86 88 91 93 94 96 99 
 r: 22 75 3 4 13 21 31 39 40 49 57 58 67 76 85 93 94 
 Total col=28, Total row=17
 bc#: 1574
 c: 2 4 12 14 21 24 27 40 42 46 48 51 57 58 60 63 66 70 76 81 88 93 94 96 99 
 r: 22 79 4 7 17 25 35 40 43 53 58 61 71 76 89 94 97 
 Total col=25, Total row=17
 bc#: 1575
 c: 1 4 7 9 10 16 18 19 27 31 32 35 37 38 42 48 51 53 57 60 63 65 66 70 76 79 81 85 88 91 93 94 98 
 r: 22 80 4 8 18 26 36 40 44 54 58 62 72 76 90 94 98 
 Total col=33, Total row=17
 bc#: 1576
 c: 12 14 29 31 35 37 40 43 46 49 55 58 60 63 66 79 81 93 98 99 
 r: 22 81 4 9 11 15 27 29 33 40 45 47 51 58 63 65 69 76 83 87 94 99 
 Total col=20, Total row=22
 bc#: 1577
 c: 12 14 29 31 35 37 40 43 46 49 55 58 60 63 66 79 81 93 98 99 
 r: 22 83 4 9 11 15 27 29 33 40 45 47 51 58 63 65 69 76 81 87 94 99 
 Total col=20, Total row=22
 bc#: 1578
 c: 2 10 14 19 29 31 40 42 46 48 51 53 60 65 66 68 71 74 76 79 85 86 88 91 93 94 96 99 
 r: 22 85 3 4 13 21 31 39 40 49 57 58 67 75 76 93 94 
 Total col=28, Total row=17
 bc#: 1579
 c: 12 14 29 31 35 37 40 43 46 49 55 58 60 63 66 79 81 93 98 99 
 r: 22 87 4 9 11 15 27 29 33 40 45 47 51 58 63 65 69 76 81 83 94 99 
 Total col=20, Total row=22
 bc#: 1580
 c: 2 4 12 14 21 24 27 40 42 46 48 51 57 58 60 63 66 70 76 81 88 93 94 96 99 
 r: 22 89 4 7 17 25 35 40 43 53 58 61 71 76 79 94 97 
 Total col=25, Total row=17
 bc#: 1581
 c: 1 4 7 9 10 16 18 19 27 31 32 35 37 38 42 48 51 53 57 60 63 65 66 70 76 79 81 85 88 91 93 94 98 
 r: 22 90 4 8 18 26 36 40 44 54 58 62 72 76 80 94 98 
 Total col=33, Total row=17
 bc#: 1582
 c: 2 4 7 10 14 16 19 26 31 32 35 38 43 46 49 53 55 58 60 65 66 68 71 74 76 79 81 86 94 
 r: 22 91 4 19 37 40 55 58 73 76 94 
 Total col=29, Total row=11
 bc#: 1583
 c: 2 10 14 19 29 31 40 42 46 48 51 53 60 65 66 68 71 74 76 79 85 86 88 91 93 94 96 99 
 r: 22 93 3 4 13 21 31 39 40 49 57 58 67 75 76 85 94 
 Total col=28, Total row=17
 bc#: 1584
 c: 2 4 12 14 21 24 27 40 42 46 48 51 57 58 60 63 66 70 76 81 88 93 94 96 99 
 r: 22 97 4 7 17 25 35 40 43 53 58 61 71 76 79 89 94 
 Total col=25, Total row=17
 bc#: 1585
 c: 1 4 7 9 10 16 18 19 27 31 32 35 37 38 42 48 51 53 57 60 63 65 66 70 76 79 81 85 88 91 93 94 98 
 r: 22 98 4 8 18 26 36 40 44 54 58 62 72 76 80 90 94 
 Total col=33, Total row=17
 bc#: 1586
 c: 12 14 29 31 35 37 40 43 46 49 55 58 60 63 66 79 81 93 98 99 
 r: 22 99 4 9 11 15 27 29 33 40 45 47 51 58 63 65 69 76 81 83 87 94 
 Total col=20, Total row=22
 bc#: 1587
 c: 3 15 54 59 62 64 73 75 82 84 87 90 92 95 97 
 r: 23 24 5 6 41 42 59 60 77 78 95 96 
 Total col=15, Total row=12
 bc#: 1588
 c: 5 6 8 11 17 20 22 28 30 33 34 36 39 45 52 54 64 69 72 75 78 82 84 87 90 100 
 r: 23 25 5 7 17 35 41 43 53 59 61 71 77 79 89 95 97 
 Total col=26, Total row=17
 bc#: 1589
 c: 13 15 22 25 28 41 45 47 54 56 69 73 75 82 84 97 
 r: 23 26 5 8 18 36 41 44 54 59 62 72 77 80 90 95 98 
 Total col=16, Total row=17
 bc#: 1590
 c: 3 5 6 8 11 17 20 22 23 25 28 34 41 47 52 61 67 69 72 73 75 78 84 87 90 92 95 
 r: 23 27 5 9 11 15 29 33 41 45 47 51 59 63 65 69 77 81 83 87 95 99 
 Total col=27, Total row=22
 bc#: 1591
 c: 13 15 30 33 36 39 44 45 50 54 56 59 62 64 80 82 89 97 100 
 r: 23 28 5 10 12 16 30 34 41 46 48 52 59 64 66 70 77 82 84 88 95 100 
 Total col=19, Total row=22
 bc#: 1592
 c: 3 5 6 8 11 17 20 22 23 25 28 34 41 47 52 61 67 69 72 73 75 78 84 87 90 92 95 
 r: 23 29 5 9 11 15 27 33 41 45 47 51 59 63 65 69 77 81 83 87 95 99 
 Total col=27, Total row=22
 bc#: 1593
 c: 13 15 30 33 36 39 44 45 50 54 56 59 62 64 80 82 89 97 100 
 r: 23 30 5 10 12 16 28 34 41 46 48 52 59 64 66 70 77 82 84 88 95 100 
 Total col=19, Total row=22
 bc#: 1594
 c: 5 6 8 13 17 22 23 25 28 34 36 39 45 54 56 59 62 73 80 82 100 
 r: 23 31 3 5 13 21 39 41 49 57 59 67 75 77 85 93 95 
 Total col=21, Total row=17
 bc#: 1595
 c: 3 6 11 13 15 20 34 41 44 47 52 72 75 78 80 82 89 97 
 r: 23 32 2 5 14 20 38 41 50 56 59 68 74 77 86 92 95 
 Total col=18, Total row=17
 bc#: 1596
 c: 3 5 6 8 11 17 20 22 23 25 28 34 41 47 52 61 67 69 72 73 75 78 84 87 90 92 95 
 r: 23 33 5 9 11 15 27 29 41 45 47 51 59 63 65 69 77 81 83 87 95 99 
 Total col=27, Total row=22
 bc#: 1597
 c: 13 15 30 33 36 39 44 45 50 54 56 59 62 64 80 82 89 97 100 
 r: 23 34 5 10 12 16 28 30 41 46 48 52 59 64 66 70 77 82 84 88 95 100 
 Total col=19, Total row=22
 bc#: 1598
 c: 5 6 8 11 17 20 22 28 30 33 34 36 39 45 52 54 64 69 72 75 78 82 84 87 90 100 
 r: 23 35 5 7 17 25 41 43 53 59 61 71 77 79 89 95 97 
 Total col=26, Total row=17
 bc#: 1599
 c: 13 15 22 25 28 41 45 47 54 56 69 73 75 82 84 97 
 r: 23 36 5 8 18 26 41 44 54 59 62 72 77 80 90 95 98 
 Total col=16, Total row=17
 bc#: 1600
 c: 8 11 17 22 25 28 30 39 41 45 52 59 62 73 80 84 87 89 92 95 97 100 
 r: 23 37 5 19 41 55 59 73 77 91 95 
 Total col=22, Total row=11
 bc#: 1601
 c: 3 6 11 13 15 20 34 41 44 47 52 72 75 78 80 82 89 97 
 r: 23 38 2 5 14 20 32 41 50 56 59 68 74 77 86 92 95 
 Total col=18, Total row=17
 bc#: 1602
 c: 5 6 8 13 17 22 23 25 28 34 36 39 45 54 56 59 62 73 80 82 100 
 r: 23 39 3 5 13 21 31 41 49 57 59 67 75 77 85 93 95 
 Total col=21, Total row=17
 bc#: 1603
 c: 3 5 6 8 11 13 15 17 20 22 23 25 28 30 33 34 36 39 41 44 45 47 50 52 54 56 59 61 62 64 67 69 72 73 75 78 80 82 84 87 89 90 92 95 97 100 
 r: 23 41 5 59 77 95 
 Total col=46, Total row=6
 bc#: 1604
 c: 3 15 54 59 62 64 73 75 82 84 87 90 92 95 97 
 r: 23 42 5 6 24 41 59 60 77 78 95 96 
 Total col=15, Total row=12
 bc#: 1605
 c: 5 6 8 11 17 20 22 28 30 33 34 36 39 45 52 54 64 69 72 75 78 82 84 87 90 100 
 r: 23 43 5 7 17 25 35 41 53 59 61 71 77 79 89 95 97 
 Total col=26, Total row=17
 bc#: 1606
 c: 13 15 22 25 28 41 45 47 54 56 69 73 75 82 84 97 
 r: 23 44 5 8 18 26 36 41 54 59 62 72 77 80 90 95 98 
 Total col=16, Total row=17
 bc#: 1607
 c: 3 5 6 8 11 17 20 22 23 25 28 34 41 47 52 61 67 69 72 73 75 78 84 87 90 92 95 
 r: 23 45 5 9 11 15 27 29 33 41 47 51 59 63 65 69 77 81 83 87 95 99 
 Total col=27, Total row=22
 bc#: 1608
 c: 13 15 30 33 36 39 44 45 50 54 56 59 62 64 80 82 89 97 100 
 r: 23 46 5 10 12 16 28 30 34 41 48 52 59 64 66 70 77 82 84 88 95 100 
 Total col=19, Total row=22
 bc#: 1609
 c: 3 5 6 8 11 17 20 22 23 25 28 34 41 47 52 61 67 69 72 73 75 78 84 87 90 92 95 
 r: 23 47 5 9 11 15 27 29 33 41 45 51 59 63 65 69 77 81 83 87 95 99 
 Total col=27, Total row=22
 bc#: 1610
 c: 13 15 30 33 36 39 44 45 50 54 56 59 62 64 80 82 89 97 100 
 r: 23 48 5 10 12 16 28 30 34 41 46 52 59 64 66 70 77 82 84 88 95 100 
 Total col=19, Total row=22
 bc#: 1611
 c: 5 6 8 13 17 22 23 25 28 34 36 39 45 54 56 59 62 73 80 82 100 
 r: 23 49 3 5 13 21 31 39 41 57 59 67 75 77 85 93 95 
 Total col=21, Total row=17
 bc#: 1612
 c: 3 6 11 13 15 20 34 41 44 47 52 72 75 78 80 82 89 97 
 r: 23 50 2 5 14 20 32 38 41 56 59 68 74 77 86 92 95 
 Total col=18, Total row=17
 bc#: 1613
 c: 3 5 6 8 11 17 20 22 23 25 28 34 41 47 52 61 67 69 72 73 75 78 84 87 90 92 95 
 r: 23 51 5 9 11 15 27 29 33 41 45 47 59 63 65 69 77 81 83 87 95 99 
 Total col=27, Total row=22
 bc#: 1614
 c: 13 15 30 33 36 39 44 45 50 54 56 59 62 64 80 82 89 97 100 
 r: 23 52 5 10 12 16 28 30 34 41 46 48 59 64 66 70 77 82 84 88 95 100 
 Total col=19, Total row=22
 bc#: 1615
 c: 5 6 8 11 17 20 22 28 30 33 34 36 39 45 52 54 64 69 72 75 78 82 84 87 90 100 
 r: 23 53 5 7 17 25 35 41 43 59 61 71 77 79 89 95 97 
 Total col=26, Total row=17
 bc#: 1616
 c: 13 15 22 25 28 41 45 47 54 56 69 73 75 82 84 97 
 r: 23 54 5 8 18 26 36 41 44 59 62 72 77 80 90 95 98 
 Total col=16, Total row=17
 bc#: 1617
 c: 8 11 17 22 25 28 30 39 41 45 52 59 62 73 80 84 87 89 92 95 97 100 
 r: 23 55 5 19 37 41 59 73 77 91 95 
 Total col=22, Total row=11
 bc#: 1618
 c: 3 6 11 13 15 20 34 41 44 47 52 72 75 78 80 82 89 97 
 r: 23 56 2 5 14 20 32 38 41 50 59 68 74 77 86 92 95 
 Total col=18, Total row=17
 bc#: 1619
 c: 5 6 8 13 17 22 23 25 28 34 36 39 45 54 56 59 62 73 80 82 100 
 r: 23 57 3 5 13 21 31 39 41 49 59 67 75 77 85 93 95 
 Total col=21, Total row=17
 bc#: 1620
 c: 3 5 6 8 11 13 15 17 20 22 23 25 28 30 33 34 36 39 41 44 45 47 50 52 54 56 59 61 62 64 67 69 72 73 75 78 80 82 84 87 89 90 92 95 97 100 
 r: 23 59 5 41 77 95 
 Total col=46, Total row=6
 bc#: 1621
 c: 3 15 54 59 62 64 73 75 82 84 87 90 92 95 97 
 r: 23 60 5 6 24 41 42 59 77 78 95 96 
 Total col=15, Total row=12
 bc#: 1622
 c: 5 6 8 11 17 20 22 28 30 33 34 36 39 45 52 54 64 69 72 75 78 82 84 87 90 100 
 r: 23 61 5 7 17 25 35 41 43 53 59 71 77 79 89 95 97 
 Total col=26, Total row=17
 bc#: 1623
 c: 13 15 22 25 28 41 45 47 54 56 69 73 75 82 84 97 
 r: 23 62 5 8 18 26 36 41 44 54 59 72 77 80 90 95 98 
 Total col=16, Total row=17
 bc#: 1624
 c: 3 5 6 8 11 17 20 22 23 25 28 34 41 47 52 61 67 69 72 73 75 78 84 87 90 92 95 
 r: 23 63 5 9 11 15 27 29 33 41 45 47 51 59 65 69 77 81 83 87 95 99 
 Total col=27, Total row=22
 bc#: 1625
 c: 13 15 30 33 36 39 44 45 50 54 56 59 62 64 80 82 89 97 100 
 r: 23 64 5 10 12 16 28 30 34 41 46 48 52 59 66 70 77 82 84 88 95 100 
 Total col=19, Total row=22
 bc#: 1626
 c: 3 5 6 8 11 17 20 22 23 25 28 34 41 47 52 61 67 69 72 73 75 78 84 87 90 92 95 
 r: 23 65 5 9 11 15 27 29 33 41 45 47 51 59 63 69 77 81 83 87 95 99 
 Total col=27, Total row=22
 bc#: 1627
 c: 13 15 30 33 36 39 44 45 50 54 56 59 62 64 80 82 89 97 100 
 r: 23 66 5 10 12 16 28 30 34 41 46 48 52 59 64 70 77 82 84 88 95 100 
 Total col=19, Total row=22
 bc#: 1628
 c: 5 6 8 13 17 22 23 25 28 34 36 39 45 54 56 59 62 73 80 82 100 
 r: 23 67 3 5 13 21 31 39 41 49 57 59 75 77 85 93 95 
 Total col=21, Total row=17
 bc#: 1629
 c: 3 6 11 13 15 20 34 41 44 47 52 72 75 78 80 82 89 97 
 r: 23 68 2 5 14 20 32 38 41 50 56 59 74 77 86 92 95 
 Total col=18, Total row=17
 bc#: 1630
 c: 3 5 6 8 11 17 20 22 23 25 28 34 41 47 52 61 67 69 72 73 75 78 84 87 90 92 95 
 r: 23 69 5 9 11 15 27 29 33 41 45 47 51 59 63 65 77 81 83 87 95 99 
 Total col=27, Total row=22
 bc#: 1631
 c: 13 15 30 33 36 39 44 45 50 54 56 59 62 64 80 82 89 97 100 
 r: 23 70 5 10 12 16 28 30 34 41 46 48 52 59 64 66 77 82 84 88 95 100 
 Total col=19, Total row=22
 bc#: 1632
 c: 5 6 8 11 17 20 22 28 30 33 34 36 39 45 52 54 64 69 72 75 78 82 84 87 90 100 
 r: 23 71 5 7 17 25 35 41 43 53 59 61 77 79 89 95 97 
 Total col=26, Total row=17
 bc#: 1633
 c: 13 15 22 25 28 41 45 47 54 56 69 73 75 82 84 97 
 r: 23 72 5 8 18 26 36 41 44 54 59 62 77 80 90 95 98 
 Total col=16, Total row=17
 bc#: 1634
 c: 8 11 17 22 25 28 30 39 41 45 52 59 62 73 80 84 87 89 92 95 97 100 
 r: 23 73 5 19 37 41 55 59 77 91 95 
 Total col=22, Total row=11
 bc#: 1635
 c: 3 6 11 13 15 20 34 41 44 47 52 72 75 78 80 82 89 97 
 r: 23 74 2 5 14 20 32 38 41 50 56 59 68 77 86 92 95 
 Total col=18, Total row=17
 bc#: 1636
 c: 5 6 8 13 17 22 23 25 28 34 36 39 45 54 56 59 62 73 80 82 100 
 r: 23 75 3 5 13 21 31 39 41 49 57 59 67 77 85 93 95 
 Total col=21, Total row=17
 bc#: 1637
 c: 3 5 6 8 11 13 15 17 20 22 23 25 28 30 33 34 36 39 41 44 45 47 50 52 54 56 59 61 62 64 67 69 72 73 75 78 80 82 84 87 89 90 92 95 97 100 
 r: 23 77 5 41 59 95 
 Total col=46, Total row=6
 bc#: 1638
 c: 3 15 54 59 62 64 73 75 82 84 87 90 92 95 97 
 r: 23 78 5 6 24 41 42 59 60 77 95 96 
 Total col=15, Total row=12
 bc#: 1639
 c: 5 6 8 11 17 20 22 28 30 33 34 36 39 45 52 54 64 69 72 75 78 82 84 87 90 100 
 r: 23 79 5 7 17 25 35 41 43 53 59 61 71 77 89 95 97 
 Total col=26, Total row=17
 bc#: 1640
 c: 13 15 22 25 28 41 45 47 54 56 69 73 75 82 84 97 
 r: 23 80 5 8 18 26 36 41 44 54 59 62 72 77 90 95 98 
 Total col=16, Total row=17
 bc#: 1641
 c: 3 5 6 8 11 17 20 22 23 25 28 34 41 47 52 61 67 69 72 73 75 78 84 87 90 92 95 
 r: 23 81 5 9 11 15 27 29 33 41 45 47 51 59 63 65 69 77 83 87 95 99 
 Total col=27, Total row=22
 bc#: 1642
 c: 13 15 30 33 36 39 44 45 50 54 56 59 62 64 80 82 89 97 100 
 r: 23 82 5 10 12 16 28 30 34 41 46 48 52 59 64 66 70 77 84 88 95 100 
 Total col=19, Total row=22
 bc#: 1643
 c: 3 5 6 8 11 17 20 22 23 25 28 34 41 47 52 61 67 69 72 73 75 78 84 87 90 92 95 
 r: 23 83 5 9 11 15 27 29 33 41 45 47 51 59 63 65 69 77 81 87 95 99 
 Total col=27, Total row=22
 bc#: 1644
 c: 13 15 30 33 36 39 44 45 50 54 56 59 62 64 80 82 89 97 100 
 r: 23 84 5 10 12 16 28 30 34 41 46 48 52 59 64 66 70 77 82 88 95 100 
 Total col=19, Total row=22
 bc#: 1645
 c: 5 6 8 13 17 22 23 25 28 34 36 39 45 54 56 59 62 73 80 82 100 
 r: 23 85 3 5 13 21 31 39 41 49 57 59 67 75 77 93 95 
 Total col=21, Total row=17
 bc#: 1646
 c: 3 6 11 13 15 20 34 41 44 47 52 72 75 78 80 82 89 97 
 r: 23 86 2 5 14 20 32 38 41 50 56 59 68 74 77 92 95 
 Total col=18, Total row=17
 bc#: 1647
 c: 3 5 6 8 11 17 20 22 23 25 28 34 41 47 52 61 67 69 72 73 75 78 84 87 90 92 95 
 r: 23 87 5 9 11 15 27 29 33 41 45 47 51 59 63 65 69 77 81 83 95 99 
 Total col=27, Total row=22
 bc#: 1648
 c: 13 15 30 33 36 39 44 45 50 54 56 59 62 64 80 82 89 97 100 
 r: 23 88 5 10 12 16 28 30 34 41 46 48 52 59 64 66 70 77 82 84 95 100 
 Total col=19, Total row=22
 bc#: 1649
 c: 5 6 8 11 17 20 22 28 30 33 34 36 39 45 52 54 64 69 72 75 78 82 84 87 90 100 
 r: 23 89 5 7 17 25 35 41 43 53 59 61 71 77 79 95 97 
 Total col=26, Total row=17
 bc#: 1650
 c: 13 15 22 25 28 41 45 47 54 56 69 73 75 82 84 97 
 r: 23 90 5 8 18 26 36 41 44 54 59 62 72 77 80 95 98 
 Total col=16, Total row=17
 bc#: 1651
 c: 8 11 17 22 25 28 30 39 41 45 52 59 62 73 80 84 87 89 92 95 97 100 
 r: 23 91 5 19 37 41 55 59 73 77 95 
 Total col=22, Total row=11
 bc#: 1652
 c: 3 6 11 13 15 20 34 41 44 47 52 72 75 78 80 82 89 97 
 r: 23 92 2 5 14 20 32 38 41 50 56 59 68 74 77 86 95 
 Total col=18, Total row=17
 bc#: 1653
 c: 5 6 8 13 17 22 23 25 28 34 36 39 45 54 56 59 62 73 80 82 100 
 r: 23 93 3 5 13 21 31 39 41 49 57 59 67 75 77 85 95 
 Total col=21, Total row=17
 bc#: 1654
 c: 3 5 6 8 11 13 15 17 20 22 23 25 28 30 33 34 36 39 41 44 45 47 50 52 54 56 59 61 62 64 67 69 72 73 75 78 80 82 84 87 89 90 92 95 97 100 
 r: 23 95 5 41 59 77 
 Total col=46, Total row=6
 bc#: 1655
 c: 3 15 54 59 62 64 73 75 82 84 87 90 92 95 97 
 r: 23 96 5 6 24 41 42 59 60 77 78 95 
 Total col=15, Total row=12
 bc#: 1656
 c: 5 6 8 11 17 20 22 28 30 33 34 36 39 45 52 54 64 69 72 75 78 82 84 87 90 100 
 r: 23 97 5 7 17 25 35 41 43 53 59 61 71 77 79 89 95 
 Total col=26, Total row=17
 bc#: 1657
 c: 13 15 22 25 28 41 45 47 54 56 69 73 75 82 84 97 
 r: 23 98 5 8 18 26 36 41 44 54 59 62 72 77 80 90 95 
 Total col=16, Total row=17
 bc#: 1658
 c: 3 5 6 8 11 17 20 22 23 25 28 34 41 47 52 61 67 69 72 73 75 78 84 87 90 92 95 
 r: 23 99 5 9 11 15 27 29 33 41 45 47 51 59 63 65 69 77 81 83 87 95 
 Total col=27, Total row=22
 bc#: 1659
 c: 13 15 30 33 36 39 44 45 50 54 56 59 62 64 80 82 89 97 100 
 r: 23 100 5 10 12 16 28 30 34 41 46 48 52 59 64 66 70 77 82 84 88 95 
 Total col=19, Total row=22
 bc#: 1660
 c: 4 12 21 24 27 40 42 46 48 51 54 57 60 64 70 75 76 81 82 84 87 90 93 
 r: 24 25 6 7 17 35 42 43 53 60 61 71 78 79 89 96 97 
 Total col=23, Total row=17
 bc#: 1661
 c: 1 4 7 9 10 15 16 18 19 27 31 32 35 37 38 42 48 51 53 54 57 60 65 70 73 75 76 79 81 82 84 93 97 98 
 r: 24 26 6 8 18 36 42 44 54 60 62 72 78 80 90 96 98 
 Total col=34, Total row=17
 bc#: 1662
 c: 3 12 29 31 35 37 40 43 46 49 60 73 75 79 81 84 87 90 92 93 95 98 
 r: 24 27 6 9 11 15 29 33 42 45 47 51 60 63 65 69 78 81 83 87 96 99 
 Total col=22, Total row=22
 bc#: 1663
 c: 1 4 7 9 10 15 16 18 19 21 24 26 27 32 38 42 48 51 53 54 57 59 62 64 65 68 70 71 76 82 86 97 
 r: 24 28 6 10 12 16 30 34 42 46 48 52 60 64 66 70 78 82 84 88 96 100 
 Total col=32, Total row=22
 bc#: 1664
 c: 3 12 29 31 35 37 40 43 46 49 60 73 75 79 81 84 87 90 92 93 95 98 
 r: 24 29 6 9 11 15 27 33 42 45 47 51 60 63 65 69 78 81 83 87 96 99 
 Total col=22, Total row=22
 bc#: 1665
 c: 1 4 7 9 10 15 16 18 19 21 24 26 27 32 38 42 48 51 53 54 57 59 62 64 65 68 70 71 76 82 86 97 
 r: 24 30 6 10 12 16 28 34 42 46 48 52 60 64 66 70 78 82 84 88 96 100 
 Total col=32, Total row=22
 bc#: 1666
 c: 10 19 29 31 40 42 46 48 51 53 54 59 60 62 65 68 71 73 76 79 82 86 93 
 r: 24 31 3 6 13 21 39 42 49 57 60 67 75 78 85 93 96 
 Total col=23, Total row=17
 bc#: 1667
 c: 1 3 4 9 15 16 18 21 24 26 27 29 32 35 37 40 46 49 51 57 60 65 68 71 75 82 86 97 
 r: 24 32 2 6 14 20 38 42 50 56 60 68 74 78 86 92 96 
 Total col=28, Total row=17
 bc#: 1668
 c: 3 12 29 31 35 37 40 43 46 49 60 73 75 79 81 84 87 90 92 93 95 98 
 r: 24 33 6 9 11 15 27 29 42 45 47 51 60 63 65 69 78 81 83 87 96 99 
 Total col=22, Total row=22
 bc#: 1669
 c: 1 4 7 9 10 15 16 18 19 21 24 26 27 32 38 42 48 51 53 54 57 59 62 64 65 68 70 71 76 82 86 97 
 r: 24 34 6 10 12 16 28 30 42 46 48 52 60 64 66 70 78 82 84 88 96 100 
 Total col=32, Total row=22
 bc#: 1670
 c: 4 12 21 24 27 40 42 46 48 51 54 57 60 64 70 75 76 81 82 84 87 90 93 
 r: 24 35 6 7 17 25 42 43 53 60 61 71 78 79 89 96 97 
 Total col=23, Total row=17
 bc#: 1671
 c: 1 4 7 9 10 15 16 18 19 27 31 32 35 37 38 42 48 51 53 54 57 60 65 70 73 75 76 79 81 82 84 93 97 98 
 r: 24 36 6 8 18 26 42 44 54 60 62 72 78 80 90 96 98 
 Total col=34, Total row=17
 bc#: 1672
 c: 4 7 10 16 19 26 31 32 35 38 43 46 49 53 59 60 62 65 68 71 73 76 79 81 84 86 87 92 95 97 
 r: 24 37 6 19 42 55 60 73 78 91 96 
 Total col=30, Total row=11
 bc#: 1673
 c: 1 3 4 9 15 16 18 21 24 26 27 29 32 35 37 40 46 49 51 57 60 65 68 71 75 82 86 97 
 r: 24 38 2 6 14 20 32 42 50 56 60 68 74 78 86 92 96 
 Total col=28, Total row=17
 bc#: 1674
 c: 10 19 29 31 40 42 46 48 51 53 54 59 60 62 65 68 71 73 76 79 82 86 93 
 r: 24 39 3 6 13 21 31 42 49 57 60 67 75 78 85 93 96 
 Total col=23, Total row=17
 bc#: 1675
 c: 3 15 54 59 62 64 73 75 82 84 87 90 92 95 97 
 r: 24 41 5 6 23 42 59 60 77 78 95 96 
 Total col=15, Total row=12
 bc#: 1676
 c: 1 3 4 7 9 10 12 15 16 18 19 21 24 26 27 29 31 32 35 37 38 40 42 43 46 48 49 51 53 54 57 59 60 62 64 65 68 70 71 73 75 76 79 81 82 84 86 87 90 92 93 95 97 98 
 r: 24 42 6 60 78 96 
 Total col=54, Total row=6
 bc#: 1677
 c: 4 12 21 24 27 40 42 46 48 51 54 57 60 64 70 75 76 81 82 84 87 90 93 
 r: 24 43 6 7 17 25 35 42 53 60 61 71 78 79 89 96 97 
 Total col=23, Total row=17
 bc#: 1678
 c: 1 4 7 9 10 15 16 18 19 27 31 32 35 37 38 42 48 51 53 54 57 60 65 70 73 75 76 79 81 82 84 93 97 98 
 r: 24 44 6 8 18 26 36 42 54 60 62 72 78 80 90 96 98 
 Total col=34, Total row=17
 bc#: 1679
 c: 3 12 29 31 35 37 40 43 46 49 60 73 75 79 81 84 87 90 92 93 95 98 
 r: 24 45 6 9 11 15 27 29 33 42 47 51 60 63 65 69 78 81 83 87 96 99 
 Total col=22, Total row=22
 bc#: 1680
 c: 1 4 7 9 10 15 16 18 19 21 24 26 27 32 38 42 48 51 53 54 57 59 62 64 65 68 70 71 76 82 86 97 
 r: 24 46 6 10 12 16 28 30 34 42 48 52 60 64 66 70 78 82 84 88 96 100 
 Total col=32, Total row=22
 bc#: 1681
 c: 3 12 29 31 35 37 40 43 46 49 60 73 75 79 81 84 87 90 92 93 95 98 
 r: 24 47 6 9 11 15 27 29 33 42 45 51 60 63 65 69 78 81 83 87 96 99 
 Total col=22, Total row=22
 bc#: 1682
 c: 1 4 7 9 10 15 16 18 19 21 24 26 27 32 38 42 48 51 53 54 57 59 62 64 65 68 70 71 76 82 86 97 
 r: 24 48 6 10 12 16 28 30 34 42 46 52 60 64 66 70 78 82 84 88 96 100 
 Total col=32, Total row=22
 bc#: 1683
 c: 10 19 29 31 40 42 46 48 51 53 54 59 60 62 65 68 71 73 76 79 82 86 93 
 r: 24 49 3 6 13 21 31 39 42 57 60 67 75 78 85 93 96 
 Total col=23, Total row=17
 bc#: 1684
 c: 1 3 4 9 15 16 18 21 24 26 27 29 32 35 37 40 46 49 51 57 60 65 68 71 75 82 86 97 
 r: 24 50 2 6 14 20 32 38 42 56 60 68 74 78 86 92 96 
 Total col=28, Total row=17
 bc#: 1685
 c: 3 12 29 31 35 37 40 43 46 49 60 73 75 79 81 84 87 90 92 93 95 98 
 r: 24 51 6 9 11 15 27 29 33 42 45 47 60 63 65 69 78 81 83 87 96 99 
 Total col=22, Total row=22
 bc#: 1686
 c: 1 4 7 9 10 15 16 18 19 21 24 26 27 32 38 42 48 51 53 54 57 59 62 64 65 68 70 71 76 82 86 97 
 r: 24 52 6 10 12 16 28 30 34 42 46 48 60 64 66 70 78 82 84 88 96 100 
 Total col=32, Total row=22
 bc#: 1687
 c: 4 12 21 24 27 40 42 46 48 51 54 57 60 64 70 75 76 81 82 84 87 90 93 
 r: 24 53 6 7 17 25 35 42 43 60 61 71 78 79 89 96 97 
 Total col=23, Total row=17
 bc#: 1688
 c: 1 4 7 9 10 15 16 18 19 27 31 32 35 37 38 42 48 51 53 54 57 60 65 70 73 75 76 79 81 82 84 93 97 98 
 r: 24 54 6 8 18 26 36 42 44 60 62 72 78 80 90 96 98 
 Total col=34, Total row=17
 bc#: 1689
 c: 4 7 10 16 19 26 31 32 35 38 43 46 49 53 59 60 62 65 68 71 73 76 79 81 84 86 87 92 95 97 
 r: 24 55 6 19 37 42 60 73 78 91 96 
 Total col=30, Total row=11
 bc#: 1690
 c: 1 3 4 9 15 16 18 21 24 26 27 29 32 35 37 40 46 49 51 57 60 65 68 71 75 82 86 97 
 r: 24 56 2 6 14 20 32 38 42 50 60 68 74 78 86 92 96 
 Total col=28, Total row=17
 bc#: 1691
 c: 10 19 29 31 40 42 46 48 51 53 54 59 60 62 65 68 71 73 76 79 82 86 93 
 r: 24 57 3 6 13 21 31 39 42 49 60 67 75 78 85 93 96 
 Total col=23, Total row=17
 bc#: 1692
 c: 3 15 54 59 62 64 73 75 82 84 87 90 92 95 97 
 r: 24 59 5 6 23 41 42 60 77 78 95 96 
 Total col=15, Total row=12
 bc#: 1693
 c: 1 3 4 7 9 10 12 15 16 18 19 21 24 26 27 29 31 32 35 37 38 40 42 43 46 48 49 51 53 54 57 59 60 62 64 65 68 70 71 73 75 76 79 81 82 84 86 87 90 92 93 95 97 98 
 r: 24 60 6 42 78 96 
 Total col=54, Total row=6
 bc#: 1694
 c: 4 12 21 24 27 40 42 46 48 51 54 57 60 64 70 75 76 81 82 84 87 90 93 
 r: 24 61 6 7 17 25 35 42 43 53 60 71 78 79 89 96 97 
 Total col=23, Total row=17
 bc#: 1695
 c: 1 4 7 9 10 15 16 18 19 27 31 32 35 37 38 42 48 51 53 54 57 60 65 70 73 75 76 79 81 82 84 93 97 98 
 r: 24 62 6 8 18 26 36 42 44 54 60 72 78 80 90 96 98 
 Total col=34, Total row=17
 bc#: 1696
 c: 3 12 29 31 35 37 40 43 46 49 60 73 75 79 81 84 87 90 92 93 95 98 
 r: 24 63 6 9 11 15 27 29 33 42 45 47 51 60 65 69 78 81 83 87 96 99 
 Total col=22, Total row=22
 bc#: 1697
 c: 1 4 7 9 10 15 16 18 19 21 24 26 27 32 38 42 48 51 53 54 57 59 62 64 65 68 70 71 76 82 86 97 
 r: 24 64 6 10 12 16 28 30 34 42 46 48 52 60 66 70 78 82 84 88 96 100 
 Total col=32, Total row=22
 bc#: 1698
 c: 3 12 29 31 35 37 40 43 46 49 60 73 75 79 81 84 87 90 92 93 95 98 
 r: 24 65 6 9 11 15 27 29 33 42 45 47 51 60 63 69 78 81 83 87 96 99 
 Total col=22, Total row=22
 bc#: 1699
 c: 1 4 7 9 10 15 16 18 19 21 24 26 27 32 38 42 48 51 53 54 57 59 62 64 65 68 70 71 76 82 86 97 
 r: 24 66 6 10 12 16 28 30 34 42 46 48 52 60 64 70 78 82 84 88 96 100 
 Total col=32, Total row=22
 bc#: 1700
 c: 10 19 29 31 40 42 46 48 51 53 54 59 60 62 65 68 71 73 76 79 82 86 93 
 r: 24 67 3 6 13 21 31 39 42 49 57 60 75 78 85 93 96 
 Total col=23, Total row=17
 bc#: 1701
 c: 1 3 4 9 15 16 18 21 24 26 27 29 32 35 37 40 46 49 51 57 60 65 68 71 75 82 86 97 
 r: 24 68 2 6 14 20 32 38 42 50 56 60 74 78 86 92 96 
 Total col=28, Total row=17
 bc#: 1702
 c: 3 12 29 31 35 37 40 43 46 49 60 73 75 79 81 84 87 90 92 93 95 98 
 r: 24 69 6 9 11 15 27 29 33 42 45 47 51 60 63 65 78 81 83 87 96 99 
 Total col=22, Total row=22
 bc#: 1703
 c: 1 4 7 9 10 15 16 18 19 21 24 26 27 32 38 42 48 51 53 54 57 59 62 64 65 68 70 71 76 82 86 97 
 r: 24 70 6 10 12 16 28 30 34 42 46 48 52 60 64 66 78 82 84 88 96 100 
 Total col=32, Total row=22
 bc#: 1704
 c: 4 12 21 24 27 40 42 46 48 51 54 57 60 64 70 75 76 81 82 84 87 90 93 
 r: 24 71 6 7 17 25 35 42 43 53 60 61 78 79 89 96 97 
 Total col=23, Total row=17
 bc#: 1705
 c: 1 4 7 9 10 15 16 18 19 27 31 32 35 37 38 42 48 51 53 54 57 60 65 70 73 75 76 79 81 82 84 93 97 98 
 r: 24 72 6 8 18 26 36 42 44 54 60 62 78 80 90 96 98 
 Total col=34, Total row=17
 bc#: 1706
 c: 4 7 10 16 19 26 31 32 35 38 43 46 49 53 59 60 62 65 68 71 73 76 79 81 84 86 87 92 95 97 
 r: 24 73 6 19 37 42 55 60 78 91 96 
 Total col=30, Total row=11
 bc#: 1707
 c: 1 3 4 9 15 16 18 21 24 26 27 29 32 35 37 40 46 49 51 57 60 65 68 71 75 82 86 97 
 r: 24 74 2 6 14 20 32 38 42 50 56 60 68 78 86 92 96 
 Total col=28, Total row=17
 bc#: 1708
 c: 10 19 29 31 40 42 46 48 51 53 54 59 60 62 65 68 71 73 76 79 82 86 93 
 r: 24 75 3 6 13 21 31 39 42 49 57 60 67 78 85 93 96 
 Total col=23, Total row=17
 bc#: 1709
 c: 3 15 54 59 62 64 73 75 82 84 87 90 92 95 97 
 r: 24 77 5 6 23 41 42 59 60 78 95 96 
 Total col=15, Total row=12
 bc#: 1710
 c: 1 3 4 7 9 10 12 15 16 18 19 21 24 26 27 29 31 32 35 37 38 40 42 43 46 48 49 51 53 54 57 59 60 62 64 65 68 70 71 73 75 76 79 81 82 84 86 87 90 92 93 95 97 98 
 r: 24 78 6 42 60 96 
 Total col=54, Total row=6
 bc#: 1711
 c: 4 12 21 24 27 40 42 46 48 51 54 57 60 64 70 75 76 81 82 84 87 90 93 
 r: 24 79 6 7 17 25 35 42 43 53 60 61 71 78 89 96 97 
 Total col=23, Total row=17
 bc#: 1712
 c: 1 4 7 9 10 15 16 18 19 27 31 32 35 37 38 42 48 51 53 54 57 60 65 70 73 75 76 79 81 82 84 93 97 98 
 r: 24 80 6 8 18 26 36 42 44 54 60 62 72 78 90 96 98 
 Total col=34, Total row=17
 bc#: 1713
 c: 3 12 29 31 35 37 40 43 46 49 60 73 75 79 81 84 87 90 92 93 95 98 
 r: 24 81 6 9 11 15 27 29 33 42 45 47 51 60 63 65 69 78 83 87 96 99 
 Total col=22, Total row=22
 bc#: 1714
 c: 1 4 7 9 10 15 16 18 19 21 24 26 27 32 38 42 48 51 53 54 57 59 62 64 65 68 70 71 76 82 86 97 
 r: 24 82 6 10 12 16 28 30 34 42 46 48 52 60 64 66 70 78 84 88 96 100 
 Total col=32, Total row=22
 bc#: 1715
 c: 3 12 29 31 35 37 40 43 46 49 60 73 75 79 81 84 87 90 92 93 95 98 
 r: 24 83 6 9 11 15 27 29 33 42 45 47 51 60 63 65 69 78 81 87 96 99 
 Total col=22, Total row=22
 bc#: 1716
 c: 1 4 7 9 10 15 16 18 19 21 24 26 27 32 38 42 48 51 53 54 57 59 62 64 65 68 70 71 76 82 86 97 
 r: 24 84 6 10 12 16 28 30 34 42 46 48 52 60 64 66 70 78 82 88 96 100 
 Total col=32, Total row=22
 bc#: 1717
 c: 10 19 29 31 40 42 46 48 51 53 54 59 60 62 65 68 71 73 76 79 82 86 93 
 r: 24 85 3 6 13 21 31 39 42 49 57 60 67 75 78 93 96 
 Total col=23, Total row=17
 bc#: 1718
 c: 1 3 4 9 15 16 18 21 24 26 27 29 32 35 37 40 46 49 51 57 60 65 68 71 75 82 86 97 
 r: 24 86 2 6 14 20 32 38 42 50 56 60 68 74 78 92 96 
 Total col=28, Total row=17
 bc#: 1719
 c: 3 12 29 31 35 37 40 43 46 49 60 73 75 79 81 84 87 90 92 93 95 98 
 r: 24 87 6 9 11 15 27 29 33 42 45 47 51 60 63 65 69 78 81 83 96 99 
 Total col=22, Total row=22
 bc#: 1720
 c: 1 4 7 9 10 15 16 18 19 21 24 26 27 32 38 42 48 51 53 54 57 59 62 64 65 68 70 71 76 82 86 97 
 r: 24 88 6 10 12 16 28 30 34 42 46 48 52 60 64 66 70 78 82 84 96 100 
 Total col=32, Total row=22
 bc#: 1721
 c: 4 12 21 24 27 40 42 46 48 51 54 57 60 64 70 75 76 81 82 84 87 90 93 
 r: 24 89 6 7 17 25 35 42 43 53 60 61 71 78 79 96 97 
 Total col=23, Total row=17
 bc#: 1722
 c: 1 4 7 9 10 15 16 18 19 27 31 32 35 37 38 42 48 51 53 54 57 60 65 70 73 75 76 79 81 82 84 93 97 98 
 r: 24 90 6 8 18 26 36 42 44 54 60 62 72 78 80 96 98 
 Total col=34, Total row=17
 bc#: 1723
 c: 4 7 10 16 19 26 31 32 35 38 43 46 49 53 59 60 62 65 68 71 73 76 79 81 84 86 87 92 95 97 
 r: 24 91 6 19 37 42 55 60 73 78 96 
 Total col=30, Total row=11
 bc#: 1724
 c: 1 3 4 9 15 16 18 21 24 26 27 29 32 35 37 40 46 49 51 57 60 65 68 71 75 82 86 97 
 r: 24 92 2 6 14 20 32 38 42 50 56 60 68 74 78 86 96 
 Total col=28, Total row=17
 bc#: 1725
 c: 10 19 29 31 40 42 46 48 51 53 54 59 60 62 65 68 71 73 76 79 82 86 93 
 r: 24 93 3 6 13 21 31 39 42 49 57 60 67 75 78 85 96 
 Total col=23, Total row=17
 bc#: 1726
 c: 3 15 54 59 62 64 73 75 82 84 87 90 92 95 97 
 r: 24 95 5 6 23 41 42 59 60 77 78 96 
 Total col=15, Total row=12
 bc#: 1727
 c: 1 3 4 7 9 10 12 15 16 18 19 21 24 26 27 29 31 32 35 37 38 40 42 43 46 48 49 51 53 54 57 59 60 62 64 65 68 70 71 73 75 76 79 81 82 84 86 87 90 92 93 95 97 98 
 r: 24 96 6 42 60 78 
 Total col=54, Total row=6
 bc#: 1728
 c: 4 12 21 24 27 40 42 46 48 51 54 57 60 64 70 75 76 81 82 84 87 90 93 
 r: 24 97 6 7 17 25 35 42 43 53 60 61 71 78 79 89 96 
 Total col=23, Total row=17
 bc#: 1729
 c: 1 4 7 9 10 15 16 18 19 27 31 32 35 37 38 42 48 51 53 54 57 60 65 70 73 75 76 79 81 82 84 93 97 98 
 r: 24 98 6 8 18 26 36 42 44 54 60 62 72 78 80 90 96 
 Total col=34, Total row=17
 bc#: 1730
 c: 3 12 29 31 35 37 40 43 46 49 60 73 75 79 81 84 87 90 92 93 95 98 
 r: 24 99 6 9 11 15 27 29 33 42 45 47 51 60 63 65 69 78 81 83 87 96 
 Total col=22, Total row=22
 bc#: 1731
 c: 1 4 7 9 10 15 16 18 19 21 24 26 27 32 38 42 48 51 53 54 57 59 62 64 65 68 70 71 76 82 86 97 
 r: 24 100 6 10 12 16 28 30 34 42 46 48 52 60 64 66 70 78 82 84 88 96 
 Total col=32, Total row=22
 bc#: 1732
 c: 2 4 12 14 21 24 27 40 42 46 48 51 57 58 60 63 66 70 76 81 88 93 94 96 99 
 r: 76 79 4 7 17 22 25 35 40 43 53 58 61 71 89 94 97 
 Total col=25, Total row=17
 bc#: 1733
 c: 1 4 7 9 10 16 18 19 27 31 32 35 37 38 42 48 51 53 57 60 63 65 66 70 76 79 81 85 88 91 93 94 98 
 r: 76 80 4 8 18 22 26 36 40 44 54 58 62 72 90 94 98 
 Total col=33, Total row=17
 bc#: 1734
 c: 12 14 29 31 35 37 40 43 46 49 55 58 60 63 66 79 81 93 98 99 
 r: 76 81 4 9 11 15 22 27 29 33 40 45 47 51 58 63 65 69 83 87 94 99 
 Total col=20, Total row=22
 bc#: 1735
 c: 12 14 29 31 35 37 40 43 46 49 55 58 60 63 66 79 81 93 98 99 
 r: 76 83 4 9 11 15 22 27 29 33 40 45 47 51 58 63 65 69 81 87 94 99 
 Total col=20, Total row=22
 bc#: 1736
 c: 2 10 14 19 29 31 40 42 46 48 51 53 60 65 66 68 71 74 76 79 85 86 88 91 93 94 96 99 
 r: 76 85 3 4 13 21 22 31 39 40 49 57 58 67 75 93 94 
 Total col=28, Total row=17
 bc#: 1737
 c: 12 14 29 31 35 37 40 43 46 49 55 58 60 63 66 79 81 93 98 99 
 r: 76 87 4 9 11 15 22 27 29 33 40 45 47 51 58 63 65 69 81 83 94 99 
 Total col=20, Total row=22
 bc#: 1738
 c: 2 4 12 14 21 24 27 40 42 46 48 51 57 58 60 63 66 70 76 81 88 93 94 96 99 
 r: 76 89 4 7 17 22 25 35 40 43 53 58 61 71 79 94 97 
 Total col=25, Total row=17
 bc#: 1739
 c: 1 4 7 9 10 16 18 19 27 31 32 35 37 38 42 48 51 53 57 60 63 65 66 70 76 79 81 85 88 91 93 94 98 
 r: 76 90 4 8 18 22 26 36 40 44 54 58 62 72 80 94 98 
 Total col=33, Total row=17
 bc#: 1740
 c: 2 4 7 10 14 16 19 26 31 32 35 38 43 46 49 53 55 58 60 65 66 68 71 74 76 79 81 86 94 
 r: 76 91 4 19 22 37 40 55 58 73 94 
 Total col=29, Total row=11
 bc#: 1741
 c: 2 10 14 19 29 31 40 42 46 48 51 53 60 65 66 68 71 74 76 79 85 86 88 91 93 94 96 99 
 r: 76 93 3 4 13 21 22 31 39 40 49 57 58 67 75 85 94 
 Total col=28, Total row=17
 bc#: 1742
 c: 2 4 12 14 21 24 27 40 42 46 48 51 57 58 60 63 66 70 76 81 88 93 94 96 99 
 r: 76 97 4 7 17 22 25 35 40 43 53 58 61 71 79 89 94 
 Total col=25, Total row=17
 bc#: 1743
 c: 1 4 7 9 10 16 18 19 27 31 32 35 37 38 42 48 51 53 57 60 63 65 66 70 76 79 81 85 88 91 93 94 98 
 r: 76 98 4 8 18 22 26 36 40 44 54 58 62 72 80 90 94 
 Total col=33, Total row=17
 bc#: 1744
 c: 12 14 29 31 35 37 40 43 46 49 55 58 60 63 66 79 81 93 98 99 
 r: 76 99 4 9 11 15 22 27 29 33 40 45 47 51 58 63 65 69 81 83 87 94 
 Total col=20, Total row=22
 bc#: 1745
 c: 3 15 54 59 62 64 73 75 82 84 87 90 92 95 97 
 r: 77 78 5 6 23 24 41 42 59 60 95 96 
 Total col=15, Total row=12
 bc#: 1746
 c: 5 6 8 11 17 20 22 28 30 33 34 36 39 45 52 54 64 69 72 75 78 82 84 87 90 100 
 r: 77 79 5 7 17 23 25 35 41 43 53 59 61 71 89 95 97 
 Total col=26, Total row=17
 bc#: 1747
 c: 13 15 22 25 28 41 45 47 54 56 69 73 75 82 84 97 
 r: 77 80 5 8 18 23 26 36 41 44 54 59 62 72 90 95 98 
 Total col=16, Total row=17
 bc#: 1748
 c: 3 5 6 8 11 17 20 22 23 25 28 34 41 47 52 61 67 69 72 73 75 78 84 87 90 92 95 
 r: 77 81 5 9 11 15 23 27 29 33 41 45 47 51 59 63 65 69 83 87 95 99 
 Total col=27, Total row=22
 bc#: 1749
 c: 13 15 30 33 36 39 44 45 50 54 56 59 62 64 80 82 89 97 100 
 r: 77 82 5 10 12 16 23 28 30 34 41 46 48 52 59 64 66 70 84 88 95 100 
 Total col=19, Total row=22
 bc#: 1750
 c: 3 5 6 8 11 17 20 22 23 25 28 34 41 47 52 61 67 69 72 73 75 78 84 87 90 92 95 
 r: 77 83 5 9 11 15 23 27 29 33 41 45 47 51 59 63 65 69 81 87 95 99 
 Total col=27, Total row=22
 bc#: 1751
 c: 13 15 30 33 36 39 44 45 50 54 56 59 62 64 80 82 89 97 100 
 r: 77 84 5 10 12 16 23 28 30 34 41 46 48 52 59 64 66 70 82 88 95 100 
 Total col=19, Total row=22
 bc#: 1752
 c: 5 6 8 13 17 22 23 25 28 34 36 39 45 54 56 59 62 73 80 82 100 
 r: 77 85 3 5 13 21 23 31 39 41 49 57 59 67 75 93 95 
 Total col=21, Total row=17
 bc#: 1753
 c: 3 6 11 13 15 20 34 41 44 47 52 72 75 78 80 82 89 97 
 r: 77 86 2 5 14 20 23 32 38 41 50 56 59 68 74 92 95 
 Total col=18, Total row=17
 bc#: 1754
 c: 3 5 6 8 11 17 20 22 23 25 28 34 41 47 52 61 67 69 72 73 75 78 84 87 90 92 95 
 r: 77 87 5 9 11 15 23 27 29 33 41 45 47 51 59 63 65 69 81 83 95 99 
 Total col=27, Total row=22
 bc#: 1755
 c: 13 15 30 33 36 39 44 45 50 54 56 59 62 64 80 82 89 97 100 
 r: 77 88 5 10 12 16 23 28 30 34 41 46 48 52 59 64 66 70 82 84 95 100 
 Total col=19, Total row=22
 bc#: 1756
 c: 5 6 8 11 17 20 22 28 30 33 34 36 39 45 52 54 64 69 72 75 78 82 84 87 90 100 
 r: 77 89 5 7 17 23 25 35 41 43 53 59 61 71 79 95 97 
 Total col=26, Total row=17
 bc#: 1757
 c: 13 15 22 25 28 41 45 47 54 56 69 73 75 82 84 97 
 r: 77 90 5 8 18 23 26 36 41 44 54 59 62 72 80 95 98 
 Total col=16, Total row=17
 bc#: 1758
 c: 8 11 17 22 25 28 30 39 41 45 52 59 62 73 80 84 87 89 92 95 97 100 
 r: 77 91 5 19 23 37 41 55 59 73 95 
 Total col=22, Total row=11
 bc#: 1759
 c: 3 6 11 13 15 20 34 41 44 47 52 72 75 78 80 82 89 97 
 r: 77 92 2 5 14 20 23 32 38 41 50 56 59 68 74 86 95 
 Total col=18, Total row=17
 bc#: 1760
 c: 5 6 8 13 17 22 23 25 28 34 36 39 45 54 56 59 62 73 80 82 100 
 r: 77 93 3 5 13 21 23 31 39 41 49 57 59 67 75 85 95 
 Total col=21, Total row=17
 bc#: 1761
 c: 3 5 6 8 11 13 15 17 20 22 23 25 28 30 33 34 36 39 41 44 45 47 50 52 54 56 59 61 62 64 67 69 72 73 75 78 80 82 84 87 89 90 92 95 97 100 
 r: 77 95 5 23 41 59 
 Total col=46, Total row=6
 bc#: 1762
 c: 3 15 54 59 62 64 73 75 82 84 87 90 92 95 97 
 r: 77 96 5 6 23 24 41 42 59 60 78 95 
 Total col=15, Total row=12
 bc#: 1763
 c: 5 6 8 11 17 20 22 28 30 33 34 36 39 45 52 54 64 69 72 75 78 82 84 87 90 100 
 r: 77 97 5 7 17 23 25 35 41 43 53 59 61 71 79 89 95 
 Total col=26, Total row=17
 bc#: 1764
 c: 13 15 22 25 28 41 45 47 54 56 69 73 75 82 84 97 
 r: 77 98 5 8 18 23 26 36 41 44 54 59 62 72 80 90 95 
 Total col=16, Total row=17
 bc#: 1765
 c: 3 5 6 8 11 17 20 22 23 25 28 34 41 47 52 61 67 69 72 73 75 78 84 87 90 92 95 
 r: 77 99 5 9 11 15 23 27 29 33 41 45 47 51 59 63 65 69 81 83 87 95 
 Total col=27, Total row=22
 bc#: 1766
 c: 13 15 30 33 36 39 44 45 50 54 56 59 62 64 80 82 89 97 100 
 r: 77 100 5 10 12 16 23 28 30 34 41 46 48 52 59 64 66 70 82 84 88 95 
 Total col=19, Total row=22
 bc#: 1767
 c: 4 12 21 24 27 40 42 46 48 51 54 57 60 64 70 75 76 81 82 84 87 90 93 
 r: 78 79 6 7 17 24 25 35 42 43 53 60 61 71 89 96 97 
 Total col=23, Total row=17
 bc#: 1768
 c: 1 4 7 9 10 15 16 18 19 27 31 32 35 37 38 42 48 51 53 54 57 60 65 70 73 75 76 79 81 82 84 93 97 98 
 r: 78 80 6 8 18 24 26 36 42 44 54 60 62 72 90 96 98 
 Total col=34, Total row=17
 bc#: 1769
 c: 3 12 29 31 35 37 40 43 46 49 60 73 75 79 81 84 87 90 92 93 95 98 
 r: 78 81 6 9 11 15 24 27 29 33 42 45 47 51 60 63 65 69 83 87 96 99 
 Total col=22, Total row=22
 bc#: 1770
 c: 1 4 7 9 10 15 16 18 19 21 24 26 27 32 38 42 48 51 53 54 57 59 62 64 65 68 70 71 76 82 86 97 
 r: 78 82 6 10 12 16 24 28 30 34 42 46 48 52 60 64 66 70 84 88 96 100 
 Total col=32, Total row=22
 bc#: 1771
 c: 3 12 29 31 35 37 40 43 46 49 60 73 75 79 81 84 87 90 92 93 95 98 
 r: 78 83 6 9 11 15 24 27 29 33 42 45 47 51 60 63 65 69 81 87 96 99 
 Total col=22, Total row=22
 bc#: 1772
 c: 1 4 7 9 10 15 16 18 19 21 24 26 27 32 38 42 48 51 53 54 57 59 62 64 65 68 70 71 76 82 86 97 
 r: 78 84 6 10 12 16 24 28 30 34 42 46 48 52 60 64 66 70 82 88 96 100 
 Total col=32, Total row=22
 bc#: 1773
 c: 10 19 29 31 40 42 46 48 51 53 54 59 60 62 65 68 71 73 76 79 82 86 93 
 r: 78 85 3 6 13 21 24 31 39 42 49 57 60 67 75 93 96 
 Total col=23, Total row=17
 bc#: 1774
 c: 1 3 4 9 15 16 18 21 24 26 27 29 32 35 37 40 46 49 51 57 60 65 68 71 75 82 86 97 
 r: 78 86 2 6 14 20 24 32 38 42 50 56 60 68 74 92 96 
 Total col=28, Total row=17
 bc#: 1775
 c: 3 12 29 31 35 37 40 43 46 49 60 73 75 79 81 84 87 90 92 93 95 98 
 r: 78 87 6 9 11 15 24 27 29 33 42 45 47 51 60 63 65 69 81 83 96 99 
 Total col=22, Total row=22
 bc#: 1776
 c: 1 4 7 9 10 15 16 18 19 21 24 26 27 32 38 42 48 51 53 54 57 59 62 64 65 68 70 71 76 82 86 97 
 r: 78 88 6 10 12 16 24 28 30 34 42 46 48 52 60 64 66 70 82 84 96 100 
 Total col=32, Total row=22
 bc#: 1777
 c: 4 12 21 24 27 40 42 46 48 51 54 57 60 64 70 75 76 81 82 84 87 90 93 
 r: 78 89 6 7 17 24 25 35 42 43 53 60 61 71 79 96 97 
 Total col=23, Total row=17
 bc#: 1778
 c: 1 4 7 9 10 15 16 18 19 27 31 32 35 37 38 42 48 51 53 54 57 60 65 70 73 75 76 79 81 82 84 93 97 98 
 r: 78 90 6 8 18 24 26 36 42 44 54 60 62 72 80 96 98 
 Total col=34, Total row=17
 bc#: 1779
 c: 4 7 10 16 19 26 31 32 35 38 43 46 49 53 59 60 62 65 68 71 73 76 79 81 84 86 87 92 95 97 
 r: 78 91 6 19 24 37 42 55 60 73 96 
 Total col=30, Total row=11
 bc#: 1780
 c: 1 3 4 9 15 16 18 21 24 26 27 29 32 35 37 40 46 49 51 57 60 65 68 71 75 82 86 97 
 r: 78 92 2 6 14 20 24 32 38 42 50 56 60 68 74 86 96 
 Total col=28, Total row=17
 bc#: 1781
 c: 10 19 29 31 40 42 46 48 51 53 54 59 60 62 65 68 71 73 76 79 82 86 93 
 r: 78 93 3 6 13 21 24 31 39 42 49 57 60 67 75 85 96 
 Total col=23, Total row=17
 bc#: 1782
 c: 3 15 54 59 62 64 73 75 82 84 87 90 92 95 97 
 r: 78 95 5 6 23 24 41 42 59 60 77 96 
 Total col=15, Total row=12
 bc#: 1783
 c: 1 3 4 7 9 10 12 15 16 18 19 21 24 26 27 29 31 32 35 37 38 40 42 43 46 48 49 51 53 54 57 59 60 62 64 65 68 70 71 73 75 76 79 81 82 84 86 87 90 92 93 95 97 98 
 r: 78 96 6 24 42 60 
 Total col=54, Total row=6
 bc#: 1784
 c: 4 12 21 24 27 40 42 46 48 51 54 57 60 64 70 75 76 81 82 84 87 90 93 
 r: 78 97 6 7 17 24 25 35 42 43 53 60 61 71 79 89 96 
 Total col=23, Total row=17
 bc#: 1785
 c: 1 4 7 9 10 15 16 18 19 27 31 32 35 37 38 42 48 51 53 54 57 60 65 70 73 75 76 79 81 82 84 93 97 98 
 r: 78 98 6 8 18 24 26 36 42 44 54 60 62 72 80 90 96 
 Total col=34, Total row=17
 bc#: 1786
 c: 3 12 29 31 35 37 40 43 46 49 60 73 75 79 81 84 87 90 92 93 95 98 
 r: 78 99 6 9 11 15 24 27 29 33 42 45 47 51 60 63 65 69 81 83 87 96 
 Total col=22, Total row=22
 bc#: 1787
 c: 1 4 7 9 10 15 16 18 19 21 24 26 27 32 38 42 48 51 53 54 57 59 62 64 65 68 70 71 76 82 86 97 
 r: 78 100 6 10 12 16 24 28 30 34 42 46 48 52 60 64 66 70 82 84 88 96 
 Total col=32, Total row=22
 bc#: 1788
 c: 5 6 8 11 12 14 17 20 22 28 34 40 46 52 58 60 63 66 69 72 75 78 81 84 87 90 93 99 
 r: 79 81 7 9 11 15 17 25 27 29 33 35 43 45 47 51 53 61 63 65 69 71 83 87 89 97 99 
 Total col=28, Total row=27
 bc#: 1789
 c: 2 4 21 24 27 30 33 36 39 42 45 48 51 54 57 64 70 76 82 88 94 96 100 
 r: 79 82 7 10 12 16 17 25 28 30 34 35 43 46 48 52 53 61 64 66 70 71 84 88 89 97 100 
 Total col=23, Total row=27
 bc#: 1790
 c: 5 6 8 11 12 14 17 20 22 28 34 40 46 52 58 60 63 66 69 72 75 78 81 84 87 90 93 99 
 r: 79 83 7 9 11 15 17 25 27 29 33 35 43 45 47 51 53 61 63 65 69 71 81 87 89 97 99 
 Total col=28, Total row=27
 bc#: 1791
 c: 2 4 21 24 27 30 33 36 39 42 45 48 51 54 57 64 70 76 82 88 94 96 100 
 r: 79 84 7 10 12 16 17 25 28 30 34 35 43 46 48 52 53 61 64 66 70 71 82 88 89 97 100 
 Total col=23, Total row=27
 bc#: 1792
 c: 2 5 6 8 14 17 22 28 34 36 39 40 42 45 46 48 51 54 60 66 76 82 88 93 94 96 99 100 
 r: 79 85 3 7 13 17 21 25 31 35 39 43 49 53 57 61 67 71 75 89 93 97 
 Total col=28, Total row=22
 bc#: 1793
 c: 4 6 11 20 21 24 27 34 40 46 51 52 57 58 60 63 66 72 75 78 82 88 94 96 99 
 r: 79 86 2 7 14 17 20 25 32 35 38 43 50 53 56 61 68 71 74 89 92 97 
 Total col=25, Total row=22
 bc#: 1794
 c: 5 6 8 11 12 14 17 20 22 28 34 40 46 52 58 60 63 66 69 72 75 78 81 84 87 90 93 99 
 r: 79 87 7 9 11 15 17 25 27 29 33 35 43 45 47 51 53 61 63 65 69 71 81 83 89 97 99 
 Total col=28, Total row=27
 bc#: 1795
 c: 2 4 21 24 27 30 33 36 39 42 45 48 51 54 57 64 70 76 82 88 94 96 100 
 r: 79 88 7 10 12 16 17 25 28 30 34 35 43 46 48 52 53 61 64 66 70 71 82 84 89 97 100 
 Total col=23, Total row=27
 bc#: 1796
 c: 2 4 8 11 14 17 22 28 30 39 45 46 52 58 60 66 76 81 84 87 94 100 
 r: 79 91 7 17 19 25 35 37 43 53 55 61 71 73 89 97 
 Total col=22, Total row=16
 bc#: 1797
 c: 4 6 11 20 21 24 27 34 40 46 51 52 57 58 60 63 66 72 75 78 82 88 94 96 99 
 r: 79 92 2 7 14 17 20 25 32 35 38 43 50 53 56 61 68 71 74 86 89 97 
 Total col=25, Total row=22
 bc#: 1798
 c: 2 5 6 8 14 17 22 28 34 36 39 40 42 45 46 48 51 54 60 66 76 82 88 93 94 96 99 100 
 r: 79 93 3 7 13 17 21 25 31 35 39 43 49 53 57 61 67 71 75 85 89 97 
 Total col=28, Total row=22
 bc#: 1799
 c: 2 4 12 14 21 24 27 40 42 46 48 51 57 58 60 63 66 70 76 81 88 93 94 96 99 
 r: 79 94 4 7 17 22 25 35 40 43 53 58 61 71 76 89 97 
 Total col=25, Total row=17
 bc#: 1800
 c: 5 6 8 11 17 20 22 28 30 33 34 36 39 45 52 54 64 69 72 75 78 82 84 87 90 100 
 r: 79 95 5 7 17 23 25 35 41 43 53 59 61 71 77 89 97 
 Total col=26, Total row=17
 bc#: 1801
 c: 4 12 21 24 27 40 42 46 48 51 54 57 60 64 70 75 76 81 82 84 87 90 93 
 r: 79 96 6 7 17 24 25 35 42 43 53 60 61 71 78 89 97 
 Total col=23, Total row=17
 bc#: 1802
 c: 5 6 8 11 12 14 17 20 22 28 34 40 46 52 58 60 63 66 69 72 75 78 81 84 87 90 93 99 
 r: 79 99 7 9 11 15 17 25 27 29 33 35 43 45 47 51 53 61 63 65 69 71 81 83 87 89 97 
 Total col=28, Total row=27
 bc#: 1803
 c: 2 4 21 24 27 30 33 36 39 42 45 48 51 54 57 64 70 76 82 88 94 96 100 
 r: 79 100 7 10 12 16 17 25 28 30 34 35 43 46 48 52 53 61 64 66 70 71 82 84 88 89 97 
 Total col=23, Total row=27
 bc#: 1804
 c: 22 25 28 31 35 37 41 47 60 63 66 69 73 75 79 81 84 93 98 
 r: 80 81 8 9 11 15 18 26 27 29 33 36 44 45 47 51 54 62 63 65 69 72 83 87 90 98 99 
 Total col=19, Total row=27
 bc#: 1805
 c: 1 4 7 9 10 13 15 16 18 19 27 32 38 42 45 48 51 53 54 56 57 65 70 76 82 85 88 91 94 97 
 r: 80 82 8 10 12 16 18 26 28 30 34 36 44 46 48 52 54 62 64 66 70 72 84 88 90 98 100 
 Total col=30, Total row=27
 bc#: 1806
 c: 22 25 28 31 35 37 41 47 60 63 66 69 73 75 79 81 84 93 98 
 r: 80 83 8 9 11 15 18 26 27 29 33 36 44 45 47 51 54 62 63 65 69 72 81 87 90 98 99 
 Total col=19, Total row=27
 bc#: 1807
 c: 1 4 7 9 10 13 15 16 18 19 27 32 38 42 45 48 51 53 54 56 57 65 70 76 82 85 88 91 94 97 
 r: 80 84 8 10 12 16 18 26 28 30 34 36 44 46 48 52 54 62 64 66 70 72 82 88 90 98 100 
 Total col=30, Total row=27
 bc#: 1808
 c: 10 13 19 22 25 28 31 42 45 48 51 53 54 56 60 65 66 73 76 79 82 85 88 91 93 94 
 r: 80 85 3 8 13 18 21 26 31 36 39 44 49 54 57 62 67 72 75 90 93 98 
 Total col=26, Total row=22
 bc#: 1809
 c: 1 4 9 13 15 16 18 27 32 35 37 41 47 51 57 60 63 65 66 75 82 88 91 94 97 
 r: 80 86 2 8 14 18 20 26 32 36 38 44 50 54 56 62 68 72 74 90 92 98 
 Total col=25, Total row=22
 bc#: 1810
 c: 22 25 28 31 35 37 41 47 60 63 66 69 73 75 79 81 84 93 98 
 r: 80 87 8 9 11 15 18 26 27 29 33 36 44 45 47 51 54 62 63 65 69 72 81 83 90 98 99 
 Total col=19, Total row=27
 bc#: 1811
 c: 1 4 7 9 10 13 15 16 18 19 27 32 38 42 45 48 51 53 54 56 57 65 70 76 82 85 88 91 94 97 
 r: 80 88 8 10 12 16 18 26 28 30 34 36 44 46 48 52 54 62 64 66 70 72 82 84 90 98 100 
 Total col=30, Total row=27
 bc#: 1812
 c: 4 7 10 16 19 22 25 28 31 32 35 38 41 45 53 60 65 66 73 76 79 81 84 94 97 
 r: 80 91 8 18 19 26 36 37 44 54 55 62 72 73 90 98 
 Total col=25, Total row=16
 bc#: 1813
 c: 1 4 9 13 15 16 18 27 32 35 37 41 47 51 57 60 63 65 66 75 82 88 91 94 97 
 r: 80 92 2 8 14 18 20 26 32 36 38 44 50 54 56 62 68 72 74 86 90 98 
 Total col=25, Total row=22
 bc#: 1814
 c: 10 13 19 22 25 28 31 42 45 48 51 53 54 56 60 65 66 73 76 79 82 85 88 91 93 94 
 r: 80 93 3 8 13 18 21 26 31 36 39 44 49 54 57 62 67 72 75 85 90 98 
 Total col=26, Total row=22
 bc#: 1815
 c: 1 4 7 9 10 16 18 19 27 31 32 35 37 38 42 48 51 53 57 60 63 65 66 70 76 79 81 85 88 91 93 94 98 
 r: 80 94 4 8 18 22 26 36 40 44 54 58 62 72 76 90 98 
 Total col=33, Total row=17
 bc#: 1816
 c: 13 15 22 25 28 41 45 47 54 56 69 73 75 82 84 97 
 r: 80 95 5 8 18 23 26 36 41 44 54 59 62 72 77 90 98 
 Total col=16, Total row=17
 bc#: 1817
 c: 1 4 7 9 10 15 16 18 19 27 31 32 35 37 38 42 48 51 53 54 57 60 65 70 73 75 76 79 81 82 84 93 97 98 
 r: 80 96 6 8 18 24 26 36 42 44 54 60 62 72 78 90 98 
 Total col=34, Total row=17
 bc#: 1818
 c: 22 25 28 31 35 37 41 47 60 63 66 69 73 75 79 81 84 93 98 
 r: 80 99 8 9 11 15 18 26 27 29 33 36 44 45 47 51 54 62 63 65 69 72 81 83 87 90 98 
 Total col=19, Total row=27
 bc#: 1819
 c: 1 4 7 9 10 13 15 16 18 19 27 32 38 42 45 48 51 53 54 56 57 65 70 76 82 85 88 91 94 97 
 r: 80 100 8 10 12 16 18 26 28 30 34 36 44 46 48 52 54 62 64 66 70 72 82 84 88 90 98 
 Total col=30, Total row=27
 bc#: 1820
 c: 5 6 8 14 17 22 23 25 28 29 31 34 40 46 60 66 73 79 93 99 
 r: 81 85 3 9 11 13 15 21 27 29 31 33 39 45 47 49 51 57 63 65 67 69 75 83 87 93 99 
 Total col=20, Total row=27
 bc#: 1821
 c: 3 6 11 20 29 34 35 37 40 41 46 47 49 52 55 58 60 63 66 72 75 78 99 
 r: 81 86 2 9 11 14 15 20 27 29 32 33 38 45 47 50 51 56 63 65 68 69 74 83 87 92 99 
 Total col=23, Total row=27
 bc#: 1822
 c: 5 6 8 11 12 14 17 20 22 28 34 40 46 52 58 60 63 66 69 72 75 78 81 84 87 90 93 99 
 r: 81 89 7 9 11 15 17 25 27 29 33 35 43 45 47 51 53 61 63 65 69 71 79 83 87 97 99 
 Total col=28, Total row=27
 bc#: 1823
 c: 22 25 28 31 35 37 41 47 60 63 66 69 73 75 79 81 84 93 98 
 r: 81 90 8 9 11 15 18 26 27 29 33 36 44 45 47 51 54 62 63 65 69 72 80 83 87 98 99 
 Total col=19, Total row=27
 bc#: 1824
 c: 8 11 14 17 22 25 28 31 35 41 43 46 49 52 55 58 60 66 73 79 81 84 87 92 95 
 r: 81 91 9 11 15 19 27 29 33 37 45 47 51 55 63 65 69 73 83 87 99 
 Total col=25, Total row=21
 bc#: 1825
 c: 3 6 11 20 29 34 35 37 40 41 46 47 49 52 55 58 60 63 66 72 75 78 99 
 r: 81 92 2 9 11 14 15 20 27 29 32 33 38 45 47 50 51 56 63 65 68 69 74 83 86 87 99 
 Total col=23, Total row=27
 bc#: 1826
 c: 5 6 8 14 17 22 23 25 28 29 31 34 40 46 60 66 73 79 93 99 
 r: 81 93 3 9 11 13 15 21 27 29 31 33 39 45 47 49 51 57 63 65 67 69 75 83 85 87 99 
 Total col=20, Total row=27
 bc#: 1827
 c: 12 14 29 31 35 37 40 43 46 49 55 58 60 63 66 79 81 93 98 99 
 r: 81 94 4 9 11 15 22 27 29 33 40 45 47 51 58 63 65 69 76 83 87 99 
 Total col=20, Total row=22
 bc#: 1828
 c: 3 5 6 8 11 17 20 22 23 25 28 34 41 47 52 61 67 69 72 73 75 78 84 87 90 92 95 
 r: 81 95 5 9 11 15 23 27 29 33 41 45 47 51 59 63 65 69 77 83 87 99 
 Total col=27, Total row=22
 bc#: 1829
 c: 3 12 29 31 35 37 40 43 46 49 60 73 75 79 81 84 87 90 92 93 95 98 
 r: 81 96 6 9 11 15 24 27 29 33 42 45 47 51 60 63 65 69 78 83 87 99 
 Total col=22, Total row=22
 bc#: 1830
 c: 5 6 8 11 12 14 17 20 22 28 34 40 46 52 58 60 63 66 69 72 75 78 81 84 87 90 93 99 
 r: 81 97 7 9 11 15 17 25 27 29 33 35 43 45 47 51 53 61 63 65 69 71 79 83 87 89 99 
 Total col=28, Total row=27
 bc#: 1831
 c: 22 25 28 31 35 37 41 47 60 63 66 69 73 75 79 81 84 93 98 
 r: 81 98 8 9 11 15 18 26 27 29 33 36 44 45 47 51 54 62 63 65 69 72 80 83 87 90 99 
 Total col=19, Total row=27
 bc#: 1832
 c: 1 2 4 7 9 10 13 15 16 18 19 21 24 26 27 30 32 33 36 38 39 42 44 45 48 50 51 53 54 56 57 59 62 64 65 68 70 71 74 76 77 80 82 83 85 86 88 89 91 94 96 97 100 
 r: 82 84 10 12 16 28 30 34 46 48 52 64 66 70 88 100 
 Total col=53, Total row=16
 bc#: 1833
 c: 2 10 13 19 36 39 42 45 48 51 53 54 56 59 62 65 68 71 74 76 80 82 85 86 88 91 94 96 100 
 r: 82 85 3 10 12 13 16 21 28 30 31 34 39 46 48 49 52 57 64 66 67 70 75 84 88 93 100 
 Total col=29, Total row=27
 bc#: 1834
 c: 1 4 9 13 15 16 18 21 24 26 27 32 44 51 57 65 68 71 77 80 82 83 86 88 89 91 94 96 97 
 r: 82 86 2 10 12 14 16 20 28 30 32 34 38 46 48 50 52 56 64 66 68 70 74 84 88 92 100 
 Total col=29, Total row=27
 bc#: 1835
 c: 1 2 4 7 9 10 13 15 16 18 19 21 24 26 27 30 32 33 36 38 39 42 44 45 48 50 51 53 54 56 57 59 62 64 65 68 70 71 74 76 77 80 82 83 85 86 88 89 91 94 96 97 100 
 r: 82 88 10 12 16 28 30 34 46 48 52 64 66 70 84 100 
 Total col=53, Total row=16
 bc#: 1836
 c: 2 4 21 24 27 30 33 36 39 42 45 48 51 54 57 64 70 76 82 88 94 96 100 
 r: 82 89 7 10 12 16 17 25 28 30 34 35 43 46 48 52 53 61 64 66 70 71 79 84 88 97 100 
 Total col=23, Total row=27
 bc#: 1837
 c: 1 4 7 9 10 13 15 16 18 19 27 32 38 42 45 48 51 53 54 56 57 65 70 76 82 85 88 91 94 97 
 r: 82 90 8 10 12 16 18 26 28 30 34 36 44 46 48 52 54 62 64 66 70 72 80 84 88 98 100 
 Total col=30, Total row=27
 bc#: 1838
 c: 2 4 7 10 16 19 26 30 32 38 39 45 53 59 62 65 68 71 74 76 80 86 89 94 97 100 
 r: 82 91 10 12 16 19 28 30 34 37 46 48 52 55 64 66 70 73 84 88 100 
 Total col=26, Total row=21
 bc#: 1839
 c: 1 4 9 13 15 16 18 21 24 26 27 32 44 51 57 65 68 71 77 80 82 83 86 88 89 91 94 96 97 
 r: 82 92 2 10 12 14 16 20 28 30 32 34 38 46 48 50 52 56 64 66 68 70 74 84 86 88 100 
 Total col=29, Total row=27
 bc#: 1840
 c: 2 10 13 19 36 39 42 45 48 51 53 54 56 59 62 65 68 71 74 76 80 82 85 86 88 91 94 96 100 
 r: 82 93 3 10 12 13 16 21 28 30 31 34 39 46 48 49 52 57 64 66 67 70 75 84 85 88 100 
 Total col=29, Total row=27
 bc#: 1841
 c: 13 15 30 33 36 39 44 45 50 54 56 59 62 64 80 82 89 97 100 
 r: 82 95 5 10 12 16 23 28 30 34 41 46 48 52 59 64 66 70 77 84 88 100 
 Total col=19, Total row=22
 bc#: 1842
 c: 1 4 7 9 10 15 16 18 19 21 24 26 27 32 38 42 48 51 53 54 57 59 62 64 65 68 70 71 76 82 86 97 
 r: 82 96 6 10 12 16 24 28 30 34 42 46 48 52 60 64 66 70 78 84 88 100 
 Total col=32, Total row=22
 bc#: 1843
 c: 2 4 21 24 27 30 33 36 39 42 45 48 51 54 57 64 70 76 82 88 94 96 100 
 r: 82 97 7 10 12 16 17 25 28 30 34 35 43 46 48 52 53 61 64 66 70 71 79 84 88 89 100 
 Total col=23, Total row=27
 bc#: 1844
 c: 1 4 7 9 10 13 15 16 18 19 27 32 38 42 45 48 51 53 54 56 57 65 70 76 82 85 88 91 94 97 
 r: 82 98 8 10 12 16 18 26 28 30 34 36 44 46 48 52 54 62 64 66 70 72 80 84 88 90 100 
 Total col=30, Total row=27
 bc#: 1845
 c: 1 2 4 7 9 10 13 15 16 18 19 21 24 26 27 30 32 33 36 38 39 42 44 45 48 50 51 53 54 56 57 59 62 64 65 68 70 71 74 76 77 80 82 83 85 86 88 89 91 94 96 97 100 
 r: 82 100 10 12 16 28 30 34 46 48 52 64 66 70 84 88 
 Total col=53, Total row=16
 bc#: 1846
 c: 5 6 8 14 17 22 23 25 28 29 31 34 40 46 60 66 73 79 93 99 
 r: 83 85 3 9 11 13 15 21 27 29 31 33 39 45 47 49 51 57 63 65 67 69 75 81 87 93 99 
 Total col=20, Total row=27
 bc#: 1847
 c: 3 6 11 20 29 34 35 37 40 41 46 47 49 52 55 58 60 63 66 72 75 78 99 
 r: 83 86 2 9 11 14 15 20 27 29 32 33 38 45 47 50 51 56 63 65 68 69 74 81 87 92 99 
 Total col=23, Total row=27
 bc#: 1848
 c: 5 6 8 11 12 14 17 20 22 28 34 40 46 52 58 60 63 66 69 72 75 78 81 84 87 90 93 99 
 r: 83 89 7 9 11 15 17 25 27 29 33 35 43 45 47 51 53 61 63 65 69 71 79 81 87 97 99 
 Total col=28, Total row=27
 bc#: 1849
 c: 22 25 28 31 35 37 41 47 60 63 66 69 73 75 79 81 84 93 98 
 r: 83 90 8 9 11 15 18 26 27 29 33 36 44 45 47 51 54 62 63 65 69 72 80 81 87 98 99 
 Total col=19, Total row=27
 bc#: 1850
 c: 8 11 14 17 22 25 28 31 35 41 43 46 49 52 55 58 60 66 73 79 81 84 87 92 95 
 r: 83 91 9 11 15 19 27 29 33 37 45 47 51 55 63 65 69 73 81 87 99 
 Total col=25, Total row=21
 bc#: 1851
 c: 3 6 11 20 29 34 35 37 40 41 46 47 49 52 55 58 60 63 66 72 75 78 99 
 r: 83 92 2 9 11 14 15 20 27 29 32 33 38 45 47 50 51 56 63 65 68 69 74 81 86 87 99 
 Total col=23, Total row=27
 bc#: 1852
 c: 5 6 8 14 17 22 23 25 28 29 31 34 40 46 60 66 73 79 93 99 
 r: 83 93 3 9 11 13 15 21 27 29 31 33 39 45 47 49 51 57 63 65 67 69 75 81 85 87 99 
 Total col=20, Total row=27
 bc#: 1853
 c: 12 14 29 31 35 37 40 43 46 49 55 58 60 63 66 79 81 93 98 99 
 r: 83 94 4 9 11 15 22 27 29 33 40 45 47 51 58 63 65 69 76 81 87 99 
 Total col=20, Total row=22
 bc#: 1854
 c: 3 5 6 8 11 17 20 22 23 25 28 34 41 47 52 61 67 69 72 73 75 78 84 87 90 92 95 
 r: 83 95 5 9 11 15 23 27 29 33 41 45 47 51 59 63 65 69 77 81 87 99 
 Total col=27, Total row=22
 bc#: 1855
 c: 3 12 29 31 35 37 40 43 46 49 60 73 75 79 81 84 87 90 92 93 95 98 
 r: 83 96 6 9 11 15 24 27 29 33 42 45 47 51 60 63 65 69 78 81 87 99 
 Total col=22, Total row=22
 bc#: 1856
 c: 5 6 8 11 12 14 17 20 22 28 34 40 46 52 58 60 63 66 69 72 75 78 81 84 87 90 93 99 
 r: 83 97 7 9 11 15 17 25 27 29 33 35 43 45 47 51 53 61 63 65 69 71 79 81 87 89 99 
 Total col=28, Total row=27
 bc#: 1857
 c: 22 25 28 31 35 37 41 47 60 63 66 69 73 75 79 81 84 93 98 
 r: 83 98 8 9 11 15 18 26 27 29 33 36 44 45 47 51 54 62 63 65 69 72 80 81 87 90 99 
 Total col=19, Total row=27
 bc#: 1858
 c: 2 10 13 19 36 39 42 45 48 51 53 54 56 59 62 65 68 71 74 76 80 82 85 86 88 91 94 96 100 
 r: 84 85 3 10 12 13 16 21 28 30 31 34 39 46 48 49 52 57 64 66 67 70 75 82 88 93 100 
 Total col=29, Total row=27
 bc#: 1859
 c: 1 4 9 13 15 16 18 21 24 26 27 32 44 51 57 65 68 71 77 80 82 83 86 88 89 91 94 96 97 
 r: 84 86 2 10 12 14 16 20 28 30 32 34 38 46 48 50 52 56 64 66 68 70 74 82 88 92 100 
 Total col=29, Total row=27
 bc#: 1860
 c: 1 2 4 7 9 10 13 15 16 18 19 21 24 26 27 30 32 33 36 38 39 42 44 45 48 50 51 53 54 56 57 59 62 64 65 68 70 71 74 76 77 80 82 83 85 86 88 89 91 94 96 97 100 
 r: 84 88 10 12 16 28 30 34 46 48 52 64 66 70 82 100 
 Total col=53, Total row=16
 bc#: 1861
 c: 2 4 21 24 27 30 33 36 39 42 45 48 51 54 57 64 70 76 82 88 94 96 100 
 r: 84 89 7 10 12 16 17 25 28 30 34 35 43 46 48 52 53 61 64 66 70 71 79 82 88 97 100 
 Total col=23, Total row=27
 bc#: 1862
 c: 1 4 7 9 10 13 15 16 18 19 27 32 38 42 45 48 51 53 54 56 57 65 70 76 82 85 88 91 94 97 
 r: 84 90 8 10 12 16 18 26 28 30 34 36 44 46 48 52 54 62 64 66 70 72 80 82 88 98 100 
 Total col=30, Total row=27
 bc#: 1863
 c: 2 4 7 10 16 19 26 30 32 38 39 45 53 59 62 65 68 71 74 76 80 86 89 94 97 100 
 r: 84 91 10 12 16 19 28 30 34 37 46 48 52 55 64 66 70 73 82 88 100 
 Total col=26, Total row=21
 bc#: 1864
 c: 1 4 9 13 15 16 18 21 24 26 27 32 44 51 57 65 68 71 77 80 82 83 86 88 89 91 94 96 97 
 r: 84 92 2 10 12 14 16 20 28 30 32 34 38 46 48 50 52 56 64 66 68 70 74 82 86 88 100 
 Total col=29, Total row=27
 bc#: 1865
 c: 2 10 13 19 36 39 42 45 48 51 53 54 56 59 62 65 68 71 74 76 80 82 85 86 88 91 94 96 100 
 r: 84 93 3 10 12 13 16 21 28 30 31 34 39 46 48 49 52 57 64 66 67 70 75 82 85 88 100 
 Total col=29, Total row=27
 bc#: 1866
 c: 13 15 30 33 36 39 44 45 50 54 56 59 62 64 80 82 89 97 100 
 r: 84 95 5 10 12 16 23 28 30 34 41 46 48 52 59 64 66 70 77 82 88 100 
 Total col=19, Total row=22
 bc#: 1867
 c: 1 4 7 9 10 15 16 18 19 21 24 26 27 32 38 42 48 51 53 54 57 59 62 64 65 68 70 71 76 82 86 97 
 r: 84 96 6 10 12 16 24 28 30 34 42 46 48 52 60 64 66 70 78 82 88 100 
 Total col=32, Total row=22
 bc#: 1868
 c: 2 4 21 24 27 30 33 36 39 42 45 48 51 54 57 64 70 76 82 88 94 96 100 
 r: 84 97 7 10 12 16 17 25 28 30 34 35 43 46 48 52 53 61 64 66 70 71 79 82 88 89 100 
 Total col=23, Total row=27
 bc#: 1869
 c: 1 4 7 9 10 13 15 16 18 19 27 32 38 42 45 48 51 53 54 56 57 65 70 76 82 85 88 91 94 97 
 r: 84 98 8 10 12 16 18 26 28 30 34 36 44 46 48 52 54 62 64 66 70 72 80 82 88 90 100 
 Total col=30, Total row=27
 bc#: 1870
 c: 1 2 4 7 9 10 13 15 16 18 19 21 24 26 27 30 32 33 36 38 39 42 44 45 48 50 51 53 54 56 57 59 62 64 65 68 70 71 74 76 77 80 82 83 85 86 88 89 91 94 96 97 100 
 r: 84 100 10 12 16 28 30 34 46 48 52 64 66 70 82 88 
 Total col=53, Total row=16
 bc#: 1871
 c: 6 13 29 34 40 46 51 60 65 66 68 71 80 82 86 88 91 94 96 99 
 r: 85 86 2 3 13 14 20 21 31 32 38 39 49 50 56 57 67 68 74 75 92 93 
 Total col=20, Total row=22
 bc#: 1872
 c: 5 6 8 14 17 22 23 25 28 29 31 34 40 46 60 66 73 79 93 99 
 r: 85 87 3 9 11 13 15 21 27 29 31 33 39 45 47 49 51 57 63 65 67 69 75 81 83 93 99 
 Total col=20, Total row=27
 bc#: 1873
 c: 2 10 13 19 36 39 42 45 48 51 53 54 56 59 62 65 68 71 74 76 80 82 85 86 88 91 94 96 100 
 r: 85 88 3 10 12 13 16 21 28 30 31 34 39 46 48 49 52 57 64 66 67 70 75 82 84 93 100 
 Total col=29, Total row=27
 bc#: 1874
 c: 2 5 6 8 14 17 22 28 34 36 39 40 42 45 46 48 51 54 60 66 76 82 88 93 94 96 99 100 
 r: 85 89 3 7 13 17 21 25 31 35 39 43 49 53 57 61 67 71 75 79 93 97 
 Total col=28, Total row=22
 bc#: 1875
 c: 10 13 19 22 25 28 31 42 45 48 51 53 54 56 60 65 66 73 76 79 82 85 88 91 93 94 
 r: 85 90 3 8 13 18 21 26 31 36 39 44 49 54 57 62 67 72 75 80 93 98 
 Total col=26, Total row=22
 bc#: 1876
 c: 2 8 10 14 17 19 22 25 28 31 39 45 46 53 59 60 62 65 66 68 71 73 74 76 79 80 86 94 100 
 r: 85 91 3 13 19 21 31 37 39 49 55 57 67 73 75 93 
 Total col=29, Total row=16
 bc#: 1877
 c: 6 13 29 34 40 46 51 60 65 66 68 71 80 82 86 88 91 94 96 99 
 r: 85 92 2 3 13 14 20 21 31 32 38 39 49 50 56 57 67 68 74 75 86 93 
 Total col=20, Total row=22
 bc#: 1878
 c: 2 5 6 8 10 13 14 17 19 22 23 25 28 29 31 34 36 39 40 42 45 46 48 51 53 54 56 59 60 62 65 66 68 71 73 74 76 79 80 82 85 86 88 91 93 94 96 99 100 
 r: 85 93 3 13 21 31 39 49 57 67 75 
 Total col=49, Total row=11
 bc#: 1879
 c: 2 10 14 19 29 31 40 42 46 48 51 53 60 65 66 68 71 74 76 79 85 86 88 91 93 94 96 99 
 r: 85 94 3 4 13 21 22 31 39 40 49 57 58 67 75 76 93 
 Total col=28, Total row=17
 bc#: 1880
 c: 5 6 8 13 17 22 23 25 28 34 36 39 45 54 56 59 62 73 80 82 100 
 r: 85 95 3 5 13 21 23 31 39 41 49 57 59 67 75 77 93 
 Total col=21, Total row=17
 bc#: 1881
 c: 10 19 29 31 40 42 46 48 51 53 54 59 60 62 65 68 71 73 76 79 82 86 93 
 r: 85 96 3 6 13 21 24 31 39 42 49 57 60 67 75 78 93 
 Total col=23, Total row=17
 bc#: 1882
 c: 2 5 6 8 14 17 22 28 34 36 39 40 42 45 46 48 51 54 60 66 76 82 88 93 94 96 99 100 
 r: 85 97 3 7 13 17 21 25 31 35 39 43 49 53 57 61 67 71 75 79 89 93 
 Total col=28, Total row=22
 bc#: 1883
 c: 10 13 19 22 25 28 31 42 45 48 51 53 54 56 60 65 66 73 76 79 82 85 88 91 93 94 
 r: 85 98 3 8 13 18 21 26 31 36 39 44 49 54 57 62 67 72 75 80 90 93 
 Total col=26, Total row=22
 bc#: 1884
 c: 5 6 8 14 17 22 23 25 28 29 31 34 40 46 60 66 73 79 93 99 
 r: 85 99 3 9 11 13 15 21 27 29 31 33 39 45 47 49 51 57 63 65 67 69 75 81 83 87 93 
 Total col=20, Total row=27
 bc#: 1885
 c: 2 10 13 19 36 39 42 45 48 51 53 54 56 59 62 65 68 71 74 76 80 82 85 86 88 91 94 96 100 
 r: 85 100 3 10 12 13 16 21 28 30 31 34 39 46 48 49 52 57 64 66 67 70 75 82 84 88 93 
 Total col=29, Total row=27
 bc#: 1886
 c: 3 6 11 20 29 34 35 37 40 41 46 47 49 52 55 58 60 63 66 72 75 78 99 
 r: 86 87 2 9 11 14 15 20 27 29 32 33 38 45 47 50 51 56 63 65 68 69 74 81 83 92 99 
 Total col=23, Total row=27
 bc#: 1887
 c: 1 4 9 13 15 16 18 21 24 26 27 32 44 51 57 65 68 71 77 80 82 83 86 88 89 91 94 96 97 
 r: 86 88 2 10 12 14 16 20 28 30 32 34 38 46 48 50 52 56 64 66 68 70 74 82 84 92 100 
 Total col=29, Total row=27
 bc#: 1888
 c: 4 6 11 20 21 24 27 34 40 46 51 52 57 58 60 63 66 72 75 78 82 88 94 96 99 
 r: 86 89 2 7 14 17 20 25 32 35 38 43 50 53 56 61 68 71 74 79 92 97 
 Total col=25, Total row=22
 bc#: 1889
 c: 1 4 9 13 15 16 18 27 32 35 37 41 47 51 57 60 63 65 66 75 82 88 91 94 97 
 r: 86 90 2 8 14 18 20 26 32 36 38 44 50 54 56 62 68 72 74 80 92 98 
 Total col=25, Total row=22
 bc#: 1890
 c: 4 11 16 26 32 35 41 46 49 52 55 58 60 65 66 68 71 80 86 89 94 97 
 r: 86 91 2 14 19 20 32 37 38 50 55 56 68 73 74 92 
 Total col=22, Total row=16
 bc#: 1891
 c: 6 13 29 34 40 46 51 60 65 66 68 71 80 82 86 88 91 94 96 99 
 r: 86 93 2 3 13 14 20 21 31 32 38 39 49 50 56 57 67 68 74 75 85 92 
 Total col=20, Total row=22
 bc#: 1892
 c: 3 6 11 13 15 20 34 41 44 47 52 72 75 78 80 82 89 97 
 r: 86 95 2 5 14 20 23 32 38 41 50 56 59 68 74 77 92 
 Total col=18, Total row=17
 bc#: 1893
 c: 1 3 4 9 15 16 18 21 24 26 27 29 32 35 37 40 46 49 51 57 60 65 68 71 75 82 86 97 
 r: 86 96 2 6 14 20 24 32 38 42 50 56 60 68 74 78 92 
 Total col=28, Total row=17
 bc#: 1894
 c: 4 6 11 20 21 24 27 34 40 46 51 52 57 58 60 63 66 72 75 78 82 88 94 96 99 
 r: 86 97 2 7 14 17 20 25 32 35 38 43 50 53 56 61 68 71 74 79 89 92 
 Total col=25, Total row=22
 bc#: 1895
 c: 1 4 9 13 15 16 18 27 32 35 37 41 47 51 57 60 63 65 66 75 82 88 91 94 97 
 r: 86 98 2 8 14 18 20 26 32 36 38 44 50 54 56 62 68 72 74 80 90 92 
 Total col=25, Total row=22
 bc#: 1896
 c: 3 6 11 20 29 34 35 37 40 41 46 47 49 52 55 58 60 63 66 72 75 78 99 
 r: 86 99 2 9 11 14 15 20 27 29 32 33 38 45 47 50 51 56 63 65 68 69 74 81 83 87 92 
 Total col=23, Total row=27
 bc#: 1897
 c: 1 4 9 13 15 16 18 21 24 26 27 32 44 51 57 65 68 71 77 80 82 83 86 88 89 91 94 96 97 
 r: 86 100 2 10 12 14 16 20 28 30 32 34 38 46 48 50 52 56 64 66 68 70 74 82 84 88 92 
 Total col=29, Total row=27
 bc#: 1898
 c: 5 6 8 11 12 14 17 20 22 28 34 40 46 52 58 60 63 66 69 72 75 78 81 84 87 90 93 99 
 r: 87 89 7 9 11 15 17 25 27 29 33 35 43 45 47 51 53 61 63 65 69 71 79 81 83 97 99 
 Total col=28, Total row=27
 bc#: 1899
 c: 22 25 28 31 35 37 41 47 60 63 66 69 73 75 79 81 84 93 98 
 r: 87 90 8 9 11 15 18 26 27 29 33 36 44 45 47 51 54 62 63 65 69 72 80 81 83 98 99 
 Total col=19, Total row=27
 bc#: 1900
 c: 8 11 14 17 22 25 28 31 35 41 43 46 49 52 55 58 60 66 73 79 81 84 87 92 95 
 r: 87 91 9 11 15 19 27 29 33 37 45 47 51 55 63 65 69 73 81 83 99 
 Total col=25, Total row=21
 bc#: 1901
 c: 3 6 11 20 29 34 35 37 40 41 46 47 49 52 55 58 60 63 66 72 75 78 99 
 r: 87 92 2 9 11 14 15 20 27 29 32 33 38 45 47 50 51 56 63 65 68 69 74 81 83 86 99 
 Total col=23, Total row=27
 bc#: 1902
 c: 5 6 8 14 17 22 23 25 28 29 31 34 40 46 60 66 73 79 93 99 
 r: 87 93 3 9 11 13 15 21 27 29 31 33 39 45 47 49 51 57 63 65 67 69 75 81 83 85 99 
 Total col=20, Total row=27
 bc#: 1903
 c: 12 14 29 31 35 37 40 43 46 49 55 58 60 63 66 79 81 93 98 99 
 r: 87 94 4 9 11 15 22 27 29 33 40 45 47 51 58 63 65 69 76 81 83 99 
 Total col=20, Total row=22
 bc#: 1904
 c: 3 5 6 8 11 17 20 22 23 25 28 34 41 47 52 61 67 69 72 73 75 78 84 87 90 92 95 
 r: 87 95 5 9 11 15 23 27 29 33 41 45 47 51 59 63 65 69 77 81 83 99 
 Total col=27, Total row=22
 bc#: 1905
 c: 3 12 29 31 35 37 40 43 46 49 60 73 75 79 81 84 87 90 92 93 95 98 
 r: 87 96 6 9 11 15 24 27 29 33 42 45 47 51 60 63 65 69 78 81 83 99 
 Total col=22, Total row=22
 bc#: 1906
 c: 5 6 8 11 12 14 17 20 22 28 34 40 46 52 58 60 63 66 69 72 75 78 81 84 87 90 93 99 
 r: 87 97 7 9 11 15 17 25 27 29 33 35 43 45 47 51 53 61 63 65 69 71 79 81 83 89 99 
 Total col=28, Total row=27
 bc#: 1907
 c: 22 25 28 31 35 37 41 47 60 63 66 69 73 75 79 81 84 93 98 
 r: 87 98 8 9 11 15 18 26 27 29 33 36 44 45 47 51 54 62 63 65 69 72 80 81 83 90 99 
 Total col=19, Total row=27
 bc#: 1908
 c: 2 4 21 24 27 30 33 36 39 42 45 48 51 54 57 64 70 76 82 88 94 96 100 
 r: 88 89 7 10 12 16 17 25 28 30 34 35 43 46 48 52 53 61 64 66 70 71 79 82 84 97 100 
 Total col=23, Total row=27
 bc#: 1909
 c: 1 4 7 9 10 13 15 16 18 19 27 32 38 42 45 48 51 53 54 56 57 65 70 76 82 85 88 91 94 97 
 r: 88 90 8 10 12 16 18 26 28 30 34 36 44 46 48 52 54 62 64 66 70 72 80 82 84 98 100 
 Total col=30, Total row=27
 bc#: 1910
 c: 2 4 7 10 16 19 26 30 32 38 39 45 53 59 62 65 68 71 74 76 80 86 89 94 97 100 
 r: 88 91 10 12 16 19 28 30 34 37 46 48 52 55 64 66 70 73 82 84 100 
 Total col=26, Total row=21
 bc#: 1911
 c: 1 4 9 13 15 16 18 21 24 26 27 32 44 51 57 65 68 71 77 80 82 83 86 88 89 91 94 96 97 
 r: 88 92 2 10 12 14 16 20 28 30 32 34 38 46 48 50 52 56 64 66 68 70 74 82 84 86 100 
 Total col=29, Total row=27
 bc#: 1912
 c: 2 10 13 19 36 39 42 45 48 51 53 54 56 59 62 65 68 71 74 76 80 82 85 86 88 91 94 96 100 
 r: 88 93 3 10 12 13 16 21 28 30 31 34 39 46 48 49 52 57 64 66 67 70 75 82 84 85 100 
 Total col=29, Total row=27
 bc#: 1913
 c: 13 15 30 33 36 39 44 45 50 54 56 59 62 64 80 82 89 97 100 
 r: 88 95 5 10 12 16 23 28 30 34 41 46 48 52 59 64 66 70 77 82 84 100 
 Total col=19, Total row=22
 bc#: 1914
 c: 1 4 7 9 10 15 16 18 19 21 24 26 27 32 38 42 48 51 53 54 57 59 62 64 65 68 70 71 76 82 86 97 
 r: 88 96 6 10 12 16 24 28 30 34 42 46 48 52 60 64 66 70 78 82 84 100 
 Total col=32, Total row=22
 bc#: 1915
 c: 2 4 21 24 27 30 33 36 39 42 45 48 51 54 57 64 70 76 82 88 94 96 100 
 r: 88 97 7 10 12 16 17 25 28 30 34 35 43 46 48 52 53 61 64 66 70 71 79 82 84 89 100 
 Total col=23, Total row=27
 bc#: 1916
 c: 1 4 7 9 10 13 15 16 18 19 27 32 38 42 45 48 51 53 54 56 57 65 70 76 82 85 88 91 94 97 
 r: 88 98 8 10 12 16 18 26 28 30 34 36 44 46 48 52 54 62 64 66 70 72 80 82 84 90 100 
 Total col=30, Total row=27
 bc#: 1917
 c: 1 2 4 7 9 10 13 15 16 18 19 21 24 26 27 30 32 33 36 38 39 42 44 45 48 50 51 53 54 56 57 59 62 64 65 68 70 71 74 76 77 80 82 83 85 86 88 89 91 94 96 97 100 
 r: 88 100 10 12 16 28 30 34 46 48 52 64 66 70 82 84 
 Total col=53, Total row=16
 bc#: 1918
 c: 2 4 8 11 14 17 22 28 30 39 45 46 52 58 60 66 76 81 84 87 94 100 
 r: 89 91 7 17 19 25 35 37 43 53 55 61 71 73 79 97 
 Total col=22, Total row=16
 bc#: 1919
 c: 4 6 11 20 21 24 27 34 40 46 51 52 57 58 60 63 66 72 75 78 82 88 94 96 99 
 r: 89 92 2 7 14 17 20 25 32 35 38 43 50 53 56 61 68 71 74 79 86 97 
 Total col=25, Total row=22
 bc#: 1920
 c: 2 5 6 8 14 17 22 28 34 36 39 40 42 45 46 48 51 54 60 66 76 82 88 93 94 96 99 100 
 r: 89 93 3 7 13 17 21 25 31 35 39 43 49 53 57 61 67 71 75 79 85 97 
 Total col=28, Total row=22
 bc#: 1921
 c: 2 4 12 14 21 24 27 40 42 46 48 51 57 58 60 63 66 70 76 81 88 93 94 96 99 
 r: 89 94 4 7 17 22 25 35 40 43 53 58 61 71 76 79 97 
 Total col=25, Total row=17
 bc#: 1922
 c: 5 6 8 11 17 20 22 28 30 33 34 36 39 45 52 54 64 69 72 75 78 82 84 87 90 100 
 r: 89 95 5 7 17 23 25 35 41 43 53 59 61 71 77 79 97 
 Total col=26, Total row=17
 bc#: 1923
 c: 4 12 21 24 27 40 42 46 48 51 54 57 60 64 70 75 76 81 82 84 87 90 93 
 r: 89 96 6 7 17 24 25 35 42 43 53 60 61 71 78 79 97 
 Total col=23, Total row=17
 bc#: 1924
 c: 5 6 8 11 12 14 17 20 22 28 34 40 46 52 58 60 63 66 69 72 75 78 81 84 87 90 93 99 
 r: 89 99 7 9 11 15 17 25 27 29 33 35 43 45 47 51 53 61 63 65 69 71 79 81 83 87 97 
 Total col=28, Total row=27
 bc#: 1925
 c: 2 4 21 24 27 30 33 36 39 42 45 48 51 54 57 64 70 76 82 88 94 96 100 
 r: 89 100 7 10 12 16 17 25 28 30 34 35 43 46 48 52 53 61 64 66 70 71 79 82 84 88 97 
 Total col=23, Total row=27
 bc#: 1926
 c: 4 7 10 16 19 22 25 28 31 32 35 38 41 45 53 60 65 66 73 76 79 81 84 94 97 
 r: 90 91 8 18 19 26 36 37 44 54 55 62 72 73 80 98 
 Total col=25, Total row=16
 bc#: 1927
 c: 1 4 9 13 15 16 18 27 32 35 37 41 47 51 57 60 63 65 66 75 82 88 91 94 97 
 r: 90 92 2 8 14 18 20 26 32 36 38 44 50 54 56 62 68 72 74 80 86 98 
 Total col=25, Total row=22
 bc#: 1928
 c: 10 13 19 22 25 28 31 42 45 48 51 53 54 56 60 65 66 73 76 79 82 85 88 91 93 94 
 r: 90 93 3 8 13 18 21 26 31 36 39 44 49 54 57 62 67 72 75 80 85 98 
 Total col=26, Total row=22
 bc#: 1929
 c: 1 4 7 9 10 16 18 19 27 31 32 35 37 38 42 48 51 53 57 60 63 65 66 70 76 79 81 85 88 91 93 94 98 
 r: 90 94 4 8 18 22 26 36 40 44 54 58 62 72 76 80 98 
 Total col=33, Total row=17
 bc#: 1930
 c: 13 15 22 25 28 41 45 47 54 56 69 73 75 82 84 97 
 r: 90 95 5 8 18 23 26 36 41 44 54 59 62 72 77 80 98 
 Total col=16, Total row=17
 bc#: 1931
 c: 1 4 7 9 10 15 16 18 19 27 31 32 35 37 38 42 48 51 53 54 57 60 65 70 73 75 76 79 81 82 84 93 97 98 
 r: 90 96 6 8 18 24 26 36 42 44 54 60 62 72 78 80 98 
 Total col=34, Total row=17
 bc#: 1932
 c: 22 25 28 31 35 37 41 47 60 63 66 69 73 75 79 81 84 93 98 
 r: 90 99 8 9 11 15 18 26 27 29 33 36 44 45 47 51 54 62 63 65 69 72 80 81 83 87 98 
 Total col=19, Total row=27
 bc#: 1933
 c: 1 4 7 9 10 13 15 16 18 19 27 32 38 42 45 48 51 53 54 56 57 65 70 76 82 85 88 91 94 97 
 r: 90 100 8 10 12 16 18 26 28 30 34 36 44 46 48 52 54 62 64 66 70 72 80 82 84 88 98 
 Total col=30, Total row=27
 bc#: 1934
 c: 4 11 16 26 32 35 41 46 49 52 55 58 60 65 66 68 71 80 86 89 94 97 
 r: 91 92 2 14 19 20 32 37 38 50 55 56 68 73 74 86 
 Total col=22, Total row=16
 bc#: 1935
 c: 2 8 10 14 17 19 22 25 28 31 39 45 46 53 59 60 62 65 66 68 71 73 74 76 79 80 86 94 100 
 r: 91 93 3 13 19 21 31 37 39 49 55 57 67 73 75 85 
 Total col=29, Total row=16
 bc#: 1936
 c: 2 4 7 10 14 16 19 26 31 32 35 38 43 46 49 53 55 58 60 65 66 68 71 74 76 79 81 86 94 
 r: 91 94 4 19 22 37 40 55 58 73 76 
 Total col=29, Total row=11
 bc#: 1937
 c: 8 11 17 22 25 28 30 39 41 45 52 59 62 73 80 84 87 89 92 95 97 100 
 r: 91 95 5 19 23 37 41 55 59 73 77 
 Total col=22, Total row=11
 bc#: 1938
 c: 4 7 10 16 19 26 31 32 35 38 43 46 49 53 59 60 62 65 68 71 73 76 79 81 84 86 87 92 95 97 
 r: 91 96 6 19 24 37 42 55 60 73 78 
 Total col=30, Total row=11
 bc#: 1939
 c: 2 4 8 11 14 17 22 28 30 39 45 46 52 58 60 66 76 81 84 87 94 100 
 r: 91 97 7 17 19 25 35 37 43 53 55 61 71 73 79 89 
 Total col=22, Total row=16
 bc#: 1940
 c: 4 7 10 16 19 22 25 28 31 32 35 38 41 45 53 60 65 66 73 76 79 81 84 94 97 
 r: 91 98 8 18 19 26 36 37 44 54 55 62 72 73 80 90 
 Total col=25, Total row=16
 bc#: 1941
 c: 8 11 14 17 22 25 28 31 35 41 43 46 49 52 55 58 60 66 73 79 81 84 87 92 95 
 r: 91 99 9 11 15 19 27 29 33 37 45 47 51 55 63 65 69 73 81 83 87 
 Total col=25, Total row=21
 bc#: 1942
 c: 2 4 7 10 16 19 26 30 32 38 39 45 53 59 62 65 68 71 74 76 80 86 89 94 97 100 
 r: 91 100 10 12 16 19 28 30 34 37 46 48 52 55 64 66 70 73 82 84 88 
 Total col=26, Total row=21
 bc#: 1943
 c: 6 13 29 34 40 46 51 60 65 66 68 71 80 82 86 88 91 94 96 99 
 r: 92 93 2 3 13 14 20 21 31 32 38 39 49 50 56 57 67 68 74 75 85 86 
 Total col=20, Total row=22
 bc#: 1944
 c: 3 6 11 13 15 20 34 41 44 47 52 72 75 78 80 82 89 97 
 r: 92 95 2 5 14 20 23 32 38 41 50 56 59 68 74 77 86 
 Total col=18, Total row=17
 bc#: 1945
 c: 1 3 4 9 15 16 18 21 24 26 27 29 32 35 37 40 46 49 51 57 60 65 68 71 75 82 86 97 
 r: 92 96 2 6 14 20 24 32 38 42 50 56 60 68 74 78 86 
 Total col=28, Total row=17
 bc#: 1946
 c: 4 6 11 20 21 24 27 34 40 46 51 52 57 58 60 63 66 72 75 78 82 88 94 96 99 
 r: 92 97 2 7 14 17 20 25 32 35 38 43 50 53 56 61 68 71 74 79 86 89 
 Total col=25, Total row=22
 bc#: 1947
 c: 1 4 9 13 15 16 18 27 32 35 37 41 47 51 57 60 63 65 66 75 82 88 91 94 97 
 r: 92 98 2 8 14 18 20 26 32 36 38 44 50 54 56 62 68 72 74 80 86 90 
 Total col=25, Total row=22
 bc#: 1948
 c: 3 6 11 20 29 34 35 37 40 41 46 47 49 52 55 58 60 63 66 72 75 78 99 
 r: 92 99 2 9 11 14 15 20 27 29 32 33 38 45 47 50 51 56 63 65 68 69 74 81 83 86 87 
 Total col=23, Total row=27
 bc#: 1949
 c: 1 4 9 13 15 16 18 21 24 26 27 32 44 51 57 65 68 71 77 80 82 83 86 88 89 91 94 96 97 
 r: 92 100 2 10 12 14 16 20 28 30 32 34 38 46 48 50 52 56 64 66 68 70 74 82 84 86 88 
 Total col=29, Total row=27
 bc#: 1950
 c: 2 10 14 19 29 31 40 42 46 48 51 53 60 65 66 68 71 74 76 79 85 86 88 91 93 94 96 99 
 r: 93 94 3 4 13 21 22 31 39 40 49 57 58 67 75 76 85 
 Total col=28, Total row=17
 bc#: 1951
 c: 5 6 8 13 17 22 23 25 28 34 36 39 45 54 56 59 62 73 80 82 100 
 r: 93 95 3 5 13 21 23 31 39 41 49 57 59 67 75 77 85 
 Total col=21, Total row=17
 bc#: 1952
 c: 10 19 29 31 40 42 46 48 51 53 54 59 60 62 65 68 71 73 76 79 82 86 93 
 r: 93 96 3 6 13 21 24 31 39 42 49 57 60 67 75 78 85 
 Total col=23, Total row=17
 bc#: 1953
 c: 2 5 6 8 14 17 22 28 34 36 39 40 42 45 46 48 51 54 60 66 76 82 88 93 94 96 99 100 
 r: 93 97 3 7 13 17 21 25 31 35 39 43 49 53 57 61 67 71 75 79 85 89 
 Total col=28, Total row=22
 bc#: 1954
 c: 10 13 19 22 25 28 31 42 45 48 51 53 54 56 60 65 66 73 76 79 82 85 88 91 93 94 
 r: 93 98 3 8 13 18 21 26 31 36 39 44 49 54 57 62 67 72 75 80 85 90 
 Total col=26, Total row=22
 bc#: 1955
 c: 5 6 8 14 17 22 23 25 28 29 31 34 40 46 60 66 73 79 93 99 
 r: 93 99 3 9 11 13 15 21 27 29 31 33 39 45 47 49 51 57 63 65 67 69 75 81 83 85 87 
 Total col=20, Total row=27
 bc#: 1956
 c: 2 10 13 19 36 39 42 45 48 51 53 54 56 59 62 65 68 71 74 76 80 82 85 86 88 91 94 96 100 
 r: 93 100 3 10 12 13 16 21 28 30 31 34 39 46 48 49 52 57 64 66 67 70 75 82 84 85 88 
 Total col=29, Total row=27
 bc#: 1957
 c: 2 4 12 14 21 24 27 40 42 46 48 51 57 58 60 63 66 70 76 81 88 93 94 96 99 
 r: 94 97 4 7 17 22 25 35 40 43 53 58 61 71 76 79 89 
 Total col=25, Total row=17
 bc#: 1958
 c: 1 4 7 9 10 16 18 19 27 31 32 35 37 38 42 48 51 53 57 60 63 65 66 70 76 79 81 85 88 91 93 94 98 
 r: 94 98 4 8 18 22 26 36 40 44 54 58 62 72 76 80 90 
 Total col=33, Total row=17
 bc#: 1959
 c: 12 14 29 31 35 37 40 43 46 49 55 58 60 63 66 79 81 93 98 99 
 r: 94 99 4 9 11 15 22 27 29 33 40 45 47 51 58 63 65 69 76 81 83 87 
 Total col=20, Total row=22
 bc#: 1960
 c: 3 15 54 59 62 64 73 75 82 84 87 90 92 95 97 
 r: 95 96 5 6 23 24 41 42 59 60 77 78 
 Total col=15, Total row=12
 bc#: 1961
 c: 5 6 8 11 17 20 22 28 30 33 34 36 39 45 52 54 64 69 72 75 78 82 84 87 90 100 
 r: 95 97 5 7 17 23 25 35 41 43 53 59 61 71 77 79 89 
 Total col=26, Total row=17
 bc#: 1962
 c: 13 15 22 25 28 41 45 47 54 56 69 73 75 82 84 97 
 r: 95 98 5 8 18 23 26 36 41 44 54 59 62 72 77 80 90 
 Total col=16, Total row=17
 bc#: 1963
 c: 3 5 6 8 11 17 20 22 23 25 28 34 41 47 52 61 67 69 72 73 75 78 84 87 90 92 95 
 r: 95 99 5 9 11 15 23 27 29 33 41 45 47 51 59 63 65 69 77 81 83 87 
 Total col=27, Total row=22
 bc#: 1964
 c: 13 15 30 33 36 39 44 45 50 54 56 59 62 64 80 82 89 97 100 
 r: 95 100 5 10 12 16 23 28 30 34 41 46 48 52 59 64 66 70 77 82 84 88 
 Total col=19, Total row=22
 bc#: 1965
 c: 4 12 21 24 27 40 42 46 48 51 54 57 60 64 70 75 76 81 82 84 87 90 93 
 r: 96 97 6 7 17 24 25 35 42 43 53 60 61 71 78 79 89 
 Total col=23, Total row=17
 bc#: 1966
 c: 1 4 7 9 10 15 16 18 19 27 31 32 35 37 38 42 48 51 53 54 57 60 65 70 73 75 76 79 81 82 84 93 97 98 
 r: 96 98 6 8 18 24 26 36 42 44 54 60 62 72 78 80 90 
 Total col=34, Total row=17
 bc#: 1967
 c: 3 12 29 31 35 37 40 43 46 49 60 73 75 79 81 84 87 90 92 93 95 98 
 r: 96 99 6 9 11 15 24 27 29 33 42 45 47 51 60 63 65 69 78 81 83 87 
 Total col=22, Total row=22
 bc#: 1968
 c: 1 4 7 9 10 15 16 18 19 21 24 26 27 32 38 42 48 51 53 54 57 59 62 64 65 68 70 71 76 82 86 97 
 r: 96 100 6 10 12 16 24 28 30 34 42 46 48 52 60 64 66 70 78 82 84 88 
 Total col=32, Total row=22
 bc#: 1969
 c: 5 6 8 11 12 14 17 20 22 28 34 40 46 52 58 60 63 66 69 72 75 78 81 84 87 90 93 99 
 r: 97 99 7 9 11 15 17 25 27 29 33 35 43 45 47 51 53 61 63 65 69 71 79 81 83 87 89 
 Total col=28, Total row=27
 bc#: 1970
 c: 2 4 21 24 27 30 33 36 39 42 45 48 51 54 57 64 70 76 82 88 94 96 100 
 r: 97 100 7 10 12 16 17 25 28 30 34 35 43 46 48 52 53 61 64 66 70 71 79 82 84 88 89 
 Total col=23, Total row=27
 bc#: 1971
 c: 22 25 28 31 35 37 41 47 60 63 66 69 73 75 79 81 84 93 98 
 r: 98 99 8 9 11 15 18 26 27 29 33 36 44 45 47 51 54 62 63 65 69 72 80 81 83 87 90 
 Total col=19, Total row=27
 bc#: 1972
 c: 1 4 7 9 10 13 15 16 18 19 27 32 38 42 45 48 51 53 54 56 57 65 70 76 82 85 88 91 94 97 
 r: 98 100 8 10 12 16 18 26 28 30 34 36 44 46 48 52 54 62 64 66 70 72 80 82 84 88 90 
 Total col=30, Total row=27
 bc#: 1973
 c: 5 6 8 11 12 14 17 20 22 28 34 40 46 52 58 60 63 66 69 72 75 78 81 84 87 90 93 99 
 r: 25 27 7 9 11 15 17 29 33 35 43 45 47 51 53 61 63 65 69 71 79 81 83 87 89 97 99 
 Total col=28, Total row=27
 bc#: 1974
 c: 2 4 21 24 27 30 33 36 39 42 45 48 51 54 57 64 70 76 82 88 94 96 100 
 r: 25 28 7 10 12 16 17 30 34 35 43 46 48 52 53 61 64 66 70 71 79 82 84 88 89 97 100 
 Total col=23, Total row=27
 bc#: 1975
 c: 5 6 8 11 12 14 17 20 22 28 34 40 46 52 58 60 63 66 69 72 75 78 81 84 87 90 93 99 
 r: 25 29 7 9 11 15 17 27 33 35 43 45 47 51 53 61 63 65 69 71 79 81 83 87 89 97 99 
 Total col=28, Total row=27
 bc#: 1976
 c: 2 4 21 24 27 30 33 36 39 42 45 48 51 54 57 64 70 76 82 88 94 96 100 
 r: 25 30 7 10 12 16 17 28 34 35 43 46 48 52 53 61 64 66 70 71 79 82 84 88 89 97 100 
 Total col=23, Total row=27
 bc#: 1977
 c: 2 5 6 8 14 17 22 28 34 36 39 40 42 45 46 48 51 54 60 66 76 82 88 93 94 96 99 100 
 r: 25 31 3 7 13 17 21 35 39 43 49 53 57 61 67 71 75 79 85 89 93 97 
 Total col=28, Total row=22
 bc#: 1978
 c: 4 6 11 20 21 24 27 34 40 46 51 52 57 58 60 63 66 72 75 78 82 88 94 96 99 
 r: 25 32 2 7 14 17 20 35 38 43 50 53 56 61 68 71 74 79 86 89 92 97 
 Total col=25, Total row=22
 bc#: 1979
 c: 5 6 8 11 12 14 17 20 22 28 34 40 46 52 58 60 63 66 69 72 75 78 81 84 87 90 93 99 
 r: 25 33 7 9 11 15 17 27 29 35 43 45 47 51 53 61 63 65 69 71 79 81 83 87 89 97 99 
 Total col=28, Total row=27
 bc#: 1980
 c: 2 4 21 24 27 30 33 36 39 42 45 48 51 54 57 64 70 76 82 88 94 96 100 
 r: 25 34 7 10 12 16 17 28 30 35 43 46 48 52 53 61 64 66 70 71 79 82 84 88 89 97 100 
 Total col=23, Total row=27
 bc#: 1981
 c: 2 4 8 11 14 17 22 28 30 39 45 46 52 58 60 66 76 81 84 87 94 100 
 r: 25 37 7 17 19 35 43 53 55 61 71 73 79 89 91 97 
 Total col=22, Total row=16
 bc#: 1982
 c: 4 6 11 20 21 24 27 34 40 46 51 52 57 58 60 63 66 72 75 78 82 88 94 96 99 
 r: 25 38 2 7 14 17 20 32 35 43 50 53 56 61 68 71 74 79 86 89 92 97 
 Total col=25, Total row=22
 bc#: 1983
 c: 2 5 6 8 14 17 22 28 34 36 39 40 42 45 46 48 51 54 60 66 76 82 88 93 94 96 99 100 
 r: 25 39 3 7 13 17 21 31 35 43 49 53 57 61 67 71 75 79 85 89 93 97 
 Total col=28, Total row=22
 bc#: 1984
 c: 2 4 12 14 21 24 27 40 42 46 48 51 57 58 60 63 66 70 76 81 88 93 94 96 99 
 r: 25 40 4 7 17 22 35 43 53 58 61 71 76 79 89 94 97 
 Total col=25, Total row=17
 bc#: 1985
 c: 5 6 8 11 17 20 22 28 30 33 34 36 39 45 52 54 64 69 72 75 78 82 84 87 90 100 
 r: 25 41 5 7 17 23 35 43 53 59 61 71 77 79 89 95 97 
 Total col=26, Total row=17
 bc#: 1986
 c: 4 12 21 24 27 40 42 46 48 51 54 57 60 64 70 75 76 81 82 84 87 90 93 
 r: 25 42 6 7 17 24 35 43 53 60 61 71 78 79 89 96 97 
 Total col=23, Total row=17
 bc#: 1987
 c: 5 6 8 11 12 14 17 20 22 28 34 40 46 52 58 60 63 66 69 72 75 78 81 84 87 90 93 99 
 r: 25 45 7 9 11 15 17 27 29 33 35 43 47 51 53 61 63 65 69 71 79 81 83 87 89 97 99 
 Total col=28, Total row=27
 bc#: 1988
 c: 2 4 21 24 27 30 33 36 39 42 45 48 51 54 57 64 70 76 82 88 94 96 100 
 r: 25 46 7 10 12 16 17 28 30 34 35 43 48 52 53 61 64 66 70 71 79 82 84 88 89 97 100 
 Total col=23, Total row=27
 bc#: 1989
 c: 5 6 8 11 12 14 17 20 22 28 34 40 46 52 58 60 63 66 69 72 75 78 81 84 87 90 93 99 
 r: 25 47 7 9 11 15 17 27 29 33 35 43 45 51 53 61 63 65 69 71 79 81 83 87 89 97 99 
 Total col=28, Total row=27
 bc#: 1990
 c: 2 4 21 24 27 30 33 36 39 42 45 48 51 54 57 64 70 76 82 88 94 96 100 
 r: 25 48 7 10 12 16 17 28 30 34 35 43 46 52 53 61 64 66 70 71 79 82 84 88 89 97 100 
 Total col=23, Total row=27
 bc#: 1991
 c: 2 5 6 8 14 17 22 28 34 36 39 40 42 45 46 48 51 54 60 66 76 82 88 93 94 96 99 100 
 r: 25 49 3 7 13 17 21 31 35 39 43 53 57 61 67 71 75 79 85 89 93 97 
 Total col=28, Total row=22
 bc#: 1992
 c: 4 6 11 20 21 24 27 34 40 46 51 52 57 58 60 63 66 72 75 78 82 88 94 96 99 
 r: 25 50 2 7 14 17 20 32 35 38 43 53 56 61 68 71 74 79 86 89 92 97 
 Total col=25, Total row=22
 bc#: 1993
 c: 5 6 8 11 12 14 17 20 22 28 34 40 46 52 58 60 63 66 69 72 75 78 81 84 87 90 93 99 
 r: 25 51 7 9 11 15 17 27 29 33 35 43 45 47 53 61 63 65 69 71 79 81 83 87 89 97 99 
 Total col=28, Total row=27
 bc#: 1994
 c: 2 4 21 24 27 30 33 36 39 42 45 48 51 54 57 64 70 76 82 88 94 96 100 
 r: 25 52 7 10 12 16 17 28 30 34 35 43 46 48 53 61 64 66 70 71 79 82 84 88 89 97 100 
 Total col=23, Total row=27
 bc#: 1995
 c: 2 4 8 11 14 17 22 28 30 39 45 46 52 58 60 66 76 81 84 87 94 100 
 r: 25 55 7 17 19 35 37 43 53 61 71 73 79 89 91 97 
 Total col=22, Total row=16
 bc#: 1996
 c: 4 6 11 20 21 24 27 34 40 46 51 52 57 58 60 63 66 72 75 78 82 88 94 96 99 
 r: 25 56 2 7 14 17 20 32 35 38 43 50 53 61 68 71 74 79 86 89 92 97 
 Total col=25, Total row=22
 bc#: 1997
 c: 2 5 6 8 14 17 22 28 34 36 39 40 42 45 46 48 51 54 60 66 76 82 88 93 94 96 99 100 
 r: 25 57 3 7 13 17 21 31 35 39 43 49 53 61 67 71 75 79 85 89 93 97 
 Total col=28, Total row=22
 bc#: 1998
 c: 2 4 12 14 21 24 27 40 42 46 48 51 57 58 60 63 66 70 76 81 88 93 94 96 99 
 r: 25 58 4 7 17 22 35 40 43 53 61 71 76 79 89 94 97 
 Total col=25, Total row=17
 bc#: 1999
 c: 5 6 8 11 17 20 22 28 30 33 34 36 39 45 52 54 64 69 72 75 78 82 84 87 90 100 
 r: 25 59 5 7 17 23 35 41 43 53 61 71 77 79 89 95 97 
 Total col=26, Total row=17
 bc#: 2000
 c: 4 12 21 24 27 40 42 46 48 51 54 57 60 64 70 75 76 81 82 84 87 90 93 
 r: 25 60 6 7 17 24 35 42 43 53 61 71 78 79 89 96 97 
 Total col=23, Total row=17
 bc#: 2001
 c: 5 6 8 11 12 14 17 20 22 28 34 40 46 52 58 60 63 66 69 72 75 78 81 84 87 90 93 99 
 r: 25 63 7 9 11 15 17 27 29 33 35 43 45 47 51 53 61 65 69 71 79 81 83 87 89 97 99 
 Total col=28, Total row=27
 bc#: 2002
 c: 2 4 21 24 27 30 33 36 39 42 45 48 51 54 57 64 70 76 82 88 94 96 100 
 r: 25 64 7 10 12 16 17 28 30 34 35 43 46 48 52 53 61 66 70 71 79 82 84 88 89 97 100 
 Total col=23, Total row=27
 bc#: 2003
 c: 5 6 8 11 12 14 17 20 22 28 34 40 46 52 58 60 63 66 69 72 75 78 81 84 87 90 93 99 
 r: 25 65 7 9 11 15 17 27 29 33 35 43 45 47 51 53 61 63 69 71 79 81 83 87 89 97 99 
 Total col=28, Total row=27
 bc#: 2004
 c: 2 4 21 24 27 30 33 36 39 42 45 48 51 54 57 64 70 76 82 88 94 96 100 
 r: 25 66 7 10 12 16 17 28 30 34 35 43 46 48 52 53 61 64 70 71 79 82 84 88 89 97 100 
 Total col=23, Total row=27
 bc#: 2005
 c: 2 5 6 8 14 17 22 28 34 36 39 40 42 45 46 48 51 54 60 66 76 82 88 93 94 96 99 100 
 r: 25 67 3 7 13 17 21 31 35 39 43 49 53 57 61 71 75 79 85 89 93 97 
 Total col=28, Total row=22
 bc#: 2006
 c: 4 6 11 20 21 24 27 34 40 46 51 52 57 58 60 63 66 72 75 78 82 88 94 96 99 
 r: 25 68 2 7 14 17 20 32 35 38 43 50 53 56 61 71 74 79 86 89 92 97 
 Total col=25, Total row=22
 bc#: 2007
 c: 5 6 8 11 12 14 17 20 22 28 34 40 46 52 58 60 63 66 69 72 75 78 81 84 87 90 93 99 
 r: 25 69 7 9 11 15 17 27 29 33 35 43 45 47 51 53 61 63 65 71 79 81 83 87 89 97 99 
 Total col=28, Total row=27
 bc#: 2008
 c: 2 4 21 24 27 30 33 36 39 42 45 48 51 54 57 64 70 76 82 88 94 96 100 
 r: 25 70 7 10 12 16 17 28 30 34 35 43 46 48 52 53 61 64 66 71 79 82 84 88 89 97 100 
 Total col=23, Total row=27
 bc#: 2009
 c: 2 4 8 11 14 17 22 28 30 39 45 46 52 58 60 66 76 81 84 87 94 100 
 r: 25 73 7 17 19 35 37 43 53 55 61 71 79 89 91 97 
 Total col=22, Total row=16
 bc#: 2010
 c: 4 6 11 20 21 24 27 34 40 46 51 52 57 58 60 63 66 72 75 78 82 88 94 96 99 
 r: 25 74 2 7 14 17 20 32 35 38 43 50 53 56 61 68 71 79 86 89 92 97 
 Total col=25, Total row=22
 bc#: 2011
 c: 2 5 6 8 14 17 22 28 34 36 39 40 42 45 46 48 51 54 60 66 76 82 88 93 94 96 99 100 
 r: 25 75 3 7 13 17 21 31 35 39 43 49 53 57 61 67 71 79 85 89 93 97 
 Total col=28, Total row=22
 bc#: 2012
 c: 2 4 12 14 21 24 27 40 42 46 48 51 57 58 60 63 66 70 76 81 88 93 94 96 99 
 r: 25 76 4 7 17 22 35 40 43 53 58 61 71 79 89 94 97 
 Total col=25, Total row=17
 bc#: 2013
 c: 5 6 8 11 17 20 22 28 30 33 34 36 39 45 52 54 64 69 72 75 78 82 84 87 90 100 
 r: 25 77 5 7 17 23 35 41 43 53 59 61 71 79 89 95 97 
 Total col=26, Total row=17
 bc#: 2014
 c: 4 12 21 24 27 40 42 46 48 51 54 57 60 64 70 75 76 81 82 84 87 90 93 
 r: 25 78 6 7 17 24 35 42 43 53 60 61 71 79 89 96 97 
 Total col=23, Total row=17
 bc#: 2015
 c: 5 6 8 11 12 14 17 20 22 28 34 40 46 52 58 60 63 66 69 72 75 78 81 84 87 90 93 99 
 r: 25 81 7 9 11 15 17 27 29 33 35 43 45 47 51 53 61 63 65 69 71 79 83 87 89 97 99 
 Total col=28, Total row=27
 bc#: 2016
 c: 2 4 21 24 27 30 33 36 39 42 45 48 51 54 57 64 70 76 82 88 94 96 100 
 r: 25 82 7 10 12 16 17 28 30 34 35 43 46 48 52 53 61 64 66 70 71 79 84 88 89 97 100 
 Total col=23, Total row=27
 bc#: 2017
 c: 5 6 8 11 12 14 17 20 22 28 34 40 46 52 58 60 63 66 69 72 75 78 81 84 87 90 93 99 
 r: 25 83 7 9 11 15 17 27 29 33 35 43 45 47 51 53 61 63 65 69 71 79 81 87 89 97 99 
 Total col=28, Total row=27
 bc#: 2018
 c: 2 4 21 24 27 30 33 36 39 42 45 48 51 54 57 64 70 76 82 88 94 96 100 
 r: 25 84 7 10 12 16 17 28 30 34 35 43 46 48 52 53 61 64 66 70 71 79 82 88 89 97 100 
 Total col=23, Total row=27
 bc#: 2019
 c: 2 5 6 8 14 17 22 28 34 36 39 40 42 45 46 48 51 54 60 66 76 82 88 93 94 96 99 100 
 r: 25 85 3 7 13 17 21 31 35 39 43 49 53 57 61 67 71 75 79 89 93 97 
 Total col=28, Total row=22
 bc#: 2020
 c: 4 6 11 20 21 24 27 34 40 46 51 52 57 58 60 63 66 72 75 78 82 88 94 96 99 
 r: 25 86 2 7 14 17 20 32 35 38 43 50 53 56 61 68 71 74 79 89 92 97 
 Total col=25, Total row=22
 bc#: 2021
 c: 5 6 8 11 12 14 17 20 22 28 34 40 46 52 58 60 63 66 69 72 75 78 81 84 87 90 93 99 
 r: 25 87 7 9 11 15 17 27 29 33 35 43 45 47 51 53 61 63 65 69 71 79 81 83 89 97 99 
 Total col=28, Total row=27
 bc#: 2022
 c: 2 4 21 24 27 30 33 36 39 42 45 48 51 54 57 64 70 76 82 88 94 96 100 
 r: 25 88 7 10 12 16 17 28 30 34 35 43 46 48 52 53 61 64 66 70 71 79 82 84 89 97 100 
 Total col=23, Total row=27
 bc#: 2023
 c: 2 4 8 11 14 17 22 28 30 39 45 46 52 58 60 66 76 81 84 87 94 100 
 r: 25 91 7 17 19 35 37 43 53 55 61 71 73 79 89 97 
 Total col=22, Total row=16
 bc#: 2024
 c: 4 6 11 20 21 24 27 34 40 46 51 52 57 58 60 63 66 72 75 78 82 88 94 96 99 
 r: 25 92 2 7 14 17 20 32 35 38 43 50 53 56 61 68 71 74 79 86 89 97 
 Total col=25, Total row=22
 bc#: 2025
 c: 2 5 6 8 14 17 22 28 34 36 39 40 42 45 46 48 51 54 60 66 76 82 88 93 94 96 99 100 
 r: 25 93 3 7 13 17 21 31 35 39 43 49 53 57 61 67 71 75 79 85 89 97 
 Total col=28, Total row=22
 bc#: 2026
 c: 2 4 12 14 21 24 27 40 42 46 48 51 57 58 60 63 66 70 76 81 88 93 94 96 99 
 r: 25 94 4 7 17 22 35 40 43 53 58 61 71 76 79 89 97 
 Total col=25, Total row=17
 bc#: 2027
 c: 5 6 8 11 17 20 22 28 30 33 34 36 39 45 52 54 64 69 72 75 78 82 84 87 90 100 
 r: 25 95 5 7 17 23 35 41 43 53 59 61 71 77 79 89 97 
 Total col=26, Total row=17
 bc#: 2028
 c: 4 12 21 24 27 40 42 46 48 51 54 57 60 64 70 75 76 81 82 84 87 90 93 
 r: 25 96 6 7 17 24 35 42 43 53 60 61 71 78 79 89 97 
 Total col=23, Total row=17
 bc#: 2029
 c: 5 6 8 11 12 14 17 20 22 28 34 40 46 52 58 60 63 66 69 72 75 78 81 84 87 90 93 99 
 r: 25 99 7 9 11 15 17 27 29 33 35 43 45 47 51 53 61 63 65 69 71 79 81 83 87 89 97 
 Total col=28, Total row=27
 bc#: 2030
 c: 2 4 21 24 27 30 33 36 39 42 45 48 51 54 57 64 70 76 82 88 94 96 100 
 r: 25 100 7 10 12 16 17 28 30 34 35 43 46 48 52 53 61 64 66 70 71 79 82 84 88 89 97 
 Total col=23, Total row=27
 bc#: 2031
 c: 22 25 28 31 35 37 41 47 60 63 66 69 73 75 79 81 84 93 98 
 r: 26 27 8 9 11 15 18 29 33 36 44 45 47 51 54 62 63 65 69 72 80 81 83 87 90 98 99 
 Total col=19, Total row=27
 bc#: 2032
 c: 1 4 7 9 10 13 15 16 18 19 27 32 38 42 45 48 51 53 54 56 57 65 70 76 82 85 88 91 94 97 
 r: 26 28 8 10 12 16 18 30 34 36 44 46 48 52 54 62 64 66 70 72 80 82 84 88 90 98 100 
 Total col=30, Total row=27
 bc#: 2033
 c: 22 25 28 31 35 37 41 47 60 63 66 69 73 75 79 81 84 93 98 
 r: 26 29 8 9 11 15 18 27 33 36 44 45 47 51 54 62 63 65 69 72 80 81 83 87 90 98 99 
 Total col=19, Total row=27
 bc#: 2034
 c: 1 4 7 9 10 13 15 16 18 19 27 32 38 42 45 48 51 53 54 56 57 65 70 76 82 85 88 91 94 97 
 r: 26 30 8 10 12 16 18 28 34 36 44 46 48 52 54 62 64 66 70 72 80 82 84 88 90 98 100 
 Total col=30, Total row=27
 bc#: 2035
 c: 10 13 19 22 25 28 31 42 45 48 51 53 54 56 60 65 66 73 76 79 82 85 88 91 93 94 
 r: 26 31 3 8 13 18 21 36 39 44 49 54 57 62 67 72 75 80 85 90 93 98 
 Total col=26, Total row=22
 bc#: 2036
 c: 1 4 9 13 15 16 18 27 32 35 37 41 47 51 57 60 63 65 66 75 82 88 91 94 97 
 r: 26 32 2 8 14 18 20 36 38 44 50 54 56 62 68 72 74 80 86 90 92 98 
 Total col=25, Total row=22
 bc#: 2037
 c: 22 25 28 31 35 37 41 47 60 63 66 69 73 75 79 81 84 93 98 
 r: 26 33 8 9 11 15 18 27 29 36 44 45 47 51 54 62 63 65 69 72 80 81 83 87 90 98 99 
 Total col=19, Total row=27
 bc#: 2038
 c: 1 4 7 9 10 13 15 16 18 19 27 32 38 42 45 48 51 53 54 56 57 65 70 76 82 85 88 91 94 97 
 r: 26 34 8 10 12 16 18 28 30 36 44 46 48 52 54 62 64 66 70 72 80 82 84 88 90 98 100 
 Total col=30, Total row=27
 bc#: 2039
 c: 4 7 10 16 19 22 25 28 31 32 35 38 41 45 53 60 65 66 73 76 79 81 84 94 97 
 r: 26 37 8 18 19 36 44 54 55 62 72 73 80 90 91 98 
 Total col=25, Total row=16
 bc#: 2040
 c: 1 4 9 13 15 16 18 27 32 35 37 41 47 51 57 60 63 65 66 75 82 88 91 94 97 
 r: 26 38 2 8 14 18 20 32 36 44 50 54 56 62 68 72 74 80 86 90 92 98 
 Total col=25, Total row=22
 bc#: 2041
 c: 10 13 19 22 25 28 31 42 45 48 51 53 54 56 60 65 66 73 76 79 82 85 88 91 93 94 
 r: 26 39 3 8 13 18 21 31 36 44 49 54 57 62 67 72 75 80 85 90 93 98 
 Total col=26, Total row=22
 bc#: 2042
 c: 1 4 7 9 10 16 18 19 27 31 32 35 37 38 42 48 51 53 57 60 63 65 66 70 76 79 81 85 88 91 93 94 98 
 r: 26 40 4 8 18 22 36 44 54 58 62 72 76 80 90 94 98 
 Total col=33, Total row=17
 bc#: 2043
 c: 13 15 22 25 28 41 45 47 54 56 69 73 75 82 84 97 
 r: 26 41 5 8 18 23 36 44 54 59 62 72 77 80 90 95 98 
 Total col=16, Total row=17
 bc#: 2044
 c: 1 4 7 9 10 15 16 18 19 27 31 32 35 37 38 42 48 51 53 54 57 60 65 70 73 75 76 79 81 82 84 93 97 98 
 r: 26 42 6 8 18 24 36 44 54 60 62 72 78 80 90 96 98 
 Total col=34, Total row=17
 bc#: 2045
 c: 22 25 28 31 35 37 41 47 60 63 66 69 73 75 79 81 84 93 98 
 r: 26 45 8 9 11 15 18 27 29 33 36 44 47 51 54 62 63 65 69 72 80 81 83 87 90 98 99 
 Total col=19, Total row=27
 bc#: 2046
 c: 1 4 7 9 10 13 15 16 18 19 27 32 38 42 45 48 51 53 54 56 57 65 70 76 82 85 88 91 94 97 
 r: 26 46 8 10 12 16 18 28 30 34 36 44 48 52 54 62 64 66 70 72 80 82 84 88 90 98 100 
 Total col=30, Total row=27
 bc#: 2047
 c: 22 25 28 31 35 37 41 47 60 63 66 69 73 75 79 81 84 93 98 
 r: 26 47 8 9 11 15 18 27 29 33 36 44 45 51 54 62 63 65 69 72 80 81 83 87 90 98 99 
 Total col=19, Total row=27
 bc#: 2048
 c: 1 4 7 9 10 13 15 16 18 19 27 32 38 42 45 48 51 53 54 56 57 65 70 76 82 85 88 91 94 97 
 r: 26 48 8 10 12 16 18 28 30 34 36 44 46 52 54 62 64 66 70 72 80 82 84 88 90 98 100 
 Total col=30, Total row=27
 bc#: 2049
 c: 10 13 19 22 25 28 31 42 45 48 51 53 54 56 60 65 66 73 76 79 82 85 88 91 93 94 
 r: 26 49 3 8 13 18 21 31 36 39 44 54 57 62 67 72 75 80 85 90 93 98 
 Total col=26, Total row=22
 bc#: 2050
 c: 1 4 9 13 15 16 18 27 32 35 37 41 47 51 57 60 63 65 66 75 82 88 91 94 97 
 r: 26 50 2 8 14 18 20 32 36 38 44 54 56 62 68 72 74 80 86 90 92 98 
 Total col=25, Total row=22
 bc#: 2051
 c: 22 25 28 31 35 37 41 47 60 63 66 69 73 75 79 81 84 93 98 
 r: 26 51 8 9 11 15 18 27 29 33 36 44 45 47 54 62 63 65 69 72 80 81 83 87 90 98 99 
 Total col=19, Total row=27
 bc#: 2052
 c: 1 4 7 9 10 13 15 16 18 19 27 32 38 42 45 48 51 53 54 56 57 65 70 76 82 85 88 91 94 97 
 r: 26 52 8 10 12 16 18 28 30 34 36 44 46 48 54 62 64 66 70 72 80 82 84 88 90 98 100 
 Total col=30, Total row=27
 bc#: 2053
 c: 4 7 10 16 19 22 25 28 31 32 35 38 41 45 53 60 65 66 73 76 79 81 84 94 97 
 r: 26 55 8 18 19 36 37 44 54 62 72 73 80 90 91 98 
 Total col=25, Total row=16
 bc#: 2054
 c: 1 4 9 13 15 16 18 27 32 35 37 41 47 51 57 60 63 65 66 75 82 88 91 94 97 
 r: 26 56 2 8 14 18 20 32 36 38 44 50 54 62 68 72 74 80 86 90 92 98 
 Total col=25, Total row=22
 bc#: 2055
 c: 10 13 19 22 25 28 31 42 45 48 51 53 54 56 60 65 66 73 76 79 82 85 88 91 93 94 
 r: 26 57 3 8 13 18 21 31 36 39 44 49 54 62 67 72 75 80 85 90 93 98 
 Total col=26, Total row=22
 bc#: 2056
 c: 1 4 7 9 10 16 18 19 27 31 32 35 37 38 42 48 51 53 57 60 63 65 66 70 76 79 81 85 88 91 93 94 98 
 r: 26 58 4 8 18 22 36 40 44 54 62 72 76 80 90 94 98 
 Total col=33, Total row=17
 bc#: 2057
 c: 13 15 22 25 28 41 45 47 54 56 69 73 75 82 84 97 
 r: 26 59 5 8 18 23 36 41 44 54 62 72 77 80 90 95 98 
 Total col=16, Total row=17
 bc#: 2058
 c: 1 4 7 9 10 15 16 18 19 27 31 32 35 37 38 42 48 51 53 54 57 60 65 70 73 75 76 79 81 82 84 93 97 98 
 r: 26 60 6 8 18 24 36 42 44 54 62 72 78 80 90 96 98 
 Total col=34, Total row=17
 bc#: 2059
 c: 22 25 28 31 35 37 41 47 60 63 66 69 73 75 79 81 84 93 98 
 r: 26 63 8 9 11 15 18 27 29 33 36 44 45 47 51 54 62 65 69 72 80 81 83 87 90 98 99 
 Total col=19, Total row=27
 bc#: 2060
 c: 1 4 7 9 10 13 15 16 18 19 27 32 38 42 45 48 51 53 54 56 57 65 70 76 82 85 88 91 94 97 
 r: 26 64 8 10 12 16 18 28 30 34 36 44 46 48 52 54 62 66 70 72 80 82 84 88 90 98 100 
 Total col=30, Total row=27
 bc#: 2061
 c: 22 25 28 31 35 37 41 47 60 63 66 69 73 75 79 81 84 93 98 
 r: 26 65 8 9 11 15 18 27 29 33 36 44 45 47 51 54 62 63 69 72 80 81 83 87 90 98 99 
 Total col=19, Total row=27
 bc#: 2062
 c: 1 4 7 9 10 13 15 16 18 19 27 32 38 42 45 48 51 53 54 56 57 65 70 76 82 85 88 91 94 97 
 r: 26 66 8 10 12 16 18 28 30 34 36 44 46 48 52 54 62 64 70 72 80 82 84 88 90 98 100 
 Total col=30, Total row=27
 bc#: 2063
 c: 10 13 19 22 25 28 31 42 45 48 51 53 54 56 60 65 66 73 76 79 82 85 88 91 93 94 
 r: 26 67 3 8 13 18 21 31 36 39 44 49 54 57 62 72 75 80 85 90 93 98 
 Total col=26, Total row=22
 bc#: 2064
 c: 1 4 9 13 15 16 18 27 32 35 37 41 47 51 57 60 63 65 66 75 82 88 91 94 97 
 r: 26 68 2 8 14 18 20 32 36 38 44 50 54 56 62 72 74 80 86 90 92 98 
 Total col=25, Total row=22
 bc#: 2065
 c: 22 25 28 31 35 37 41 47 60 63 66 69 73 75 79 81 84 93 98 
 r: 26 69 8 9 11 15 18 27 29 33 36 44 45 47 51 54 62 63 65 72 80 81 83 87 90 98 99 
 Total col=19, Total row=27
 bc#: 2066
 c: 1 4 7 9 10 13 15 16 18 19 27 32 38 42 45 48 51 53 54 56 57 65 70 76 82 85 88 91 94 97 
 r: 26 70 8 10 12 16 18 28 30 34 36 44 46 48 52 54 62 64 66 72 80 82 84 88 90 98 100 
 Total col=30, Total row=27
 bc#: 2067
 c: 4 7 10 16 19 22 25 28 31 32 35 38 41 45 53 60 65 66 73 76 79 81 84 94 97 
 r: 26 73 8 18 19 36 37 44 54 55 62 72 80 90 91 98 
 Total col=25, Total row=16
 bc#: 2068
 c: 1 4 9 13 15 16 18 27 32 35 37 41 47 51 57 60 63 65 66 75 82 88 91 94 97 
 r: 26 74 2 8 14 18 20 32 36 38 44 50 54 56 62 68 72 80 86 90 92 98 
 Total col=25, Total row=22
 bc#: 2069
 c: 10 13 19 22 25 28 31 42 45 48 51 53 54 56 60 65 66 73 76 79 82 85 88 91 93 94 
 r: 26 75 3 8 13 18 21 31 36 39 44 49 54 57 62 67 72 80 85 90 93 98 
 Total col=26, Total row=22
 bc#: 2070
 c: 1 4 7 9 10 16 18 19 27 31 32 35 37 38 42 48 51 53 57 60 63 65 66 70 76 79 81 85 88 91 93 94 98 
 r: 26 76 4 8 18 22 36 40 44 54 58 62 72 80 90 94 98 
 Total col=33, Total row=17
 bc#: 2071
 c: 13 15 22 25 28 41 45 47 54 56 69 73 75 82 84 97 
 r: 26 77 5 8 18 23 36 41 44 54 59 62 72 80 90 95 98 
 Total col=16, Total row=17
 bc#: 2072
 c: 1 4 7 9 10 15 16 18 19 27 31 32 35 37 38 42 48 51 53 54 57 60 65 70 73 75 76 79 81 82 84 93 97 98 
 r: 26 78 6 8 18 24 36 42 44 54 60 62 72 80 90 96 98 
 Total col=34, Total row=17
 bc#: 2073
 c: 22 25 28 31 35 37 41 47 60 63 66 69 73 75 79 81 84 93 98 
 r: 26 81 8 9 11 15 18 27 29 33 36 44 45 47 51 54 62 63 65 69 72 80 83 87 90 98 99 
 Total col=19, Total row=27
 bc#: 2074
 c: 1 4 7 9 10 13 15 16 18 19 27 32 38 42 45 48 51 53 54 56 57 65 70 76 82 85 88 91 94 97 
 r: 26 82 8 10 12 16 18 28 30 34 36 44 46 48 52 54 62 64 66 70 72 80 84 88 90 98 100 
 Total col=30, Total row=27
 bc#: 2075
 c: 22 25 28 31 35 37 41 47 60 63 66 69 73 75 79 81 84 93 98 
 r: 26 83 8 9 11 15 18 27 29 33 36 44 45 47 51 54 62 63 65 69 72 80 81 87 90 98 99 
 Total col=19, Total row=27
 bc#: 2076
 c: 1 4 7 9 10 13 15 16 18 19 27 32 38 42 45 48 51 53 54 56 57 65 70 76 82 85 88 91 94 97 
 r: 26 84 8 10 12 16 18 28 30 34 36 44 46 48 52 54 62 64 66 70 72 80 82 88 90 98 100 
 Total col=30, Total row=27
 bc#: 2077
 c: 10 13 19 22 25 28 31 42 45 48 51 53 54 56 60 65 66 73 76 79 82 85 88 91 93 94 
 r: 26 85 3 8 13 18 21 31 36 39 44 49 54 57 62 67 72 75 80 90 93 98 
 Total col=26, Total row=22
 bc#: 2078
 c: 1 4 9 13 15 16 18 27 32 35 37 41 47 51 57 60 63 65 66 75 82 88 91 94 97 
 r: 26 86 2 8 14 18 20 32 36 38 44 50 54 56 62 68 72 74 80 90 92 98 
 Total col=25, Total row=22
 bc#: 2079
 c: 22 25 28 31 35 37 41 47 60 63 66 69 73 75 79 81 84 93 98 
 r: 26 87 8 9 11 15 18 27 29 33 36 44 45 47 51 54 62 63 65 69 72 80 81 83 90 98 99 
 Total col=19, Total row=27
 bc#: 2080
 c: 1 4 7 9 10 13 15 16 18 19 27 32 38 42 45 48 51 53 54 56 57 65 70 76 82 85 88 91 94 97 
 r: 26 88 8 10 12 16 18 28 30 34 36 44 46 48 52 54 62 64 66 70 72 80 82 84 90 98 100 
 Total col=30, Total row=27
 bc#: 2081
 c: 4 7 10 16 19 22 25 28 31 32 35 38 41 45 53 60 65 66 73 76 79 81 84 94 97 
 r: 26 91 8 18 19 36 37 44 54 55 62 72 73 80 90 98 
 Total col=25, Total row=16
 bc#: 2082
 c: 1 4 9 13 15 16 18 27 32 35 37 41 47 51 57 60 63 65 66 75 82 88 91 94 97 
 r: 26 92 2 8 14 18 20 32 36 38 44 50 54 56 62 68 72 74 80 86 90 98 
 Total col=25, Total row=22
 bc#: 2083
 c: 10 13 19 22 25 28 31 42 45 48 51 53 54 56 60 65 66 73 76 79 82 85 88 91 93 94 
 r: 26 93 3 8 13 18 21 31 36 39 44 49 54 57 62 67 72 75 80 85 90 98 
 Total col=26, Total row=22
 bc#: 2084
 c: 1 4 7 9 10 16 18 19 27 31 32 35 37 38 42 48 51 53 57 60 63 65 66 70 76 79 81 85 88 91 93 94 98 
 r: 26 94 4 8 18 22 36 40 44 54 58 62 72 76 80 90 98 
 Total col=33, Total row=17
 bc#: 2085
 c: 13 15 22 25 28 41 45 47 54 56 69 73 75 82 84 97 
 r: 26 95 5 8 18 23 36 41 44 54 59 62 72 77 80 90 98 
 Total col=16, Total row=17
 bc#: 2086
 c: 1 4 7 9 10 15 16 18 19 27 31 32 35 37 38 42 48 51 53 54 57 60 65 70 73 75 76 79 81 82 84 93 97 98 
 r: 26 96 6 8 18 24 36 42 44 54 60 62 72 78 80 90 98 
 Total col=34, Total row=17
 bc#: 2087
 c: 22 25 28 31 35 37 41 47 60 63 66 69 73 75 79 81 84 93 98 
 r: 26 99 8 9 11 15 18 27 29 33 36 44 45 47 51 54 62 63 65 69 72 80 81 83 87 90 98 
 Total col=19, Total row=27
 bc#: 2088
 c: 1 4 7 9 10 13 15 16 18 19 27 32 38 42 45 48 51 53 54 56 57 65 70 76 82 85 88 91 94 97 
 r: 26 100 8 10 12 16 18 28 30 34 36 44 46 48 52 54 62 64 66 70 72 80 82 84 88 90 98 
 Total col=30, Total row=27
 bc#: 2089
 c: 5 6 8 14 17 22 23 25 28 29 31 34 40 46 60 66 73 79 93 99 
 r: 27 31 3 9 11 13 15 21 29 33 39 45 47 49 51 57 63 65 67 69 75 81 83 85 87 93 99 
 Total col=20, Total row=27
 bc#: 2090
 c: 3 6 11 20 29 34 35 37 40 41 46 47 49 52 55 58 60 63 66 72 75 78 99 
 r: 27 32 2 9 11 14 15 20 29 33 38 45 47 50 51 56 63 65 68 69 74 81 83 86 87 92 99 
 Total col=23, Total row=27
 bc#: 2091
 c: 5 6 8 11 12 14 17 20 22 28 34 40 46 52 58 60 63 66 69 72 75 78 81 84 87 90 93 99 
 r: 27 35 7 9 11 15 17 25 29 33 43 45 47 51 53 61 63 65 69 71 79 81 83 87 89 97 99 
 Total col=28, Total row=27
 bc#: 2092
 c: 22 25 28 31 35 37 41 47 60 63 66 69 73 75 79 81 84 93 98 
 r: 27 36 8 9 11 15 18 26 29 33 44 45 47 51 54 62 63 65 69 72 80 81 83 87 90 98 99 
 Total col=19, Total row=27
 bc#: 2093
 c: 8 11 14 17 22 25 28 31 35 41 43 46 49 52 55 58 60 66 73 79 81 84 87 92 95 
 r: 27 37 9 11 15 19 29 33 45 47 51 55 63 65 69 73 81 83 87 91 99 
 Total col=25, Total row=21
 bc#: 2094
 c: 3 6 11 20 29 34 35 37 40 41 46 47 49 52 55 58 60 63 66 72 75 78 99 
 r: 27 38 2 9 11 14 15 20 29 32 33 45 47 50 51 56 63 65 68 69 74 81 83 86 87 92 99 
 Total col=23, Total row=27
 bc#: 2095
 c: 5 6 8 14 17 22 23 25 28 29 31 34 40 46 60 66 73 79 93 99 
 r: 27 39 3 9 11 13 15 21 29 31 33 45 47 49 51 57 63 65 67 69 75 81 83 85 87 93 99 
 Total col=20, Total row=27
 bc#: 2096
 c: 12 14 29 31 35 37 40 43 46 49 55 58 60 63 66 79 81 93 98 99 
 r: 27 40 4 9 11 15 22 29 33 45 47 51 58 63 65 69 76 81 83 87 94 99 
 Total col=20, Total row=22
 bc#: 2097
 c: 3 5 6 8 11 17 20 22 23 25 28 34 41 47 52 61 67 69 72 73 75 78 84 87 90 92 95 
 r: 27 41 5 9 11 15 23 29 33 45 47 51 59 63 65 69 77 81 83 87 95 99 
 Total col=27, Total row=22
 bc#: 2098
 c: 3 12 29 31 35 37 40 43 46 49 60 73 75 79 81 84 87 90 92 93 95 98 
 r: 27 42 6 9 11 15 24 29 33 45 47 51 60 63 65 69 78 81 83 87 96 99 
 Total col=22, Total row=22
 bc#: 2099
 c: 5 6 8 11 12 14 17 20 22 28 34 40 46 52 58 60 63 66 69 72 75 78 81 84 87 90 93 99 
 r: 27 43 7 9 11 15 17 25 29 33 35 45 47 51 53 61 63 65 69 71 79 81 83 87 89 97 99 
 Total col=28, Total row=27
 bc#: 2100
 c: 22 25 28 31 35 37 41 47 60 63 66 69 73 75 79 81 84 93 98 
 r: 27 44 8 9 11 15 18 26 29 33 36 45 47 51 54 62 63 65 69 72 80 81 83 87 90 98 99 
 Total col=19, Total row=27
 bc#: 2101
 c: 5 6 8 14 17 22 23 25 28 29 31 34 40 46 60 66 73 79 93 99 
 r: 27 49 3 9 11 13 15 21 29 31 33 39 45 47 51 57 63 65 67 69 75 81 83 85 87 93 99 
 Total col=20, Total row=27
 bc#: 2102
 c: 3 6 11 20 29 34 35 37 40 41 46 47 49 52 55 58 60 63 66 72 75 78 99 
 r: 27 50 2 9 11 14 15 20 29 32 33 38 45 47 51 56 63 65 68 69 74 81 83 86 87 92 99 
 Total col=23, Total row=27
 bc#: 2103
 c: 5 6 8 11 12 14 17 20 22 28 34 40 46 52 58 60 63 66 69 72 75 78 81 84 87 90 93 99 
 r: 27 53 7 9 11 15 17 25 29 33 35 43 45 47 51 61 63 65 69 71 79 81 83 87 89 97 99 
 Total col=28, Total row=27
 bc#: 2104
 c: 22 25 28 31 35 37 41 47 60 63 66 69 73 75 79 81 84 93 98 
 r: 27 54 8 9 11 15 18 26 29 33 36 44 45 47 51 62 63 65 69 72 80 81 83 87 90 98 99 
 Total col=19, Total row=27
 bc#: 2105
 c: 8 11 14 17 22 25 28 31 35 41 43 46 49 52 55 58 60 66 73 79 81 84 87 92 95 
 r: 27 55 9 11 15 19 29 33 37 45 47 51 63 65 69 73 81 83 87 91 99 
 Total col=25, Total row=21
 bc#: 2106
 c: 3 6 11 20 29 34 35 37 40 41 46 47 49 52 55 58 60 63 66 72 75 78 99 
 r: 27 56 2 9 11 14 15 20 29 32 33 38 45 47 50 51 63 65 68 69 74 81 83 86 87 92 99 
 Total col=23, Total row=27
 bc#: 2107
 c: 5 6 8 14 17 22 23 25 28 29 31 34 40 46 60 66 73 79 93 99 
 r: 27 57 3 9 11 13 15 21 29 31 33 39 45 47 49 51 63 65 67 69 75 81 83 85 87 93 99 
 Total col=20, Total row=27
 bc#: 2108
 c: 12 14 29 31 35 37 40 43 46 49 55 58 60 63 66 79 81 93 98 99 
 r: 27 58 4 9 11 15 22 29 33 40 45 47 51 63 65 69 76 81 83 87 94 99 
 Total col=20, Total row=22
 bc#: 2109
 c: 3 5 6 8 11 17 20 22 23 25 28 34 41 47 52 61 67 69 72 73 75 78 84 87 90 92 95 
 r: 27 59 5 9 11 15 23 29 33 41 45 47 51 63 65 69 77 81 83 87 95 99 
 Total col=27, Total row=22
 bc#: 2110
 c: 3 12 29 31 35 37 40 43 46 49 60 73 75 79 81 84 87 90 92 93 95 98 
 r: 27 60 6 9 11 15 24 29 33 42 45 47 51 63 65 69 78 81 83 87 96 99 
 Total col=22, Total row=22
 bc#: 2111
 c: 5 6 8 11 12 14 17 20 22 28 34 40 46 52 58 60 63 66 69 72 75 78 81 84 87 90 93 99 
 r: 27 61 7 9 11 15 17 25 29 33 35 43 45 47 51 53 63 65 69 71 79 81 83 87 89 97 99 
 Total col=28, Total row=27
 bc#: 2112
 c: 22 25 28 31 35 37 41 47 60 63 66 69 73 75 79 81 84 93 98 
 r: 27 62 8 9 11 15 18 26 29 33 36 44 45 47 51 54 63 65 69 72 80 81 83 87 90 98 99 
 Total col=19, Total row=27
 bc#: 2113
 c: 5 6 8 14 17 22 23 25 28 29 31 34 40 46 60 66 73 79 93 99 
 r: 27 67 3 9 11 13 15 21 29 31 33 39 45 47 49 51 57 63 65 69 75 81 83 85 87 93 99 
 Total col=20, Total row=27
 bc#: 2114
 c: 3 6 11 20 29 34 35 37 40 41 46 47 49 52 55 58 60 63 66 72 75 78 99 
 r: 27 68 2 9 11 14 15 20 29 32 33 38 45 47 50 51 56 63 65 69 74 81 83 86 87 92 99 
 Total col=23, Total row=27
 bc#: 2115
 c: 5 6 8 11 12 14 17 20 22 28 34 40 46 52 58 60 63 66 69 72 75 78 81 84 87 90 93 99 
 r: 27 71 7 9 11 15 17 25 29 33 35 43 45 47 51 53 61 63 65 69 79 81 83 87 89 97 99 
 Total col=28, Total row=27
 bc#: 2116
 c: 22 25 28 31 35 37 41 47 60 63 66 69 73 75 79 81 84 93 98 
 r: 27 72 8 9 11 15 18 26 29 33 36 44 45 47 51 54 62 63 65 69 80 81 83 87 90 98 99 
 Total col=19, Total row=27
 bc#: 2117
 c: 8 11 14 17 22 25 28 31 35 41 43 46 49 52 55 58 60 66 73 79 81 84 87 92 95 
 r: 27 73 9 11 15 19 29 33 37 45 47 51 55 63 65 69 81 83 87 91 99 
 Total col=25, Total row=21
 bc#: 2118
 c: 3 6 11 20 29 34 35 37 40 41 46 47 49 52 55 58 60 63 66 72 75 78 99 
 r: 27 74 2 9 11 14 15 20 29 32 33 38 45 47 50 51 56 63 65 68 69 81 83 86 87 92 99 
 Total col=23, Total row=27
 bc#: 2119
 c: 5 6 8 14 17 22 23 25 28 29 31 34 40 46 60 66 73 79 93 99 
 r: 27 75 3 9 11 13 15 21 29 31 33 39 45 47 49 51 57 63 65 67 69 81 83 85 87 93 99 
 Total col=20, Total row=27
 bc#: 2120
 c: 12 14 29 31 35 37 40 43 46 49 55 58 60 63 66 79 81 93 98 99 
 r: 27 76 4 9 11 15 22 29 33 40 45 47 51 58 63 65 69 81 83 87 94 99 
 Total col=20, Total row=22
 bc#: 2121
 c: 3 5 6 8 11 17 20 22 23 25 28 34 41 47 52 61 67 69 72 73 75 78 84 87 90 92 95 
 r: 27 77 5 9 11 15 23 29 33 41 45 47 51 59 63 65 69 81 83 87 95 99 
 Total col=27, Total row=22
 bc#: 2122
 c: 3 12 29 31 35 37 40 43 46 49 60 73 75 79 81 84 87 90 92 93 95 98 
 r: 27 78 6 9 11 15 24 29 33 42 45 47 51 60 63 65 69 81 83 87 96 99 
 Total col=22, Total row=22
 bc#: 2123
 c: 5 6 8 11 12 14 17 20 22 28 34 40 46 52 58 60 63 66 69 72 75 78 81 84 87 90 93 99 
 r: 27 79 7 9 11 15 17 25 29 33 35 43 45 47 51 53 61 63 65 69 71 81 83 87 89 97 99 
 Total col=28, Total row=27
 bc#: 2124
 c: 22 25 28 31 35 37 41 47 60 63 66 69 73 75 79 81 84 93 98 
 r: 27 80 8 9 11 15 18 26 29 33 36 44 45 47 51 54 62 63 65 69 72 81 83 87 90 98 99 
 Total col=19, Total row=27
 bc#: 2125
 c: 5 6 8 14 17 22 23 25 28 29 31 34 40 46 60 66 73 79 93 99 
 r: 27 85 3 9 11 13 15 21 29 31 33 39 45 47 49 51 57 63 65 67 69 75 81 83 87 93 99 
 Total col=20, Total row=27
 bc#: 2126
 c: 3 6 11 20 29 34 35 37 40 41 46 47 49 52 55 58 60 63 66 72 75 78 99 
 r: 27 86 2 9 11 14 15 20 29 32 33 38 45 47 50 51 56 63 65 68 69 74 81 83 87 92 99 
 Total col=23, Total row=27
 bc#: 2127
 c: 5 6 8 11 12 14 17 20 22 28 34 40 46 52 58 60 63 66 69 72 75 78 81 84 87 90 93 99 
 r: 27 89 7 9 11 15 17 25 29 33 35 43 45 47 51 53 61 63 65 69 71 79 81 83 87 97 99 
 Total col=28, Total row=27
 bc#: 2128
 c: 22 25 28 31 35 37 41 47 60 63 66 69 73 75 79 81 84 93 98 
 r: 27 90 8 9 11 15 18 26 29 33 36 44 45 47 51 54 62 63 65 69 72 80 81 83 87 98 99 
 Total col=19, Total row=27
 bc#: 2129
 c: 8 11 14 17 22 25 28 31 35 41 43 46 49 52 55 58 60 66 73 79 81 84 87 92 95 
 r: 27 91 9 11 15 19 29 33 37 45 47 51 55 63 65 69 73 81 83 87 99 
 Total col=25, Total row=21
 bc#: 2130
 c: 3 6 11 20 29 34 35 37 40 41 46 47 49 52 55 58 60 63 66 72 75 78 99 
 r: 27 92 2 9 11 14 15 20 29 32 33 38 45 47 50 51 56 63 65 68 69 74 81 83 86 87 99 
 Total col=23, Total row=27
 bc#: 2131
 c: 5 6 8 14 17 22 23 25 28 29 31 34 40 46 60 66 73 79 93 99 
 r: 27 93 3 9 11 13 15 21 29 31 33 39 45 47 49 51 57 63 65 67 69 75 81 83 85 87 99 
 Total col=20, Total row=27
 bc#: 2132
 c: 12 14 29 31 35 37 40 43 46 49 55 58 60 63 66 79 81 93 98 99 
 r: 27 94 4 9 11 15 22 29 33 40 45 47 51 58 63 65 69 76 81 83 87 99 
 Total col=20, Total row=22
 bc#: 2133
 c: 3 5 6 8 11 17 20 22 23 25 28 34 41 47 52 61 67 69 72 73 75 78 84 87 90 92 95 
 r: 27 95 5 9 11 15 23 29 33 41 45 47 51 59 63 65 69 77 81 83 87 99 
 Total col=27, Total row=22
 bc#: 2134
 c: 3 12 29 31 35 37 40 43 46 49 60 73 75 79 81 84 87 90 92 93 95 98 
 r: 27 96 6 9 11 15 24 29 33 42 45 47 51 60 63 65 69 78 81 83 87 99 
 Total col=22, Total row=22
 bc#: 2135
 c: 5 6 8 11 12 14 17 20 22 28 34 40 46 52 58 60 63 66 69 72 75 78 81 84 87 90 93 99 
 r: 27 97 7 9 11 15 17 25 29 33 35 43 45 47 51 53 61 63 65 69 71 79 81 83 87 89 99 
 Total col=28, Total row=27
 bc#: 2136
 c: 22 25 28 31 35 37 41 47 60 63 66 69 73 75 79 81 84 93 98 
 r: 27 98 8 9 11 15 18 26 29 33 36 44 45 47 51 54 62 63 65 69 72 80 81 83 87 90 99 
 Total col=19, Total row=27
 bc#: 2137
 c: 1 2 4 7 9 10 13 15 16 18 19 21 24 26 27 30 32 33 36 38 39 42 44 45 48 50 51 53 54 56 57 59 62 64 65 68 70 71 74 76 77 80 82 83 85 86 88 89 91 94 96 97 100 
 r: 28 30 10 12 16 34 46 48 52 64 66 70 82 84 88 100 
 Total col=53, Total row=16
 bc#: 2138
 c: 2 10 13 19 36 39 42 45 48 51 53 54 56 59 62 65 68 71 74 76 80 82 85 86 88 91 94 96 100 
 r: 28 31 3 10 12 13 16 21 30 34 39 46 48 49 52 57 64 66 67 70 75 82 84 85 88 93 100 
 Total col=29, Total row=27
 bc#: 2139
 c: 1 4 9 13 15 16 18 21 24 26 27 32 44 51 57 65 68 71 77 80 82 83 86 88 89 91 94 96 97 
 r: 28 32 2 10 12 14 16 20 30 34 38 46 48 50 52 56 64 66 68 70 74 82 84 86 88 92 100 
 Total col=29, Total row=27
 bc#: 2140
 c: 1 2 4 7 9 10 13 15 16 18 19 21 24 26 27 30 32 33 36 38 39 42 44 45 48 50 51 53 54 56 57 59 62 64 65 68 70 71 74 76 77 80 82 83 85 86 88 89 91 94 96 97 100 
 r: 28 34 10 12 16 30 46 48 52 64 66 70 82 84 88 100 
 Total col=53, Total row=16
 bc#: 2141
 c: 2 4 21 24 27 30 33 36 39 42 45 48 51 54 57 64 70 76 82 88 94 96 100 
 r: 28 35 7 10 12 16 17 25 30 34 43 46 48 52 53 61 64 66 70 71 79 82 84 88 89 97 100 
 Total col=23, Total row=27
 bc#: 2142
 c: 1 4 7 9 10 13 15 16 18 19 27 32 38 42 45 48 51 53 54 56 57 65 70 76 82 85 88 91 94 97 
 r: 28 36 8 10 12 16 18 26 30 34 44 46 48 52 54 62 64 66 70 72 80 82 84 88 90 98 100 
 Total col=30, Total row=27
 bc#: 2143
 c: 2 4 7 10 16 19 26 30 32 38 39 45 53 59 62 65 68 71 74 76 80 86 89 94 97 100 
 r: 28 37 10 12 16 19 30 34 46 48 52 55 64 66 70 73 82 84 88 91 100 
 Total col=26, Total row=21
 bc#: 2144
 c: 1 4 9 13 15 16 18 21 24 26 27 32 44 51 57 65 68 71 77 80 82 83 86 88 89 91 94 96 97 
 r: 28 38 2 10 12 14 16 20 30 32 34 46 48 50 52 56 64 66 68 70 74 82 84 86 88 92 100 
 Total col=29, Total row=27
 bc#: 2145
 c: 2 10 13 19 36 39 42 45 48 51 53 54 56 59 62 65 68 71 74 76 80 82 85 86 88 91 94 96 100 
 r: 28 39 3 10 12 13 16 21 30 31 34 46 48 49 52 57 64 66 67 70 75 82 84 85 88 93 100 
 Total col=29, Total row=27
 bc#: 2146
 c: 13 15 30 33 36 39 44 45 50 54 56 59 62 64 80 82 89 97 100 
 r: 28 41 5 10 12 16 23 30 34 46 48 52 59 64 66 70 77 82 84 88 95 100 
 Total col=19, Total row=22
 bc#: 2147
 c: 1 4 7 9 10 15 16 18 19 21 24 26 27 32 38 42 48 51 53 54 57 59 62 64 65 68 70 71 76 82 86 97 
 r: 28 42 6 10 12 16 24 30 34 46 48 52 60 64 66 70 78 82 84 88 96 100 
 Total col=32, Total row=22
 bc#: 2148
 c: 2 4 21 24 27 30 33 36 39 42 45 48 51 54 57 64 70 76 82 88 94 96 100 
 r: 28 43 7 10 12 16 17 25 30 34 35 46 48 52 53 61 64 66 70 71 79 82 84 88 89 97 100 
 Total col=23, Total row=27
 bc#: 2149
 c: 1 4 7 9 10 13 15 16 18 19 27 32 38 42 45 48 51 53 54 56 57 65 70 76 82 85 88 91 94 97 
 r: 28 44 8 10 12 16 18 26 30 34 36 46 48 52 54 62 64 66 70 72 80 82 84 88 90 98 100 
 Total col=30, Total row=27
 bc#: 2150
 c: 1 2 4 7 9 10 13 15 16 18 19 21 24 26 27 30 32 33 36 38 39 42 44 45 48 50 51 53 54 56 57 59 62 64 65 68 70 71 74 76 77 80 82 83 85 86 88 89 91 94 96 97 100 
 r: 28 46 10 12 16 30 34 48 52 64 66 70 82 84 88 100 
 Total col=53, Total row=16
 bc#: 2151
 c: 1 2 4 7 9 10 13 15 16 18 19 21 24 26 27 30 32 33 36 38 39 42 44 45 48 50 51 53 54 56 57 59 62 64 65 68 70 71 74 76 77 80 82 83 85 86 88 89 91 94 96 97 100 
 r: 28 48 10 12 16 30 34 46 52 64 66 70 82 84 88 100 
 Total col=53, Total row=16
 bc#: 2152
 c: 2 10 13 19 36 39 42 45 48 51 53 54 56 59 62 65 68 71 74 76 80 82 85 86 88 91 94 96 100 
 r: 28 49 3 10 12 13 16 21 30 31 34 39 46 48 52 57 64 66 67 70 75 82 84 85 88 93 100 
 Total col=29, Total row=27
 bc#: 2153
 c: 1 4 9 13 15 16 18 21 24 26 27 32 44 51 57 65 68 71 77 80 82 83 86 88 89 91 94 96 97 
 r: 28 50 2 10 12 14 16 20 30 32 34 38 46 48 52 56 64 66 68 70 74 82 84 86 88 92 100 
 Total col=29, Total row=27
 bc#: 2154
 c: 1 2 4 7 9 10 13 15 16 18 19 21 24 26 27 30 32 33 36 38 39 42 44 45 48 50 51 53 54 56 57 59 62 64 65 68 70 71 74 76 77 80 82 83 85 86 88 89 91 94 96 97 100 
 r: 28 52 10 12 16 30 34 46 48 64 66 70 82 84 88 100 
 Total col=53, Total row=16
 bc#: 2155
 c: 2 4 21 24 27 30 33 36 39 42 45 48 51 54 57 64 70 76 82 88 94 96 100 
 r: 28 53 7 10 12 16 17 25 30 34 35 43 46 48 52 61 64 66 70 71 79 82 84 88 89 97 100 
 Total col=23, Total row=27
 bc#: 2156
 c: 1 4 7 9 10 13 15 16 18 19 27 32 38 42 45 48 51 53 54 56 57 65 70 76 82 85 88 91 94 97 
 r: 28 54 8 10 12 16 18 26 30 34 36 44 46 48 52 62 64 66 70 72 80 82 84 88 90 98 100 
 Total col=30, Total row=27
 bc#: 2157
 c: 2 4 7 10 16 19 26 30 32 38 39 45 53 59 62 65 68 71 74 76 80 86 89 94 97 100 
 r: 28 55 10 12 16 19 30 34 37 46 48 52 64 66 70 73 82 84 88 91 100 
 Total col=26, Total row=21
 bc#: 2158
 c: 1 4 9 13 15 16 18 21 24 26 27 32 44 51 57 65 68 71 77 80 82 83 86 88 89 91 94 96 97 
 r: 28 56 2 10 12 14 16 20 30 32 34 38 46 48 50 52 64 66 68 70 74 82 84 86 88 92 100 
 Total col=29, Total row=27
 bc#: 2159
 c: 2 10 13 19 36 39 42 45 48 51 53 54 56 59 62 65 68 71 74 76 80 82 85 86 88 91 94 96 100 
 r: 28 57 3 10 12 13 16 21 30 31 34 39 46 48 49 52 64 66 67 70 75 82 84 85 88 93 100 
 Total col=29, Total row=27
 bc#: 2160
 c: 13 15 30 33 36 39 44 45 50 54 56 59 62 64 80 82 89 97 100 
 r: 28 59 5 10 12 16 23 30 34 41 46 48 52 64 66 70 77 82 84 88 95 100 
 Total col=19, Total row=22
 bc#: 2161
 c: 1 4 7 9 10 15 16 18 19 21 24 26 27 32 38 42 48 51 53 54 57 59 62 64 65 68 70 71 76 82 86 97 
 r: 28 60 6 10 12 16 24 30 34 42 46 48 52 64 66 70 78 82 84 88 96 100 
 Total col=32, Total row=22
 bc#: 2162
 c: 2 4 21 24 27 30 33 36 39 42 45 48 51 54 57 64 70 76 82 88 94 96 100 
 r: 28 61 7 10 12 16 17 25 30 34 35 43 46 48 52 53 64 66 70 71 79 82 84 88 89 97 100 
 Total col=23, Total row=27
 bc#: 2163
 c: 1 4 7 9 10 13 15 16 18 19 27 32 38 42 45 48 51 53 54 56 57 65 70 76 82 85 88 91 94 97 
 r: 28 62 8 10 12 16 18 26 30 34 36 44 46 48 52 54 64 66 70 72 80 82 84 88 90 98 100 
 Total col=30, Total row=27
 bc#: 2164
 c: 1 2 4 7 9 10 13 15 16 18 19 21 24 26 27 30 32 33 36 38 39 42 44 45 48 50 51 53 54 56 57 59 62 64 65 68 70 71 74 76 77 80 82 83 85 86 88 89 91 94 96 97 100 
 r: 28 64 10 12 16 30 34 46 48 52 66 70 82 84 88 100 
 Total col=53, Total row=16
 bc#: 2165
 c: 1 2 4 7 9 10 13 15 16 18 19 21 24 26 27 30 32 33 36 38 39 42 44 45 48 50 51 53 54 56 57 59 62 64 65 68 70 71 74 76 77 80 82 83 85 86 88 89 91 94 96 97 100 
 r: 28 66 10 12 16 30 34 46 48 52 64 70 82 84 88 100 
 Total col=53, Total row=16
 bc#: 2166
 c: 2 10 13 19 36 39 42 45 48 51 53 54 56 59 62 65 68 71 74 76 80 82 85 86 88 91 94 96 100 
 r: 28 67 3 10 12 13 16 21 30 31 34 39 46 48 49 52 57 64 66 70 75 82 84 85 88 93 100 
 Total col=29, Total row=27
 bc#: 2167
 c: 1 4 9 13 15 16 18 21 24 26 27 32 44 51 57 65 68 71 77 80 82 83 86 88 89 91 94 96 97 
 r: 28 68 2 10 12 14 16 20 30 32 34 38 46 48 50 52 56 64 66 70 74 82 84 86 88 92 100 
 Total col=29, Total row=27
 bc#: 2168
 c: 1 2 4 7 9 10 13 15 16 18 19 21 24 26 27 30 32 33 36 38 39 42 44 45 48 50 51 53 54 56 57 59 62 64 65 68 70 71 74 76 77 80 82 83 85 86 88 89 91 94 96 97 100 
 r: 28 70 10 12 16 30 34 46 48 52 64 66 82 84 88 100 
 Total col=53, Total row=16
 bc#: 2169
 c: 2 4 21 24 27 30 33 36 39 42 45 48 51 54 57 64 70 76 82 88 94 96 100 
 r: 28 71 7 10 12 16 17 25 30 34 35 43 46 48 52 53 61 64 66 70 79 82 84 88 89 97 100 
 Total col=23, Total row=27
 bc#: 2170
 c: 1 4 7 9 10 13 15 16 18 19 27 32 38 42 45 48 51 53 54 56 57 65 70 76 82 85 88 91 94 97 
 r: 28 72 8 10 12 16 18 26 30 34 36 44 46 48 52 54 62 64 66 70 80 82 84 88 90 98 100 
 Total col=30, Total row=27
 bc#: 2171
 c: 2 4 7 10 16 19 26 30 32 38 39 45 53 59 62 65 68 71 74 76 80 86 89 94 97 100 
 r: 28 73 10 12 16 19 30 34 37 46 48 52 55 64 66 70 82 84 88 91 100 
 Total col=26, Total row=21
 bc#: 2172
 c: 1 4 9 13 15 16 18 21 24 26 27 32 44 51 57 65 68 71 77 80 82 83 86 88 89 91 94 96 97 
 r: 28 74 2 10 12 14 16 20 30 32 34 38 46 48 50 52 56 64 66 68 70 82 84 86 88 92 100 
 Total col=29, Total row=27
 bc#: 2173
 c: 2 10 13 19 36 39 42 45 48 51 53 54 56 59 62 65 68 71 74 76 80 82 85 86 88 91 94 96 100 
 r: 28 75 3 10 12 13 16 21 30 31 34 39 46 48 49 52 57 64 66 67 70 82 84 85 88 93 100 
 Total col=29, Total row=27
 bc#: 2174
 c: 13 15 30 33 36 39 44 45 50 54 56 59 62 64 80 82 89 97 100 
 r: 28 77 5 10 12 16 23 30 34 41 46 48 52 59 64 66 70 82 84 88 95 100 
 Total col=19, Total row=22
 bc#: 2175
 c: 1 4 7 9 10 15 16 18 19 21 24 26 27 32 38 42 48 51 53 54 57 59 62 64 65 68 70 71 76 82 86 97 
 r: 28 78 6 10 12 16 24 30 34 42 46 48 52 60 64 66 70 82 84 88 96 100 
 Total col=32, Total row=22
 bc#: 2176
 c: 2 4 21 24 27 30 33 36 39 42 45 48 51 54 57 64 70 76 82 88 94 96 100 
 r: 28 79 7 10 12 16 17 25 30 34 35 43 46 48 52 53 61 64 66 70 71 82 84 88 89 97 100 
 Total col=23, Total row=27
 bc#: 2177
 c: 1 4 7 9 10 13 15 16 18 19 27 32 38 42 45 48 51 53 54 56 57 65 70 76 82 85 88 91 94 97 
 r: 28 80 8 10 12 16 18 26 30 34 36 44 46 48 52 54 62 64 66 70 72 82 84 88 90 98 100 
 Total col=30, Total row=27
 bc#: 2178
 c: 1 2 4 7 9 10 13 15 16 18 19 21 24 26 27 30 32 33 36 38 39 42 44 45 48 50 51 53 54 56 57 59 62 64 65 68 70 71 74 76 77 80 82 83 85 86 88 89 91 94 96 97 100 
 r: 28 82 10 12 16 30 34 46 48 52 64 66 70 84 88 100 
 Total col=53, Total row=16
 bc#: 2179
 c: 1 2 4 7 9 10 13 15 16 18 19 21 24 26 27 30 32 33 36 38 39 42 44 45 48 50 51 53 54 56 57 59 62 64 65 68 70 71 74 76 77 80 82 83 85 86 88 89 91 94 96 97 100 
 r: 28 84 10 12 16 30 34 46 48 52 64 66 70 82 88 100 
 Total col=53, Total row=16
 bc#: 2180
 c: 2 10 13 19 36 39 42 45 48 51 53 54 56 59 62 65 68 71 74 76 80 82 85 86 88 91 94 96 100 
 r: 28 85 3 10 12 13 16 21 30 31 34 39 46 48 49 52 57 64 66 67 70 75 82 84 88 93 100 
 Total col=29, Total row=27
 bc#: 2181
 c: 1 4 9 13 15 16 18 21 24 26 27 32 44 51 57 65 68 71 77 80 82 83 86 88 89 91 94 96 97 
 r: 28 86 2 10 12 14 16 20 30 32 34 38 46 48 50 52 56 64 66 68 70 74 82 84 88 92 100 
 Total col=29, Total row=27
 bc#: 2182
 c: 1 2 4 7 9 10 13 15 16 18 19 21 24 26 27 30 32 33 36 38 39 42 44 45 48 50 51 53 54 56 57 59 62 64 65 68 70 71 74 76 77 80 82 83 85 86 88 89 91 94 96 97 100 
 r: 28 88 10 12 16 30 34 46 48 52 64 66 70 82 84 100 
 Total col=53, Total row=16
 bc#: 2183
 c: 2 4 21 24 27 30 33 36 39 42 45 48 51 54 57 64 70 76 82 88 94 96 100 
 r: 28 89 7 10 12 16 17 25 30 34 35 43 46 48 52 53 61 64 66 70 71 79 82 84 88 97 100 
 Total col=23, Total row=27
 bc#: 2184
 c: 1 4 7 9 10 13 15 16 18 19 27 32 38 42 45 48 51 53 54 56 57 65 70 76 82 85 88 91 94 97 
 r: 28 90 8 10 12 16 18 26 30 34 36 44 46 48 52 54 62 64 66 70 72 80 82 84 88 98 100 
 Total col=30, Total row=27
 bc#: 2185
 c: 2 4 7 10 16 19 26 30 32 38 39 45 53 59 62 65 68 71 74 76 80 86 89 94 97 100 
 r: 28 91 10 12 16 19 30 34 37 46 48 52 55 64 66 70 73 82 84 88 100 
 Total col=26, Total row=21
 bc#: 2186
 c: 1 4 9 13 15 16 18 21 24 26 27 32 44 51 57 65 68 71 77 80 82 83 86 88 89 91 94 96 97 
 r: 28 92 2 10 12 14 16 20 30 32 34 38 46 48 50 52 56 64 66 68 70 74 82 84 86 88 100 
 Total col=29, Total row=27
 bc#: 2187
 c: 2 10 13 19 36 39 42 45 48 51 53 54 56 59 62 65 68 71 74 76 80 82 85 86 88 91 94 96 100 
 r: 28 93 3 10 12 13 16 21 30 31 34 39 46 48 49 52 57 64 66 67 70 75 82 84 85 88 100 
 Total col=29, Total row=27
 bc#: 2188
 c: 13 15 30 33 36 39 44 45 50 54 56 59 62 64 80 82 89 97 100 
 r: 28 95 5 10 12 16 23 30 34 41 46 48 52 59 64 66 70 77 82 84 88 100 
 Total col=19, Total row=22
 bc#: 2189
 c: 1 4 7 9 10 15 16 18 19 21 24 26 27 32 38 42 48 51 53 54 57 59 62 64 65 68 70 71 76 82 86 97 
 r: 28 96 6 10 12 16 24 30 34 42 46 48 52 60 64 66 70 78 82 84 88 100 
 Total col=32, Total row=22
 bc#: 2190
 c: 2 4 21 24 27 30 33 36 39 42 45 48 51 54 57 64 70 76 82 88 94 96 100 
 r: 28 97 7 10 12 16 17 25 30 34 35 43 46 48 52 53 61 64 66 70 71 79 82 84 88 89 100 
 Total col=23, Total row=27
 bc#: 2191
 c: 1 4 7 9 10 13 15 16 18 19 27 32 38 42 45 48 51 53 54 56 57 65 70 76 82 85 88 91 94 97 
 r: 28 98 8 10 12 16 18 26 30 34 36 44 46 48 52 54 62 64 66 70 72 80 82 84 88 90 100 
 Total col=30, Total row=27
 bc#: 2192
 c: 1 2 4 7 9 10 13 15 16 18 19 21 24 26 27 30 32 33 36 38 39 42 44 45 48 50 51 53 54 56 57 59 62 64 65 68 70 71 74 76 77 80 82 83 85 86 88 89 91 94 96 97 100 
 r: 28 100 10 12 16 30 34 46 48 52 64 66 70 82 84 88 
 Total col=53, Total row=16
 bc#: 2193
 c: 5 6 8 14 17 22 23 25 28 29 31 34 40 46 60 66 73 79 93 99 
 r: 29 31 3 9 11 13 15 21 27 33 39 45 47 49 51 57 63 65 67 69 75 81 83 85 87 93 99 
 Total col=20, Total row=27
 bc#: 2194
 c: 3 6 11 20 29 34 35 37 40 41 46 47 49 52 55 58 60 63 66 72 75 78 99 
 r: 29 32 2 9 11 14 15 20 27 33 38 45 47 50 51 56 63 65 68 69 74 81 83 86 87 92 99 
 Total col=23, Total row=27
 bc#: 2195
 c: 5 6 8 11 12 14 17 20 22 28 34 40 46 52 58 60 63 66 69 72 75 78 81 84 87 90 93 99 
 r: 29 35 7 9 11 15 17 25 27 33 43 45 47 51 53 61 63 65 69 71 79 81 83 87 89 97 99 
 Total col=28, Total row=27
 bc#: 2196
 c: 22 25 28 31 35 37 41 47 60 63 66 69 73 75 79 81 84 93 98 
 r: 29 36 8 9 11 15 18 26 27 33 44 45 47 51 54 62 63 65 69 72 80 81 83 87 90 98 99 
 Total col=19, Total row=27
 bc#: 2197
 c: 8 11 14 17 22 25 28 31 35 41 43 46 49 52 55 58 60 66 73 79 81 84 87 92 95 
 r: 29 37 9 11 15 19 27 33 45 47 51 55 63 65 69 73 81 83 87 91 99 
 Total col=25, Total row=21
 bc#: 2198
 c: 3 6 11 20 29 34 35 37 40 41 46 47 49 52 55 58 60 63 66 72 75 78 99 
 r: 29 38 2 9 11 14 15 20 27 32 33 45 47 50 51 56 63 65 68 69 74 81 83 86 87 92 99 
 Total col=23, Total row=27
 bc#: 2199
 c: 5 6 8 14 17 22 23 25 28 29 31 34 40 46 60 66 73 79 93 99 
 r: 29 39 3 9 11 13 15 21 27 31 33 45 47 49 51 57 63 65 67 69 75 81 83 85 87 93 99 
 Total col=20, Total row=27
 bc#: 2200
 c: 12 14 29 31 35 37 40 43 46 49 55 58 60 63 66 79 81 93 98 99 
 r: 29 40 4 9 11 15 22 27 33 45 47 51 58 63 65 69 76 81 83 87 94 99 
 Total col=20, Total row=22
 bc#: 2201
 c: 3 5 6 8 11 17 20 22 23 25 28 34 41 47 52 61 67 69 72 73 75 78 84 87 90 92 95 
 r: 29 41 5 9 11 15 23 27 33 45 47 51 59 63 65 69 77 81 83 87 95 99 
 Total col=27, Total row=22
 bc#: 2202
 c: 3 12 29 31 35 37 40 43 46 49 60 73 75 79 81 84 87 90 92 93 95 98 
 r: 29 42 6 9 11 15 24 27 33 45 47 51 60 63 65 69 78 81 83 87 96 99 
 Total col=22, Total row=22
 bc#: 2203
 c: 5 6 8 11 12 14 17 20 22 28 34 40 46 52 58 60 63 66 69 72 75 78 81 84 87 90 93 99 
 r: 29 43 7 9 11 15 17 25 27 33 35 45 47 51 53 61 63 65 69 71 79 81 83 87 89 97 99 
 Total col=28, Total row=27
 bc#: 2204
 c: 22 25 28 31 35 37 41 47 60 63 66 69 73 75 79 81 84 93 98 
 r: 29 44 8 9 11 15 18 26 27 33 36 45 47 51 54 62 63 65 69 72 80 81 83 87 90 98 99 
 Total col=19, Total row=27
 bc#: 2205
 c: 5 6 8 14 17 22 23 25 28 29 31 34 40 46 60 66 73 79 93 99 
 r: 29 49 3 9 11 13 15 21 27 31 33 39 45 47 51 57 63 65 67 69 75 81 83 85 87 93 99 
 Total col=20, Total row=27
 bc#: 2206
 c: 3 6 11 20 29 34 35 37 40 41 46 47 49 52 55 58 60 63 66 72 75 78 99 
 r: 29 50 2 9 11 14 15 20 27 32 33 38 45 47 51 56 63 65 68 69 74 81 83 86 87 92 99 
 Total col=23, Total row=27
 bc#: 2207
 c: 5 6 8 11 12 14 17 20 22 28 34 40 46 52 58 60 63 66 69 72 75 78 81 84 87 90 93 99 
 r: 29 53 7 9 11 15 17 25 27 33 35 43 45 47 51 61 63 65 69 71 79 81 83 87 89 97 99 
 Total col=28, Total row=27
 bc#: 2208
 c: 22 25 28 31 35 37 41 47 60 63 66 69 73 75 79 81 84 93 98 
 r: 29 54 8 9 11 15 18 26 27 33 36 44 45 47 51 62 63 65 69 72 80 81 83 87 90 98 99 
 Total col=19, Total row=27
 bc#: 2209
 c: 8 11 14 17 22 25 28 31 35 41 43 46 49 52 55 58 60 66 73 79 81 84 87 92 95 
 r: 29 55 9 11 15 19 27 33 37 45 47 51 63 65 69 73 81 83 87 91 99 
 Total col=25, Total row=21
 bc#: 2210
 c: 3 6 11 20 29 34 35 37 40 41 46 47 49 52 55 58 60 63 66 72 75 78 99 
 r: 29 56 2 9 11 14 15 20 27 32 33 38 45 47 50 51 63 65 68 69 74 81 83 86 87 92 99 
 Total col=23, Total row=27
 bc#: 2211
 c: 5 6 8 14 17 22 23 25 28 29 31 34 40 46 60 66 73 79 93 99 
 r: 29 57 3 9 11 13 15 21 27 31 33 39 45 47 49 51 63 65 67 69 75 81 83 85 87 93 99 
 Total col=20, Total row=27
 bc#: 2212
 c: 12 14 29 31 35 37 40 43 46 49 55 58 60 63 66 79 81 93 98 99 
 r: 29 58 4 9 11 15 22 27 33 40 45 47 51 63 65 69 76 81 83 87 94 99 
 Total col=20, Total row=22
 bc#: 2213
 c: 3 5 6 8 11 17 20 22 23 25 28 34 41 47 52 61 67 69 72 73 75 78 84 87 90 92 95 
 r: 29 59 5 9 11 15 23 27 33 41 45 47 51 63 65 69 77 81 83 87 95 99 
 Total col=27, Total row=22
 bc#: 2214
 c: 3 12 29 31 35 37 40 43 46 49 60 73 75 79 81 84 87 90 92 93 95 98 
 r: 29 60 6 9 11 15 24 27 33 42 45 47 51 63 65 69 78 81 83 87 96 99 
 Total col=22, Total row=22
 bc#: 2215
 c: 5 6 8 11 12 14 17 20 22 28 34 40 46 52 58 60 63 66 69 72 75 78 81 84 87 90 93 99 
 r: 29 61 7 9 11 15 17 25 27 33 35 43 45 47 51 53 63 65 69 71 79 81 83 87 89 97 99 
 Total col=28, Total row=27
 bc#: 2216
 c: 22 25 28 31 35 37 41 47 60 63 66 69 73 75 79 81 84 93 98 
 r: 29 62 8 9 11 15 18 26 27 33 36 44 45 47 51 54 63 65 69 72 80 81 83 87 90 98 99 
 Total col=19, Total row=27
 bc#: 2217
 c: 5 6 8 14 17 22 23 25 28 29 31 34 40 46 60 66 73 79 93 99 
 r: 29 67 3 9 11 13 15 21 27 31 33 39 45 47 49 51 57 63 65 69 75 81 83 85 87 93 99 
 Total col=20, Total row=27
 bc#: 2218
 c: 3 6 11 20 29 34 35 37 40 41 46 47 49 52 55 58 60 63 66 72 75 78 99 
 r: 29 68 2 9 11 14 15 20 27 32 33 38 45 47 50 51 56 63 65 69 74 81 83 86 87 92 99 
 Total col=23, Total row=27
 bc#: 2219
 c: 5 6 8 11 12 14 17 20 22 28 34 40 46 52 58 60 63 66 69 72 75 78 81 84 87 90 93 99 
 r: 29 71 7 9 11 15 17 25 27 33 35 43 45 47 51 53 61 63 65 69 79 81 83 87 89 97 99 
 Total col=28, Total row=27
 bc#: 2220
 c: 22 25 28 31 35 37 41 47 60 63 66 69 73 75 79 81 84 93 98 
 r: 29 72 8 9 11 15 18 26 27 33 36 44 45 47 51 54 62 63 65 69 80 81 83 87 90 98 99 
 Total col=19, Total row=27
 bc#: 2221
 c: 8 11 14 17 22 25 28 31 35 41 43 46 49 52 55 58 60 66 73 79 81 84 87 92 95 
 r: 29 73 9 11 15 19 27 33 37 45 47 51 55 63 65 69 81 83 87 91 99 
 Total col=25, Total row=21
 bc#: 2222
 c: 3 6 11 20 29 34 35 37 40 41 46 47 49 52 55 58 60 63 66 72 75 78 99 
 r: 29 74 2 9 11 14 15 20 27 32 33 38 45 47 50 51 56 63 65 68 69 81 83 86 87 92 99 
 Total col=23, Total row=27
 bc#: 2223
 c: 5 6 8 14 17 22 23 25 28 29 31 34 40 46 60 66 73 79 93 99 
 r: 29 75 3 9 11 13 15 21 27 31 33 39 45 47 49 51 57 63 65 67 69 81 83 85 87 93 99 
 Total col=20, Total row=27
 bc#: 2224
 c: 12 14 29 31 35 37 40 43 46 49 55 58 60 63 66 79 81 93 98 99 
 r: 29 76 4 9 11 15 22 27 33 40 45 47 51 58 63 65 69 81 83 87 94 99 
 Total col=20, Total row=22
 bc#: 2225
 c: 3 5 6 8 11 17 20 22 23 25 28 34 41 47 52 61 67 69 72 73 75 78 84 87 90 92 95 
 r: 29 77 5 9 11 15 23 27 33 41 45 47 51 59 63 65 69 81 83 87 95 99 
 Total col=27, Total row=22
 bc#: 2226
 c: 3 12 29 31 35 37 40 43 46 49 60 73 75 79 81 84 87 90 92 93 95 98 
 r: 29 78 6 9 11 15 24 27 33 42 45 47 51 60 63 65 69 81 83 87 96 99 
 Total col=22, Total row=22
 bc#: 2227
 c: 5 6 8 11 12 14 17 20 22 28 34 40 46 52 58 60 63 66 69 72 75 78 81 84 87 90 93 99 
 r: 29 79 7 9 11 15 17 25 27 33 35 43 45 47 51 53 61 63 65 69 71 81 83 87 89 97 99 
 Total col=28, Total row=27
 bc#: 2228
 c: 22 25 28 31 35 37 41 47 60 63 66 69 73 75 79 81 84 93 98 
 r: 29 80 8 9 11 15 18 26 27 33 36 44 45 47 51 54 62 63 65 69 72 81 83 87 90 98 99 
 Total col=19, Total row=27
 bc#: 2229
 c: 5 6 8 14 17 22 23 25 28 29 31 34 40 46 60 66 73 79 93 99 
 r: 29 85 3 9 11 13 15 21 27 31 33 39 45 47 49 51 57 63 65 67 69 75 81 83 87 93 99 
 Total col=20, Total row=27
 bc#: 2230
 c: 3 6 11 20 29 34 35 37 40 41 46 47 49 52 55 58 60 63 66 72 75 78 99 
 r: 29 86 2 9 11 14 15 20 27 32 33 38 45 47 50 51 56 63 65 68 69 74 81 83 87 92 99 
 Total col=23, Total row=27
 bc#: 2231
 c: 5 6 8 11 12 14 17 20 22 28 34 40 46 52 58 60 63 66 69 72 75 78 81 84 87 90 93 99 
 r: 29 89 7 9 11 15 17 25 27 33 35 43 45 47 51 53 61 63 65 69 71 79 81 83 87 97 99 
 Total col=28, Total row=27
 bc#: 2232
 c: 22 25 28 31 35 37 41 47 60 63 66 69 73 75 79 81 84 93 98 
 r: 29 90 8 9 11 15 18 26 27 33 36 44 45 47 51 54 62 63 65 69 72 80 81 83 87 98 99 
 Total col=19, Total row=27
 bc#: 2233
 c: 8 11 14 17 22 25 28 31 35 41 43 46 49 52 55 58 60 66 73 79 81 84 87 92 95 
 r: 29 91 9 11 15 19 27 33 37 45 47 51 55 63 65 69 73 81 83 87 99 
 Total col=25, Total row=21
 bc#: 2234
 c: 3 6 11 20 29 34 35 37 40 41 46 47 49 52 55 58 60 63 66 72 75 78 99 
 r: 29 92 2 9 11 14 15 20 27 32 33 38 45 47 50 51 56 63 65 68 69 74 81 83 86 87 99 
 Total col=23, Total row=27
 bc#: 2235
 c: 5 6 8 14 17 22 23 25 28 29 31 34 40 46 60 66 73 79 93 99 
 r: 29 93 3 9 11 13 15 21 27 31 33 39 45 47 49 51 57 63 65 67 69 75 81 83 85 87 99 
 Total col=20, Total row=27
 bc#: 2236
 c: 12 14 29 31 35 37 40 43 46 49 55 58 60 63 66 79 81 93 98 99 
 r: 29 94 4 9 11 15 22 27 33 40 45 47 51 58 63 65 69 76 81 83 87 99 
 Total col=20, Total row=22
 bc#: 2237
 c: 3 5 6 8 11 17 20 22 23 25 28 34 41 47 52 61 67 69 72 73 75 78 84 87 90 92 95 
 r: 29 95 5 9 11 15 23 27 33 41 45 47 51 59 63 65 69 77 81 83 87 99 
 Total col=27, Total row=22
 bc#: 2238
 c: 3 12 29 31 35 37 40 43 46 49 60 73 75 79 81 84 87 90 92 93 95 98 
 r: 29 96 6 9 11 15 24 27 33 42 45 47 51 60 63 65 69 78 81 83 87 99 
 Total col=22, Total row=22
 bc#: 2239
 c: 5 6 8 11 12 14 17 20 22 28 34 40 46 52 58 60 63 66 69 72 75 78 81 84 87 90 93 99 
 r: 29 97 7 9 11 15 17 25 27 33 35 43 45 47 51 53 61 63 65 69 71 79 81 83 87 89 99 
 Total col=28, Total row=27
 bc#: 2240
 c: 22 25 28 31 35 37 41 47 60 63 66 69 73 75 79 81 84 93 98 
 r: 29 98 8 9 11 15 18 26 27 33 36 44 45 47 51 54 62 63 65 69 72 80 81 83 87 90 99 
 Total col=19, Total row=27
 bc#: 2241
 c: 2 10 13 19 36 39 42 45 48 51 53 54 56 59 62 65 68 71 74 76 80 82 85 86 88 91 94 96 100 
 r: 30 31 3 10 12 13 16 21 28 34 39 46 48 49 52 57 64 66 67 70 75 82 84 85 88 93 100 
 Total col=29, Total row=27
 bc#: 2242
 c: 1 4 9 13 15 16 18 21 24 26 27 32 44 51 57 65 68 71 77 80 82 83 86 88 89 91 94 96 97 
 r: 30 32 2 10 12 14 16 20 28 34 38 46 48 50 52 56 64 66 68 70 74 82 84 86 88 92 100 
 Total col=29, Total row=27
 bc#: 2243
 c: 1 2 4 7 9 10 13 15 16 18 19 21 24 26 27 30 32 33 36 38 39 42 44 45 48 50 51 53 54 56 57 59 62 64 65 68 70 71 74 76 77 80 82 83 85 86 88 89 91 94 96 97 100 
 r: 30 34 10 12 16 28 46 48 52 64 66 70 82 84 88 100 
 Total col=53, Total row=16
 bc#: 2244
 c: 2 4 21 24 27 30 33 36 39 42 45 48 51 54 57 64 70 76 82 88 94 96 100 
 r: 30 35 7 10 12 16 17 25 28 34 43 46 48 52 53 61 64 66 70 71 79 82 84 88 89 97 100 
 Total col=23, Total row=27
 bc#: 2245
 c: 1 4 7 9 10 13 15 16 18 19 27 32 38 42 45 48 51 53 54 56 57 65 70 76 82 85 88 91 94 97 
 r: 30 36 8 10 12 16 18 26 28 34 44 46 48 52 54 62 64 66 70 72 80 82 84 88 90 98 100 
 Total col=30, Total row=27
 bc#: 2246
 c: 2 4 7 10 16 19 26 30 32 38 39 45 53 59 62 65 68 71 74 76 80 86 89 94 97 100 
 r: 30 37 10 12 16 19 28 34 46 48 52 55 64 66 70 73 82 84 88 91 100 
 Total col=26, Total row=21
 bc#: 2247
 c: 1 4 9 13 15 16 18 21 24 26 27 32 44 51 57 65 68 71 77 80 82 83 86 88 89 91 94 96 97 
 r: 30 38 2 10 12 14 16 20 28 32 34 46 48 50 52 56 64 66 68 70 74 82 84 86 88 92 100 
 Total col=29, Total row=27
 bc#: 2248
 c: 2 10 13 19 36 39 42 45 48 51 53 54 56 59 62 65 68 71 74 76 80 82 85 86 88 91 94 96 100 
 r: 30 39 3 10 12 13 16 21 28 31 34 46 48 49 52 57 64 66 67 70 75 82 84 85 88 93 100 
 Total col=29, Total row=27
 bc#: 2249
 c: 13 15 30 33 36 39 44 45 50 54 56 59 62 64 80 82 89 97 100 
 r: 30 41 5 10 12 16 23 28 34 46 48 52 59 64 66 70 77 82 84 88 95 100 
 Total col=19, Total row=22
 bc#: 2250
 c: 1 4 7 9 10 15 16 18 19 21 24 26 27 32 38 42 48 51 53 54 57 59 62 64 65 68 70 71 76 82 86 97 
 r: 30 42 6 10 12 16 24 28 34 46 48 52 60 64 66 70 78 82 84 88 96 100 
 Total col=32, Total row=22
 bc#: 2251
 c: 2 4 21 24 27 30 33 36 39 42 45 48 51 54 57 64 70 76 82 88 94 96 100 
 r: 30 43 7 10 12 16 17 25 28 34 35 46 48 52 53 61 64 66 70 71 79 82 84 88 89 97 100 
 Total col=23, Total row=27
 bc#: 2252
 c: 1 4 7 9 10 13 15 16 18 19 27 32 38 42 45 48 51 53 54 56 57 65 70 76 82 85 88 91 94 97 
 r: 30 44 8 10 12 16 18 26 28 34 36 46 48 52 54 62 64 66 70 72 80 82 84 88 90 98 100 
 Total col=30, Total row=27
 bc#: 2253
 c: 1 2 4 7 9 10 13 15 16 18 19 21 24 26 27 30 32 33 36 38 39 42 44 45 48 50 51 53 54 56 57 59 62 64 65 68 70 71 74 76 77 80 82 83 85 86 88 89 91 94 96 97 100 
 r: 30 46 10 12 16 28 34 48 52 64 66 70 82 84 88 100 
 Total col=53, Total row=16
 bc#: 2254
 c: 1 2 4 7 9 10 13 15 16 18 19 21 24 26 27 30 32 33 36 38 39 42 44 45 48 50 51 53 54 56 57 59 62 64 65 68 70 71 74 76 77 80 82 83 85 86 88 89 91 94 96 97 100 
 r: 30 48 10 12 16 28 34 46 52 64 66 70 82 84 88 100 
 Total col=53, Total row=16
 bc#: 2255
 c: 2 10 13 19 36 39 42 45 48 51 53 54 56 59 62 65 68 71 74 76 80 82 85 86 88 91 94 96 100 
 r: 30 49 3 10 12 13 16 21 28 31 34 39 46 48 52 57 64 66 67 70 75 82 84 85 88 93 100 
 Total col=29, Total row=27
 bc#: 2256
 c: 1 4 9 13 15 16 18 21 24 26 27 32 44 51 57 65 68 71 77 80 82 83 86 88 89 91 94 96 97 
 r: 30 50 2 10 12 14 16 20 28 32 34 38 46 48 52 56 64 66 68 70 74 82 84 86 88 92 100 
 Total col=29, Total row=27
 bc#: 2257
 c: 1 2 4 7 9 10 13 15 16 18 19 21 24 26 27 30 32 33 36 38 39 42 44 45 48 50 51 53 54 56 57 59 62 64 65 68 70 71 74 76 77 80 82 83 85 86 88 89 91 94 96 97 100 
 r: 30 52 10 12 16 28 34 46 48 64 66 70 82 84 88 100 
 Total col=53, Total row=16
 bc#: 2258
 c: 2 4 21 24 27 30 33 36 39 42 45 48 51 54 57 64 70 76 82 88 94 96 100 
 r: 30 53 7 10 12 16 17 25 28 34 35 43 46 48 52 61 64 66 70 71 79 82 84 88 89 97 100 
 Total col=23, Total row=27
 bc#: 2259
 c: 1 4 7 9 10 13 15 16 18 19 27 32 38 42 45 48 51 53 54 56 57 65 70 76 82 85 88 91 94 97 
 r: 30 54 8 10 12 16 18 26 28 34 36 44 46 48 52 62 64 66 70 72 80 82 84 88 90 98 100 
 Total col=30, Total row=27
 bc#: 2260
 c: 2 4 7 10 16 19 26 30 32 38 39 45 53 59 62 65 68 71 74 76 80 86 89 94 97 100 
 r: 30 55 10 12 16 19 28 34 37 46 48 52 64 66 70 73 82 84 88 91 100 
 Total col=26, Total row=21
 bc#: 2261
 c: 1 4 9 13 15 16 18 21 24 26 27 32 44 51 57 65 68 71 77 80 82 83 86 88 89 91 94 96 97 
 r: 30 56 2 10 12 14 16 20 28 32 34 38 46 48 50 52 64 66 68 70 74 82 84 86 88 92 100 
 Total col=29, Total row=27
 bc#: 2262
 c: 2 10 13 19 36 39 42 45 48 51 53 54 56 59 62 65 68 71 74 76 80 82 85 86 88 91 94 96 100 
 r: 30 57 3 10 12 13 16 21 28 31 34 39 46 48 49 52 64 66 67 70 75 82 84 85 88 93 100 
 Total col=29, Total row=27
 bc#: 2263
 c: 13 15 30 33 36 39 44 45 50 54 56 59 62 64 80 82 89 97 100 
 r: 30 59 5 10 12 16 23 28 34 41 46 48 52 64 66 70 77 82 84 88 95 100 
 Total col=19, Total row=22
 bc#: 2264
 c: 1 4 7 9 10 15 16 18 19 21 24 26 27 32 38 42 48 51 53 54 57 59 62 64 65 68 70 71 76 82 86 97 
 r: 30 60 6 10 12 16 24 28 34 42 46 48 52 64 66 70 78 82 84 88 96 100 
 Total col=32, Total row=22
 bc#: 2265
 c: 2 4 21 24 27 30 33 36 39 42 45 48 51 54 57 64 70 76 82 88 94 96 100 
 r: 30 61 7 10 12 16 17 25 28 34 35 43 46 48 52 53 64 66 70 71 79 82 84 88 89 97 100 
 Total col=23, Total row=27
 bc#: 2266
 c: 1 4 7 9 10 13 15 16 18 19 27 32 38 42 45 48 51 53 54 56 57 65 70 76 82 85 88 91 94 97 
 r: 30 62 8 10 12 16 18 26 28 34 36 44 46 48 52 54 64 66 70 72 80 82 84 88 90 98 100 
 Total col=30, Total row=27
 bc#: 2267
 c: 1 2 4 7 9 10 13 15 16 18 19 21 24 26 27 30 32 33 36 38 39 42 44 45 48 50 51 53 54 56 57 59 62 64 65 68 70 71 74 76 77 80 82 83 85 86 88 89 91 94 96 97 100 
 r: 30 64 10 12 16 28 34 46 48 52 66 70 82 84 88 100 
 Total col=53, Total row=16
 bc#: 2268
 c: 1 2 4 7 9 10 13 15 16 18 19 21 24 26 27 30 32 33 36 38 39 42 44 45 48 50 51 53 54 56 57 59 62 64 65 68 70 71 74 76 77 80 82 83 85 86 88 89 91 94 96 97 100 
 r: 30 66 10 12 16 28 34 46 48 52 64 70 82 84 88 100 
 Total col=53, Total row=16
 bc#: 2269
 c: 2 10 13 19 36 39 42 45 48 51 53 54 56 59 62 65 68 71 74 76 80 82 85 86 88 91 94 96 100 
 r: 30 67 3 10 12 13 16 21 28 31 34 39 46 48 49 52 57 64 66 70 75 82 84 85 88 93 100 
 Total col=29, Total row=27
 bc#: 2270
 c: 1 4 9 13 15 16 18 21 24 26 27 32 44 51 57 65 68 71 77 80 82 83 86 88 89 91 94 96 97 
 r: 30 68 2 10 12 14 16 20 28 32 34 38 46 48 50 52 56 64 66 70 74 82 84 86 88 92 100 
 Total col=29, Total row=27
 bc#: 2271
 c: 1 2 4 7 9 10 13 15 16 18 19 21 24 26 27 30 32 33 36 38 39 42 44 45 48 50 51 53 54 56 57 59 62 64 65 68 70 71 74 76 77 80 82 83 85 86 88 89 91 94 96 97 100 
 r: 30 70 10 12 16 28 34 46 48 52 64 66 82 84 88 100 
 Total col=53, Total row=16
 bc#: 2272
 c: 2 4 21 24 27 30 33 36 39 42 45 48 51 54 57 64 70 76 82 88 94 96 100 
 r: 30 71 7 10 12 16 17 25 28 34 35 43 46 48 52 53 61 64 66 70 79 82 84 88 89 97 100 
 Total col=23, Total row=27
 bc#: 2273
 c: 1 4 7 9 10 13 15 16 18 19 27 32 38 42 45 48 51 53 54 56 57 65 70 76 82 85 88 91 94 97 
 r: 30 72 8 10 12 16 18 26 28 34 36 44 46 48 52 54 62 64 66 70 80 82 84 88 90 98 100 
 Total col=30, Total row=27
 bc#: 2274
 c: 2 4 7 10 16 19 26 30 32 38 39 45 53 59 62 65 68 71 74 76 80 86 89 94 97 100 
 r: 30 73 10 12 16 19 28 34 37 46 48 52 55 64 66 70 82 84 88 91 100 
 Total col=26, Total row=21
 bc#: 2275
 c: 1 4 9 13 15 16 18 21 24 26 27 32 44 51 57 65 68 71 77 80 82 83 86 88 89 91 94 96 97 
 r: 30 74 2 10 12 14 16 20 28 32 34 38 46 48 50 52 56 64 66 68 70 82 84 86 88 92 100 
 Total col=29, Total row=27
 bc#: 2276
 c: 2 10 13 19 36 39 42 45 48 51 53 54 56 59 62 65 68 71 74 76 80 82 85 86 88 91 94 96 100 
 r: 30 75 3 10 12 13 16 21 28 31 34 39 46 48 49 52 57 64 66 67 70 82 84 85 88 93 100 
 Total col=29, Total row=27
 bc#: 2277
 c: 13 15 30 33 36 39 44 45 50 54 56 59 62 64 80 82 89 97 100 
 r: 30 77 5 10 12 16 23 28 34 41 46 48 52 59 64 66 70 82 84 88 95 100 
 Total col=19, Total row=22
 bc#: 2278
 c: 1 4 7 9 10 15 16 18 19 21 24 26 27 32 38 42 48 51 53 54 57 59 62 64 65 68 70 71 76 82 86 97 
 r: 30 78 6 10 12 16 24 28 34 42 46 48 52 60 64 66 70 82 84 88 96 100 
 Total col=32, Total row=22
 bc#: 2279
 c: 2 4 21 24 27 30 33 36 39 42 45 48 51 54 57 64 70 76 82 88 94 96 100 
 r: 30 79 7 10 12 16 17 25 28 34 35 43 46 48 52 53 61 64 66 70 71 82 84 88 89 97 100 
 Total col=23, Total row=27
 bc#: 2280
 c: 1 4 7 9 10 13 15 16 18 19 27 32 38 42 45 48 51 53 54 56 57 65 70 76 82 85 88 91 94 97 
 r: 30 80 8 10 12 16 18 26 28 34 36 44 46 48 52 54 62 64 66 70 72 82 84 88 90 98 100 
 Total col=30, Total row=27
 bc#: 2281
 c: 1 2 4 7 9 10 13 15 16 18 19 21 24 26 27 30 32 33 36 38 39 42 44 45 48 50 51 53 54 56 57 59 62 64 65 68 70 71 74 76 77 80 82 83 85 86 88 89 91 94 96 97 100 
 r: 30 82 10 12 16 28 34 46 48 52 64 66 70 84 88 100 
 Total col=53, Total row=16
 bc#: 2282
 c: 1 2 4 7 9 10 13 15 16 18 19 21 24 26 27 30 32 33 36 38 39 42 44 45 48 50 51 53 54 56 57 59 62 64 65 68 70 71 74 76 77 80 82 83 85 86 88 89 91 94 96 97 100 
 r: 30 84 10 12 16 28 34 46 48 52 64 66 70 82 88 100 
 Total col=53, Total row=16
 bc#: 2283
 c: 2 10 13 19 36 39 42 45 48 51 53 54 56 59 62 65 68 71 74 76 80 82 85 86 88 91 94 96 100 
 r: 30 85 3 10 12 13 16 21 28 31 34 39 46 48 49 52 57 64 66 67 70 75 82 84 88 93 100 
 Total col=29, Total row=27
 bc#: 2284
 c: 1 4 9 13 15 16 18 21 24 26 27 32 44 51 57 65 68 71 77 80 82 83 86 88 89 91 94 96 97 
 r: 30 86 2 10 12 14 16 20 28 32 34 38 46 48 50 52 56 64 66 68 70 74 82 84 88 92 100 
 Total col=29, Total row=27
 bc#: 2285
 c: 1 2 4 7 9 10 13 15 16 18 19 21 24 26 27 30 32 33 36 38 39 42 44 45 48 50 51 53 54 56 57 59 62 64 65 68 70 71 74 76 77 80 82 83 85 86 88 89 91 94 96 97 100 
 r: 30 88 10 12 16 28 34 46 48 52 64 66 70 82 84 100 
 Total col=53, Total row=16
 bc#: 2286
 c: 2 4 21 24 27 30 33 36 39 42 45 48 51 54 57 64 70 76 82 88 94 96 100 
 r: 30 89 7 10 12 16 17 25 28 34 35 43 46 48 52 53 61 64 66 70 71 79 82 84 88 97 100 
 Total col=23, Total row=27
 bc#: 2287
 c: 1 4 7 9 10 13 15 16 18 19 27 32 38 42 45 48 51 53 54 56 57 65 70 76 82 85 88 91 94 97 
 r: 30 90 8 10 12 16 18 26 28 34 36 44 46 48 52 54 62 64 66 70 72 80 82 84 88 98 100 
 Total col=30, Total row=27
 bc#: 2288
 c: 2 4 7 10 16 19 26 30 32 38 39 45 53 59 62 65 68 71 74 76 80 86 89 94 97 100 
 r: 30 91 10 12 16 19 28 34 37 46 48 52 55 64 66 70 73 82 84 88 100 
 Total col=26, Total row=21
 bc#: 2289
 c: 1 4 9 13 15 16 18 21 24 26 27 32 44 51 57 65 68 71 77 80 82 83 86 88 89 91 94 96 97 
 r: 30 92 2 10 12 14 16 20 28 32 34 38 46 48 50 52 56 64 66 68 70 74 82 84 86 88 100 
 Total col=29, Total row=27
 bc#: 2290
 c: 2 10 13 19 36 39 42 45 48 51 53 54 56 59 62 65 68 71 74 76 80 82 85 86 88 91 94 96 100 
 r: 30 93 3 10 12 13 16 21 28 31 34 39 46 48 49 52 57 64 66 67 70 75 82 84 85 88 100 
 Total col=29, Total row=27
 bc#: 2291
 c: 13 15 30 33 36 39 44 45 50 54 56 59 62 64 80 82 89 97 100 
 r: 30 95 5 10 12 16 23 28 34 41 46 48 52 59 64 66 70 77 82 84 88 100 
 Total col=19, Total row=22
 bc#: 2292
 c: 1 4 7 9 10 15 16 18 19 21 24 26 27 32 38 42 48 51 53 54 57 59 62 64 65 68 70 71 76 82 86 97 
 r: 30 96 6 10 12 16 24 28 34 42 46 48 52 60 64 66 70 78 82 84 88 100 
 Total col=32, Total row=22
 bc#: 2293
 c: 2 4 21 24 27 30 33 36 39 42 45 48 51 54 57 64 70 76 82 88 94 96 100 
 r: 30 97 7 10 12 16 17 25 28 34 35 43 46 48 52 53 61 64 66 70 71 79 82 84 88 89 100 
 Total col=23, Total row=27
 bc#: 2294
 c: 1 4 7 9 10 13 15 16 18 19 27 32 38 42 45 48 51 53 54 56 57 65 70 76 82 85 88 91 94 97 
 r: 30 98 8 10 12 16 18 26 28 34 36 44 46 48 52 54 62 64 66 70 72 80 82 84 88 90 100 
 Total col=30, Total row=27
 bc#: 2295
 c: 1 2 4 7 9 10 13 15 16 18 19 21 24 26 27 30 32 33 36 38 39 42 44 45 48 50 51 53 54 56 57 59 62 64 65 68 70 71 74 76 77 80 82 83 85 86 88 89 91 94 96 97 100 
 r: 30 100 10 12 16 28 34 46 48 52 64 66 70 82 84 88 
 Total col=53, Total row=16
 bc#: 2296
 c: 6 13 29 34 40 46 51 60 65 66 68 71 80 82 86 88 91 94 96 99 
 r: 31 32 2 3 13 14 20 21 38 39 49 50 56 57 67 68 74 75 85 86 92 93 
 Total col=20, Total row=22
 bc#: 2297
 c: 5 6 8 14 17 22 23 25 28 29 31 34 40 46 60 66 73 79 93 99 
 r: 31 33 3 9 11 13 15 21 27 29 39 45 47 49 51 57 63 65 67 69 75 81 83 85 87 93 99 
 Total col=20, Total row=27
 bc#: 2298
 c: 2 10 13 19 36 39 42 45 48 51 53 54 56 59 62 65 68 71 74 76 80 82 85 86 88 91 94 96 100 
 r: 31 34 3 10 12 13 16 21 28 30 39 46 48 49 52 57 64 66 67 70 75 82 84 85 88 93 100 
 Total col=29, Total row=27
 bc#: 2299
 c: 2 5 6 8 14 17 22 28 34 36 39 40 42 45 46 48 51 54 60 66 76 82 88 93 94 96 99 100 
 r: 31 35 3 7 13 17 21 25 39 43 49 53 57 61 67 71 75 79 85 89 93 97 
 Total col=28, Total row=22
 bc#: 2300
 c: 10 13 19 22 25 28 31 42 45 48 51 53 54 56 60 65 66 73 76 79 82 85 88 91 93 94 
 r: 31 36 3 8 13 18 21 26 39 44 49 54 57 62 67 72 75 80 85 90 93 98 
 Total col=26, Total row=22
 bc#: 2301
 c: 2 8 10 14 17 19 22 25 28 31 39 45 46 53 59 60 62 65 66 68 71 73 74 76 79 80 86 94 100 
 r: 31 37 3 13 19 21 39 49 55 57 67 73 75 85 91 93 
 Total col=29, Total row=16
 bc#: 2302
 c: 6 13 29 34 40 46 51 60 65 66 68 71 80 82 86 88 91 94 96 99 
 r: 31 38 2 3 13 14 20 21 32 39 49 50 56 57 67 68 74 75 85 86 92 93 
 Total col=20, Total row=22
 bc#: 2303
 c: 2 5 6 8 10 13 14 17 19 22 23 25 28 29 31 34 36 39 40 42 45 46 48 51 53 54 56 59 60 62 65 66 68 71 73 74 76 79 80 82 85 86 88 91 93 94 96 99 100 
 r: 31 39 3 13 21 49 57 67 75 85 93 
 Total col=49, Total row=11
 bc#: 2304
 c: 2 10 14 19 29 31 40 42 46 48 51 53 60 65 66 68 71 74 76 79 85 86 88 91 93 94 96 99 
 r: 31 40 3 4 13 21 22 39 49 57 58 67 75 76 85 93 94 
 Total col=28, Total row=17
 bc#: 2305
 c: 5 6 8 13 17 22 23 25 28 34 36 39 45 54 56 59 62 73 80 82 100 
 r: 31 41 3 5 13 21 23 39 49 57 59 67 75 77 85 93 95 
 Total col=21, Total row=17
 bc#: 2306
 c: 10 19 29 31 40 42 46 48 51 53 54 59 60 62 65 68 71 73 76 79 82 86 93 
 r: 31 42 3 6 13 21 24 39 49 57 60 67 75 78 85 93 96 
 Total col=23, Total row=17
 bc#: 2307
 c: 2 5 6 8 14 17 22 28 34 36 39 40 42 45 46 48 51 54 60 66 76 82 88 93 94 96 99 100 
 r: 31 43 3 7 13 17 21 25 35 39 49 53 57 61 67 71 75 79 85 89 93 97 
 Total col=28, Total row=22
 bc#: 2308
 c: 10 13 19 22 25 28 31 42 45 48 51 53 54 56 60 65 66 73 76 79 82 85 88 91 93 94 
 r: 31 44 3 8 13 18 21 26 36 39 49 54 57 62 67 72 75 80 85 90 93 98 
 Total col=26, Total row=22
 bc#: 2309
 c: 5 6 8 14 17 22 23 25 28 29 31 34 40 46 60 66 73 79 93 99 
 r: 31 45 3 9 11 13 15 21 27 29 33 39 47 49 51 57 63 65 67 69 75 81 83 85 87 93 99 
 Total col=20, Total row=27
 bc#: 2310
 c: 2 10 13 19 36 39 42 45 48 51 53 54 56 59 62 65 68 71 74 76 80 82 85 86 88 91 94 96 100 
 r: 31 46 3 10 12 13 16 21 28 30 34 39 48 49 52 57 64 66 67 70 75 82 84 85 88 93 100 
 Total col=29, Total row=27
 bc#: 2311
 c: 5 6 8 14 17 22 23 25 28 29 31 34 40 46 60 66 73 79 93 99 
 r: 31 47 3 9 11 13 15 21 27 29 33 39 45 49 51 57 63 65 67 69 75 81 83 85 87 93 99 
 Total col=20, Total row=27
 bc#: 2312
 c: 2 10 13 19 36 39 42 45 48 51 53 54 56 59 62 65 68 71 74 76 80 82 85 86 88 91 94 96 100 
 r: 31 48 3 10 12 13 16 21 28 30 34 39 46 49 52 57 64 66 67 70 75 82 84 85 88 93 100 
 Total col=29, Total row=27
 bc#: 2313
 c: 2 5 6 8 10 13 14 17 19 22 23 25 28 29 31 34 36 39 40 42 45 46 48 51 53 54 56 59 60 62 65 66 68 71 73 74 76 79 80 82 85 86 88 91 93 94 96 99 100 
 r: 31 49 3 13 21 39 57 67 75 85 93 
 Total col=49, Total row=11
 bc#: 2314
 c: 6 13 29 34 40 46 51 60 65 66 68 71 80 82 86 88 91 94 96 99 
 r: 31 50 2 3 13 14 20 21 32 38 39 49 56 57 67 68 74 75 85 86 92 93 
 Total col=20, Total row=22
 bc#: 2315
 c: 5 6 8 14 17 22 23 25 28 29 31 34 40 46 60 66 73 79 93 99 
 r: 31 51 3 9 11 13 15 21 27 29 33 39 45 47 49 57 63 65 67 69 75 81 83 85 87 93 99 
 Total col=20, Total row=27
 bc#: 2316
 c: 2 10 13 19 36 39 42 45 48 51 53 54 56 59 62 65 68 71 74 76 80 82 85 86 88 91 94 96 100 
 r: 31 52 3 10 12 13 16 21 28 30 34 39 46 48 49 57 64 66 67 70 75 82 84 85 88 93 100 
 Total col=29, Total row=27
 bc#: 2317
 c: 2 5 6 8 14 17 22 28 34 36 39 40 42 45 46 48 51 54 60 66 76 82 88 93 94 96 99 100 
 r: 31 53 3 7 13 17 21 25 35 39 43 49 57 61 67 71 75 79 85 89 93 97 
 Total col=28, Total row=22
 bc#: 2318
 c: 10 13 19 22 25 28 31 42 45 48 51 53 54 56 60 65 66 73 76 79 82 85 88 91 93 94 
 r: 31 54 3 8 13 18 21 26 36 39 44 49 57 62 67 72 75 80 85 90 93 98 
 Total col=26, Total row=22
 bc#: 2319
 c: 2 8 10 14 17 19 22 25 28 31 39 45 46 53 59 60 62 65 66 68 71 73 74 76 79 80 86 94 100 
 r: 31 55 3 13 19 21 37 39 49 57 67 73 75 85 91 93 
 Total col=29, Total row=16
 bc#: 2320
 c: 6 13 29 34 40 46 51 60 65 66 68 71 80 82 86 88 91 94 96 99 
 r: 31 56 2 3 13 14 20 21 32 38 39 49 50 57 67 68 74 75 85 86 92 93 
 Total col=20, Total row=22
 bc#: 2321
 c: 2 5 6 8 10 13 14 17 19 22 23 25 28 29 31 34 36 39 40 42 45 46 48 51 53 54 56 59 60 62 65 66 68 71 73 74 76 79 80 82 85 86 88 91 93 94 96 99 100 
 r: 31 57 3 13 21 39 49 67 75 85 93 
 Total col=49, Total row=11
 bc#: 2322
 c: 2 10 14 19 29 31 40 42 46 48 51 53 60 65 66 68 71 74 76 79 85 86 88 91 93 94 96 99 
 r: 31 58 3 4 13 21 22 39 40 49 57 67 75 76 85 93 94 
 Total col=28, Total row=17
 bc#: 2323
 c: 5 6 8 13 17 22 23 25 28 34 36 39 45 54 56 59 62 73 80 82 100 
 r: 31 59 3 5 13 21 23 39 41 49 57 67 75 77 85 93 95 
 Total col=21, Total row=17
 bc#: 2324
 c: 10 19 29 31 40 42 46 48 51 53 54 59 60 62 65 68 71 73 76 79 82 86 93 
 r: 31 60 3 6 13 21 24 39 42 49 57 67 75 78 85 93 96 
 Total col=23, Total row=17
 bc#: 2325
 c: 2 5 6 8 14 17 22 28 34 36 39 40 42 45 46 48 51 54 60 66 76 82 88 93 94 96 99 100 
 r: 31 61 3 7 13 17 21 25 35 39 43 49 53 57 67 71 75 79 85 89 93 97 
 Total col=28, Total row=22
 bc#: 2326
 c: 10 13 19 22 25 28 31 42 45 48 51 53 54 56 60 65 66 73 76 79 82 85 88 91 93 94 
 r: 31 62 3 8 13 18 21 26 36 39 44 49 54 57 67 72 75 80 85 90 93 98 
 Total col=26, Total row=22
 bc#: 2327
 c: 5 6 8 14 17 22 23 25 28 29 31 34 40 46 60 66 73 79 93 99 
 r: 31 63 3 9 11 13 15 21 27 29 33 39 45 47 49 51 57 65 67 69 75 81 83 85 87 93 99 
 Total col=20, Total row=27
 bc#: 2328
 c: 2 10 13 19 36 39 42 45 48 51 53 54 56 59 62 65 68 71 74 76 80 82 85 86 88 91 94 96 100 
 r: 31 64 3 10 12 13 16 21 28 30 34 39 46 48 49 52 57 66 67 70 75 82 84 85 88 93 100 
 Total col=29, Total row=27
 bc#: 2329
 c: 5 6 8 14 17 22 23 25 28 29 31 34 40 46 60 66 73 79 93 99 
 r: 31 65 3 9 11 13 15 21 27 29 33 39 45 47 49 51 57 63 67 69 75 81 83 85 87 93 99 
 Total col=20, Total row=27
 bc#: 2330
 c: 2 10 13 19 36 39 42 45 48 51 53 54 56 59 62 65 68 71 74 76 80 82 85 86 88 91 94 96 100 
 r: 31 66 3 10 12 13 16 21 28 30 34 39 46 48 49 52 57 64 67 70 75 82 84 85 88 93 100 
 Total col=29, Total row=27
 bc#: 2331
 c: 2 5 6 8 10 13 14 17 19 22 23 25 28 29 31 34 36 39 40 42 45 46 48 51 53 54 56 59 60 62 65 66 68 71 73 74 76 79 80 82 85 86 88 91 93 94 96 99 100 
 r: 31 67 3 13 21 39 49 57 75 85 93 
 Total col=49, Total row=11
 bc#: 2332
 c: 6 13 29 34 40 46 51 60 65 66 68 71 80 82 86 88 91 94 96 99 
 r: 31 68 2 3 13 14 20 21 32 38 39 49 50 56 57 67 74 75 85 86 92 93 
 Total col=20, Total row=22
 bc#: 2333
 c: 5 6 8 14 17 22 23 25 28 29 31 34 40 46 60 66 73 79 93 99 
 r: 31 69 3 9 11 13 15 21 27 29 33 39 45 47 49 51 57 63 65 67 75 81 83 85 87 93 99 
 Total col=20, Total row=27
 bc#: 2334
 c: 2 10 13 19 36 39 42 45 48 51 53 54 56 59 62 65 68 71 74 76 80 82 85 86 88 91 94 96 100 
 r: 31 70 3 10 12 13 16 21 28 30 34 39 46 48 49 52 57 64 66 67 75 82 84 85 88 93 100 
 Total col=29, Total row=27
 bc#: 2335
 c: 2 5 6 8 14 17 22 28 34 36 39 40 42 45 46 48 51 54 60 66 76 82 88 93 94 96 99 100 
 r: 31 71 3 7 13 17 21 25 35 39 43 49 53 57 61 67 75 79 85 89 93 97 
 Total col=28, Total row=22
 bc#: 2336
 c: 10 13 19 22 25 28 31 42 45 48 51 53 54 56 60 65 66 73 76 79 82 85 88 91 93 94 
 r: 31 72 3 8 13 18 21 26 36 39 44 49 54 57 62 67 75 80 85 90 93 98 
 Total col=26, Total row=22
 bc#: 2337
 c: 2 8 10 14 17 19 22 25 28 31 39 45 46 53 59 60 62 65 66 68 71 73 74 76 79 80 86 94 100 
 r: 31 73 3 13 19 21 37 39 49 55 57 67 75 85 91 93 
 Total col=29, Total row=16
 bc#: 2338
 c: 6 13 29 34 40 46 51 60 65 66 68 71 80 82 86 88 91 94 96 99 
 r: 31 74 2 3 13 14 20 21 32 38 39 49 50 56 57 67 68 75 85 86 92 93 
 Total col=20, Total row=22
 bc#: 2339
 c: 2 5 6 8 10 13 14 17 19 22 23 25 28 29 31 34 36 39 40 42 45 46 48 51 53 54 56 59 60 62 65 66 68 71 73 74 76 79 80 82 85 86 88 91 93 94 96 99 100 
 r: 31 75 3 13 21 39 49 57 67 85 93 
 Total col=49, Total row=11
 bc#: 2340
 c: 2 10 14 19 29 31 40 42 46 48 51 53 60 65 66 68 71 74 76 79 85 86 88 91 93 94 96 99 
 r: 31 76 3 4 13 21 22 39 40 49 57 58 67 75 85 93 94 
 Total col=28, Total row=17
 bc#: 2341
 c: 5 6 8 13 17 22 23 25 28 34 36 39 45 54 56 59 62 73 80 82 100 
 r: 31 77 3 5 13 21 23 39 41 49 57 59 67 75 85 93 95 
 Total col=21, Total row=17
 bc#: 2342
 c: 10 19 29 31 40 42 46 48 51 53 54 59 60 62 65 68 71 73 76 79 82 86 93 
 r: 31 78 3 6 13 21 24 39 42 49 57 60 67 75 85 93 96 
 Total col=23, Total row=17
 bc#: 2343
 c: 2 5 6 8 14 17 22 28 34 36 39 40 42 45 46 48 51 54 60 66 76 82 88 93 94 96 99 100 
 r: 31 79 3 7 13 17 21 25 35 39 43 49 53 57 61 67 71 75 85 89 93 97 
 Total col=28, Total row=22
 bc#: 2344
 c: 10 13 19 22 25 28 31 42 45 48 51 53 54 56 60 65 66 73 76 79 82 85 88 91 93 94 
 r: 31 80 3 8 13 18 21 26 36 39 44 49 54 57 62 67 72 75 85 90 93 98 
 Total col=26, Total row=22
 bc#: 2345
 c: 5 6 8 14 17 22 23 25 28 29 31 34 40 46 60 66 73 79 93 99 
 r: 31 81 3 9 11 13 15 21 27 29 33 39 45 47 49 51 57 63 65 67 69 75 83 85 87 93 99 
 Total col=20, Total row=27
 bc#: 2346
 c: 2 10 13 19 36 39 42 45 48 51 53 54 56 59 62 65 68 71 74 76 80 82 85 86 88 91 94 96 100 
 r: 31 82 3 10 12 13 16 21 28 30 34 39 46 48 49 52 57 64 66 67 70 75 84 85 88 93 100 
 Total col=29, Total row=27
 bc#: 2347
 c: 5 6 8 14 17 22 23 25 28 29 31 34 40 46 60 66 73 79 93 99 
 r: 31 83 3 9 11 13 15 21 27 29 33 39 45 47 49 51 57 63 65 67 69 75 81 85 87 93 99 
 Total col=20, Total row=27
 bc#: 2348
 c: 2 10 13 19 36 39 42 45 48 51 53 54 56 59 62 65 68 71 74 76 80 82 85 86 88 91 94 96 100 
 r: 31 84 3 10 12 13 16 21 28 30 34 39 46 48 49 52 57 64 66 67 70 75 82 85 88 93 100 
 Total col=29, Total row=27
 bc#: 2349
 c: 2 5 6 8 10 13 14 17 19 22 23 25 28 29 31 34 36 39 40 42 45 46 48 51 53 54 56 59 60 62 65 66 68 71 73 74 76 79 80 82 85 86 88 91 93 94 96 99 100 
 r: 31 85 3 13 21 39 49 57 67 75 93 
 Total col=49, Total row=11
 bc#: 2350
 c: 6 13 29 34 40 46 51 60 65 66 68 71 80 82 86 88 91 94 96 99 
 r: 31 86 2 3 13 14 20 21 32 38 39 49 50 56 57 67 68 74 75 85 92 93 
 Total col=20, Total row=22
 bc#: 2351
 c: 5 6 8 14 17 22 23 25 28 29 31 34 40 46 60 66 73 79 93 99 
 r: 31 87 3 9 11 13 15 21 27 29 33 39 45 47 49 51 57 63 65 67 69 75 81 83 85 93 99 
 Total col=20, Total row=27
 bc#: 2352
 c: 2 10 13 19 36 39 42 45 48 51 53 54 56 59 62 65 68 71 74 76 80 82 85 86 88 91 94 96 100 
 r: 31 88 3 10 12 13 16 21 28 30 34 39 46 48 49 52 57 64 66 67 70 75 82 84 85 93 100 
 Total col=29, Total row=27
 bc#: 2353
 c: 2 5 6 8 14 17 22 28 34 36 39 40 42 45 46 48 51 54 60 66 76 82 88 93 94 96 99 100 
 r: 31 89 3 7 13 17 21 25 35 39 43 49 53 57 61 67 71 75 79 85 93 97 
 Total col=28, Total row=22
 bc#: 2354
 c: 10 13 19 22 25 28 31 42 45 48 51 53 54 56 60 65 66 73 76 79 82 85 88 91 93 94 
 r: 31 90 3 8 13 18 21 26 36 39 44 49 54 57 62 67 72 75 80 85 93 98 
 Total col=26, Total row=22
 bc#: 2355
 c: 2 8 10 14 17 19 22 25 28 31 39 45 46 53 59 60 62 65 66 68 71 73 74 76 79 80 86 94 100 
 r: 31 91 3 13 19 21 37 39 49 55 57 67 73 75 85 93 
 Total col=29, Total row=16
 bc#: 2356
 c: 6 13 29 34 40 46 51 60 65 66 68 71 80 82 86 88 91 94 96 99 
 r: 31 92 2 3 13 14 20 21 32 38 39 49 50 56 57 67 68 74 75 85 86 93 
 Total col=20, Total row=22
 bc#: 2357
 c: 2 5 6 8 10 13 14 17 19 22 23 25 28 29 31 34 36 39 40 42 45 46 48 51 53 54 56 59 60 62 65 66 68 71 73 74 76 79 80 82 85 86 88 91 93 94 96 99 100 
 r: 31 93 3 13 21 39 49 57 67 75 85 
 Total col=49, Total row=11
 bc#: 2358
 c: 2 10 14 19 29 31 40 42 46 48 51 53 60 65 66 68 71 74 76 79 85 86 88 91 93 94 96 99 
 r: 31 94 3 4 13 21 22 39 40 49 57 58 67 75 76 85 93 
 Total col=28, Total row=17
 bc#: 2359
 c: 5 6 8 13 17 22 23 25 28 34 36 39 45 54 56 59 62 73 80 82 100 
 r: 31 95 3 5 13 21 23 39 41 49 57 59 67 75 77 85 93 
 Total col=21, Total row=17
 bc#: 2360
 c: 10 19 29 31 40 42 46 48 51 53 54 59 60 62 65 68 71 73 76 79 82 86 93 
 r: 31 96 3 6 13 21 24 39 42 49 57 60 67 75 78 85 93 
 Total col=23, Total row=17
 bc#: 2361
 c: 2 5 6 8 14 17 22 28 34 36 39 40 42 45 46 48 51 54 60 66 76 82 88 93 94 96 99 100 
 r: 31 97 3 7 13 17 21 25 35 39 43 49 53 57 61 67 71 75 79 85 89 93 
 Total col=28, Total row=22
 bc#: 2362
 c: 10 13 19 22 25 28 31 42 45 48 51 53 54 56 60 65 66 73 76 79 82 85 88 91 93 94 
 r: 31 98 3 8 13 18 21 26 36 39 44 49 54 57 62 67 72 75 80 85 90 93 
 Total col=26, Total row=22
 bc#: 2363
 c: 5 6 8 14 17 22 23 25 28 29 31 34 40 46 60 66 73 79 93 99 
 r: 31 99 3 9 11 13 15 21 27 29 33 39 45 47 49 51 57 63 65 67 69 75 81 83 85 87 93 
 Total col=20, Total row=27
 bc#: 2364
 c: 2 10 13 19 36 39 42 45 48 51 53 54 56 59 62 65 68 71 74 76 80 82 85 86 88 91 94 96 100 
 r: 31 100 3 10 12 13 16 21 28 30 34 39 46 48 49 52 57 64 66 67 70 75 82 84 85 88 93 
 Total col=29, Total row=27
 bc#: 2365
 c: 3 6 11 20 29 34 35 37 40 41 46 47 49 52 55 58 60 63 66 72 75 78 99 
 r: 32 33 2 9 11 14 15 20 27 29 38 45 47 50 51 56 63 65 68 69 74 81 83 86 87 92 99 
 Total col=23, Total row=27
 bc#: 2366
 c: 1 4 9 13 15 16 18 21 24 26 27 32 44 51 57 65 68 71 77 80 82 83 86 88 89 91 94 96 97 
 r: 32 34 2 10 12 14 16 20 28 30 38 46 48 50 52 56 64 66 68 70 74 82 84 86 88 92 100 
 Total col=29, Total row=27
 bc#: 2367
 c: 4 6 11 20 21 24 27 34 40 46 51 52 57 58 60 63 66 72 75 78 82 88 94 96 99 
 r: 32 35 2 7 14 17 20 25 38 43 50 53 56 61 68 71 74 79 86 89 92 97 
 Total col=25, Total row=22
 bc#: 2368
 c: 1 4 9 13 15 16 18 27 32 35 37 41 47 51 57 60 63 65 66 75 82 88 91 94 97 
 r: 32 36 2 8 14 18 20 26 38 44 50 54 56 62 68 72 74 80 86 90 92 98 
 Total col=25, Total row=22
 bc#: 2369
 c: 4 11 16 26 32 35 41 46 49 52 55 58 60 65 66 68 71 80 86 89 94 97 
 r: 32 37 2 14 19 20 38 50 55 56 68 73 74 86 91 92 
 Total col=22, Total row=16
 bc#: 2370
 c: 6 13 29 34 40 46 51 60 65 66 68 71 80 82 86 88 91 94 96 99 
 r: 32 39 2 3 13 14 20 21 31 38 49 50 56 57 67 68 74 75 85 86 92 93 
 Total col=20, Total row=22
 bc#: 2371
 c: 3 6 11 13 15 20 34 41 44 47 52 72 75 78 80 82 89 97 
 r: 32 41 2 5 14 20 23 38 50 56 59 68 74 77 86 92 95 
 Total col=18, Total row=17
 bc#: 2372
 c: 1 3 4 9 15 16 18 21 24 26 27 29 32 35 37 40 46 49 51 57 60 65 68 71 75 82 86 97 
 r: 32 42 2 6 14 20 24 38 50 56 60 68 74 78 86 92 96 
 Total col=28, Total row=17
 bc#: 2373
 c: 4 6 11 20 21 24 27 34 40 46 51 52 57 58 60 63 66 72 75 78 82 88 94 96 99 
 r: 32 43 2 7 14 17 20 25 35 38 50 53 56 61 68 71 74 79 86 89 92 97 
 Total col=25, Total row=22
 bc#: 2374
 c: 1 4 9 13 15 16 18 27 32 35 37 41 47 51 57 60 63 65 66 75 82 88 91 94 97 
 r: 32 44 2 8 14 18 20 26 36 38 50 54 56 62 68 72 74 80 86 90 92 98 
 Total col=25, Total row=22
 bc#: 2375
 c: 3 6 11 20 29 34 35 37 40 41 46 47 49 52 55 58 60 63 66 72 75 78 99 
 r: 32 45 2 9 11 14 15 20 27 29 33 38 47 50 51 56 63 65 68 69 74 81 83 86 87 92 99 
 Total col=23, Total row=27
 bc#: 2376
 c: 1 4 9 13 15 16 18 21 24 26 27 32 44 51 57 65 68 71 77 80 82 83 86 88 89 91 94 96 97 
 r: 32 46 2 10 12 14 16 20 28 30 34 38 48 50 52 56 64 66 68 70 74 82 84 86 88 92 100 
 Total col=29, Total row=27
 bc#: 2377
 c: 3 6 11 20 29 34 35 37 40 41 46 47 49 52 55 58 60 63 66 72 75 78 99 
 r: 32 47 2 9 11 14 15 20 27 29 33 38 45 50 51 56 63 65 68 69 74 81 83 86 87 92 99 
 Total col=23, Total row=27
 bc#: 2378
 c: 1 4 9 13 15 16 18 21 24 26 27 32 44 51 57 65 68 71 77 80 82 83 86 88 89 91 94 96 97 
 r: 32 48 2 10 12 14 16 20 28 30 34 38 46 50 52 56 64 66 68 70 74 82 84 86 88 92 100 
 Total col=29, Total row=27
 bc#: 2379
 c: 6 13 29 34 40 46 51 60 65 66 68 71 80 82 86 88 91 94 96 99 
 r: 32 49 2 3 13 14 20 21 31 38 39 50 56 57 67 68 74 75 85 86 92 93 
 Total col=20, Total row=22
 bc#: 2380
 c: 3 6 11 20 29 34 35 37 40 41 46 47 49 52 55 58 60 63 66 72 75 78 99 
 r: 32 51 2 9 11 14 15 20 27 29 33 38 45 47 50 56 63 65 68 69 74 81 83 86 87 92 99 
 Total col=23, Total row=27
 bc#: 2381
 c: 1 4 9 13 15 16 18 21 24 26 27 32 44 51 57 65 68 71 77 80 82 83 86 88 89 91 94 96 97 
 r: 32 52 2 10 12 14 16 20 28 30 34 38 46 48 50 56 64 66 68 70 74 82 84 86 88 92 100 
 Total col=29, Total row=27
 bc#: 2382
 c: 4 6 11 20 21 24 27 34 40 46 51 52 57 58 60 63 66 72 75 78 82 88 94 96 99 
 r: 32 53 2 7 14 17 20 25 35 38 43 50 56 61 68 71 74 79 86 89 92 97 
 Total col=25, Total row=22
 bc#: 2383
 c: 1 4 9 13 15 16 18 27 32 35 37 41 47 51 57 60 63 65 66 75 82 88 91 94 97 
 r: 32 54 2 8 14 18 20 26 36 38 44 50 56 62 68 72 74 80 86 90 92 98 
 Total col=25, Total row=22
 bc#: 2384
 c: 4 11 16 26 32 35 41 46 49 52 55 58 60 65 66 68 71 80 86 89 94 97 
 r: 32 55 2 14 19 20 37 38 50 56 68 73 74 86 91 92 
 Total col=22, Total row=16
 bc#: 2385
 c: 6 13 29 34 40 46 51 60 65 66 68 71 80 82 86 88 91 94 96 99 
 r: 32 57 2 3 13 14 20 21 31 38 39 49 50 56 67 68 74 75 85 86 92 93 
 Total col=20, Total row=22
 bc#: 2386
 c: 3 6 11 13 15 20 34 41 44 47 52 72 75 78 80 82 89 97 
 r: 32 59 2 5 14 20 23 38 41 50 56 68 74 77 86 92 95 
 Total col=18, Total row=17
 bc#: 2387
 c: 1 3 4 9 15 16 18 21 24 26 27 29 32 35 37 40 46 49 51 57 60 65 68 71 75 82 86 97 
 r: 32 60 2 6 14 20 24 38 42 50 56 68 74 78 86 92 96 
 Total col=28, Total row=17
 bc#: 2388
 c: 4 6 11 20 21 24 27 34 40 46 51 52 57 58 60 63 66 72 75 78 82 88 94 96 99 
 r: 32 61 2 7 14 17 20 25 35 38 43 50 53 56 68 71 74 79 86 89 92 97 
 Total col=25, Total row=22
 bc#: 2389
 c: 1 4 9 13 15 16 18 27 32 35 37 41 47 51 57 60 63 65 66 75 82 88 91 94 97 
 r: 32 62 2 8 14 18 20 26 36 38 44 50 54 56 68 72 74 80 86 90 92 98 
 Total col=25, Total row=22
 bc#: 2390
 c: 3 6 11 20 29 34 35 37 40 41 46 47 49 52 55 58 60 63 66 72 75 78 99 
 r: 32 63 2 9 11 14 15 20 27 29 33 38 45 47 50 51 56 65 68 69 74 81 83 86 87 92 99 
 Total col=23, Total row=27
 bc#: 2391
 c: 1 4 9 13 15 16 18 21 24 26 27 32 44 51 57 65 68 71 77 80 82 83 86 88 89 91 94 96 97 
 r: 32 64 2 10 12 14 16 20 28 30 34 38 46 48 50 52 56 66 68 70 74 82 84 86 88 92 100 
 Total col=29, Total row=27
 bc#: 2392
 c: 3 6 11 20 29 34 35 37 40 41 46 47 49 52 55 58 60 63 66 72 75 78 99 
 r: 32 65 2 9 11 14 15 20 27 29 33 38 45 47 50 51 56 63 68 69 74 81 83 86 87 92 99 
 Total col=23, Total row=27
 bc#: 2393
 c: 1 4 9 13 15 16 18 21 24 26 27 32 44 51 57 65 68 71 77 80 82 83 86 88 89 91 94 96 97 
 r: 32 66 2 10 12 14 16 20 28 30 34 38 46 48 50 52 56 64 68 70 74 82 84 86 88 92 100 
 Total col=29, Total row=27
 bc#: 2394
 c: 6 13 29 34 40 46 51 60 65 66 68 71 80 82 86 88 91 94 96 99 
 r: 32 67 2 3 13 14 20 21 31 38 39 49 50 56 57 68 74 75 85 86 92 93 
 Total col=20, Total row=22
 bc#: 2395
 c: 3 6 11 20 29 34 35 37 40 41 46 47 49 52 55 58 60 63 66 72 75 78 99 
 r: 32 69 2 9 11 14 15 20 27 29 33 38 45 47 50 51 56 63 65 68 74 81 83 86 87 92 99 
 Total col=23, Total row=27
 bc#: 2396
 c: 1 4 9 13 15 16 18 21 24 26 27 32 44 51 57 65 68 71 77 80 82 83 86 88 89 91 94 96 97 
 r: 32 70 2 10 12 14 16 20 28 30 34 38 46 48 50 52 56 64 66 68 74 82 84 86 88 92 100 
 Total col=29, Total row=27
 bc#: 2397
 c: 4 6 11 20 21 24 27 34 40 46 51 52 57 58 60 63 66 72 75 78 82 88 94 96 99 
 r: 32 71 2 7 14 17 20 25 35 38 43 50 53 56 61 68 74 79 86 89 92 97 
 Total col=25, Total row=22
 bc#: 2398
 c: 1 4 9 13 15 16 18 27 32 35 37 41 47 51 57 60 63 65 66 75 82 88 91 94 97 
 r: 32 72 2 8 14 18 20 26 36 38 44 50 54 56 62 68 74 80 86 90 92 98 
 Total col=25, Total row=22
 bc#: 2399
 c: 4 11 16 26 32 35 41 46 49 52 55 58 60 65 66 68 71 80 86 89 94 97 
 r: 32 73 2 14 19 20 37 38 50 55 56 68 74 86 91 92 
 Total col=22, Total row=16
 bc#: 2400
 c: 6 13 29 34 40 46 51 60 65 66 68 71 80 82 86 88 91 94 96 99 
 r: 32 75 2 3 13 14 20 21 31 38 39 49 50 56 57 67 68 74 85 86 92 93 
 Total col=20, Total row=22
 bc#: 2401
 c: 3 6 11 13 15 20 34 41 44 47 52 72 75 78 80 82 89 97 
 r: 32 77 2 5 14 20 23 38 41 50 56 59 68 74 86 92 95 
 Total col=18, Total row=17
 bc#: 2402
 c: 1 3 4 9 15 16 18 21 24 26 27 29 32 35 37 40 46 49 51 57 60 65 68 71 75 82 86 97 
 r: 32 78 2 6 14 20 24 38 42 50 56 60 68 74 86 92 96 
 Total col=28, Total row=17
 bc#: 2403
 c: 4 6 11 20 21 24 27 34 40 46 51 52 57 58 60 63 66 72 75 78 82 88 94 96 99 
 r: 32 79 2 7 14 17 20 25 35 38 43 50 53 56 61 68 71 74 86 89 92 97 
 Total col=25, Total row=22
 bc#: 2404
 c: 1 4 9 13 15 16 18 27 32 35 37 41 47 51 57 60 63 65 66 75 82 88 91 94 97 
 r: 32 80 2 8 14 18 20 26 36 38 44 50 54 56 62 68 72 74 86 90 92 98 
 Total col=25, Total row=22
 bc#: 2405
 c: 3 6 11 20 29 34 35 37 40 41 46 47 49 52 55 58 60 63 66 72 75 78 99 
 r: 32 81 2 9 11 14 15 20 27 29 33 38 45 47 50 51 56 63 65 68 69 74 83 86 87 92 99 
 Total col=23, Total row=27
 bc#: 2406
 c: 1 4 9 13 15 16 18 21 24 26 27 32 44 51 57 65 68 71 77 80 82 83 86 88 89 91 94 96 97 
 r: 32 82 2 10 12 14 16 20 28 30 34 38 46 48 50 52 56 64 66 68 70 74 84 86 88 92 100 
 Total col=29, Total row=27
 bc#: 2407
 c: 3 6 11 20 29 34 35 37 40 41 46 47 49 52 55 58 60 63 66 72 75 78 99 
 r: 32 83 2 9 11 14 15 20 27 29 33 38 45 47 50 51 56 63 65 68 69 74 81 86 87 92 99 
 Total col=23, Total row=27
 bc#: 2408
 c: 1 4 9 13 15 16 18 21 24 26 27 32 44 51 57 65 68 71 77 80 82 83 86 88 89 91 94 96 97 
 r: 32 84 2 10 12 14 16 20 28 30 34 38 46 48 50 52 56 64 66 68 70 74 82 86 88 92 100 
 Total col=29, Total row=27
 bc#: 2409
 c: 6 13 29 34 40 46 51 60 65 66 68 71 80 82 86 88 91 94 96 99 
 r: 32 85 2 3 13 14 20 21 31 38 39 49 50 56 57 67 68 74 75 86 92 93 
 Total col=20, Total row=22
 bc#: 2410
 c: 3 6 11 20 29 34 35 37 40 41 46 47 49 52 55 58 60 63 66 72 75 78 99 
 r: 32 87 2 9 11 14 15 20 27 29 33 38 45 47 50 51 56 63 65 68 69 74 81 83 86 92 99 
 Total col=23, Total row=27
 bc#: 2411
 c: 1 4 9 13 15 16 18 21 24 26 27 32 44 51 57 65 68 71 77 80 82 83 86 88 89 91 94 96 97 
 r: 32 88 2 10 12 14 16 20 28 30 34 38 46 48 50 52 56 64 66 68 70 74 82 84 86 92 100 
 Total col=29, Total row=27
 bc#: 2412
 c: 4 6 11 20 21 24 27 34 40 46 51 52 57 58 60 63 66 72 75 78 82 88 94 96 99 
 r: 32 89 2 7 14 17 20 25 35 38 43 50 53 56 61 68 71 74 79 86 92 97 
 Total col=25, Total row=22
 bc#: 2413
 c: 1 4 9 13 15 16 18 27 32 35 37 41 47 51 57 60 63 65 66 75 82 88 91 94 97 
 r: 32 90 2 8 14 18 20 26 36 38 44 50 54 56 62 68 72 74 80 86 92 98 
 Total col=25, Total row=22
 bc#: 2414
 c: 4 11 16 26 32 35 41 46 49 52 55 58 60 65 66 68 71 80 86 89 94 97 
 r: 32 91 2 14 19 20 37 38 50 55 56 68 73 74 86 92 
 Total col=22, Total row=16
 bc#: 2415
 c: 6 13 29 34 40 46 51 60 65 66 68 71 80 82 86 88 91 94 96 99 
 r: 32 93 2 3 13 14 20 21 31 38 39 49 50 56 57 67 68 74 75 85 86 92 
 Total col=20, Total row=22
 bc#: 2416
 c: 3 6 11 13 15 20 34 41 44 47 52 72 75 78 80 82 89 97 
 r: 32 95 2 5 14 20 23 38 41 50 56 59 68 74 77 86 92 
 Total col=18, Total row=17
 bc#: 2417
 c: 1 3 4 9 15 16 18 21 24 26 27 29 32 35 37 40 46 49 51 57 60 65 68 71 75 82 86 97 
 r: 32 96 2 6 14 20 24 38 42 50 56 60 68 74 78 86 92 
 Total col=28, Total row=17
 bc#: 2418
 c: 4 6 11 20 21 24 27 34 40 46 51 52 57 58 60 63 66 72 75 78 82 88 94 96 99 
 r: 32 97 2 7 14 17 20 25 35 38 43 50 53 56 61 68 71 74 79 86 89 92 
 Total col=25, Total row=22
 bc#: 2419
 c: 1 4 9 13 15 16 18 27 32 35 37 41 47 51 57 60 63 65 66 75 82 88 91 94 97 
 r: 32 98 2 8 14 18 20 26 36 38 44 50 54 56 62 68 72 74 80 86 90 92 
 Total col=25, Total row=22
 bc#: 2420
 c: 3 6 11 20 29 34 35 37 40 41 46 47 49 52 55 58 60 63 66 72 75 78 99 
 r: 32 99 2 9 11 14 15 20 27 29 33 38 45 47 50 51 56 63 65 68 69 74 81 83 86 87 92 
 Total col=23, Total row=27
 bc#: 2421
 c: 1 4 9 13 15 16 18 21 24 26 27 32 44 51 57 65 68 71 77 80 82 83 86 88 89 91 94 96 97 
 r: 32 100 2 10 12 14 16 20 28 30 34 38 46 48 50 52 56 64 66 68 70 74 82 84 86 88 92 
 Total col=29, Total row=27
 bc#: 2422
 c: 5 6 8 11 12 14 17 20 22 28 34 40 46 52 58 60 63 66 69 72 75 78 81 84 87 90 93 99 
 r: 33 35 7 9 11 15 17 25 27 29 43 45 47 51 53 61 63 65 69 71 79 81 83 87 89 97 99 
 Total col=28, Total row=27
 bc#: 2423
 c: 22 25 28 31 35 37 41 47 60 63 66 69 73 75 79 81 84 93 98 
 r: 33 36 8 9 11 15 18 26 27 29 44 45 47 51 54 62 63 65 69 72 80 81 83 87 90 98 99 
 Total col=19, Total row=27
 bc#: 2424
 c: 8 11 14 17 22 25 28 31 35 41 43 46 49 52 55 58 60 66 73 79 81 84 87 92 95 
 r: 33 37 9 11 15 19 27 29 45 47 51 55 63 65 69 73 81 83 87 91 99 
 Total col=25, Total row=21
 bc#: 2425
 c: 3 6 11 20 29 34 35 37 40 41 46 47 49 52 55 58 60 63 66 72 75 78 99 
 r: 33 38 2 9 11 14 15 20 27 29 32 45 47 50 51 56 63 65 68 69 74 81 83 86 87 92 99 
 Total col=23, Total row=27
 bc#: 2426
 c: 5 6 8 14 17 22 23 25 28 29 31 34 40 46 60 66 73 79 93 99 
 r: 33 39 3 9 11 13 15 21 27 29 31 45 47 49 51 57 63 65 67 69 75 81 83 85 87 93 99 
 Total col=20, Total row=27
 bc#: 2427
 c: 12 14 29 31 35 37 40 43 46 49 55 58 60 63 66 79 81 93 98 99 
 r: 33 40 4 9 11 15 22 27 29 45 47 51 58 63 65 69 76 81 83 87 94 99 
 Total col=20, Total row=22
 bc#: 2428
 c: 3 5 6 8 11 17 20 22 23 25 28 34 41 47 52 61 67 69 72 73 75 78 84 87 90 92 95 
 r: 33 41 5 9 11 15 23 27 29 45 47 51 59 63 65 69 77 81 83 87 95 99 
 Total col=27, Total row=22
 bc#: 2429
 c: 3 12 29 31 35 37 40 43 46 49 60 73 75 79 81 84 87 90 92 93 95 98 
 r: 33 42 6 9 11 15 24 27 29 45 47 51 60 63 65 69 78 81 83 87 96 99 
 Total col=22, Total row=22
 bc#: 2430
 c: 5 6 8 11 12 14 17 20 22 28 34 40 46 52 58 60 63 66 69 72 75 78 81 84 87 90 93 99 
 r: 33 43 7 9 11 15 17 25 27 29 35 45 47 51 53 61 63 65 69 71 79 81 83 87 89 97 99 
 Total col=28, Total row=27
 bc#: 2431
 c: 22 25 28 31 35 37 41 47 60 63 66 69 73 75 79 81 84 93 98 
 r: 33 44 8 9 11 15 18 26 27 29 36 45 47 51 54 62 63 65 69 72 80 81 83 87 90 98 99 
 Total col=19, Total row=27
 bc#: 2432
 c: 5 6 8 14 17 22 23 25 28 29 31 34 40 46 60 66 73 79 93 99 
 r: 33 49 3 9 11 13 15 21 27 29 31 39 45 47 51 57 63 65 67 69 75 81 83 85 87 93 99 
 Total col=20, Total row=27
 bc#: 2433
 c: 3 6 11 20 29 34 35 37 40 41 46 47 49 52 55 58 60 63 66 72 75 78 99 
 r: 33 50 2 9 11 14 15 20 27 29 32 38 45 47 51 56 63 65 68 69 74 81 83 86 87 92 99 
 Total col=23, Total row=27
 bc#: 2434
 c: 5 6 8 11 12 14 17 20 22 28 34 40 46 52 58 60 63 66 69 72 75 78 81 84 87 90 93 99 
 r: 33 53 7 9 11 15 17 25 27 29 35 43 45 47 51 61 63 65 69 71 79 81 83 87 89 97 99 
 Total col=28, Total row=27
 bc#: 2435
 c: 22 25 28 31 35 37 41 47 60 63 66 69 73 75 79 81 84 93 98 
 r: 33 54 8 9 11 15 18 26 27 29 36 44 45 47 51 62 63 65 69 72 80 81 83 87 90 98 99 
 Total col=19, Total row=27
 bc#: 2436
 c: 8 11 14 17 22 25 28 31 35 41 43 46 49 52 55 58 60 66 73 79 81 84 87 92 95 
 r: 33 55 9 11 15 19 27 29 37 45 47 51 63 65 69 73 81 83 87 91 99 
 Total col=25, Total row=21
 bc#: 2437
 c: 3 6 11 20 29 34 35 37 40 41 46 47 49 52 55 58 60 63 66 72 75 78 99 
 r: 33 56 2 9 11 14 15 20 27 29 32 38 45 47 50 51 63 65 68 69 74 81 83 86 87 92 99 
 Total col=23, Total row=27
 bc#: 2438
 c: 5 6 8 14 17 22 23 25 28 29 31 34 40 46 60 66 73 79 93 99 
 r: 33 57 3 9 11 13 15 21 27 29 31 39 45 47 49 51 63 65 67 69 75 81 83 85 87 93 99 
 Total col=20, Total row=27
 bc#: 2439
 c: 12 14 29 31 35 37 40 43 46 49 55 58 60 63 66 79 81 93 98 99 
 r: 33 58 4 9 11 15 22 27 29 40 45 47 51 63 65 69 76 81 83 87 94 99 
 Total col=20, Total row=22
 bc#: 2440
 c: 3 5 6 8 11 17 20 22 23 25 28 34 41 47 52 61 67 69 72 73 75 78 84 87 90 92 95 
 r: 33 59 5 9 11 15 23 27 29 41 45 47 51 63 65 69 77 81 83 87 95 99 
 Total col=27, Total row=22
 bc#: 2441
 c: 3 12 29 31 35 37 40 43 46 49 60 73 75 79 81 84 87 90 92 93 95 98 
 r: 33 60 6 9 11 15 24 27 29 42 45 47 51 63 65 69 78 81 83 87 96 99 
 Total col=22, Total row=22
 bc#: 2442
 c: 5 6 8 11 12 14 17 20 22 28 34 40 46 52 58 60 63 66 69 72 75 78 81 84 87 90 93 99 
 r: 33 61 7 9 11 15 17 25 27 29 35 43 45 47 51 53 63 65 69 71 79 81 83 87 89 97 99 
 Total col=28, Total row=27
 bc#: 2443
 c: 22 25 28 31 35 37 41 47 60 63 66 69 73 75 79 81 84 93 98 
 r: 33 62 8 9 11 15 18 26 27 29 36 44 45 47 51 54 63 65 69 72 80 81 83 87 90 98 99 
 Total col=19, Total row=27
 bc#: 2444
 c: 5 6 8 14 17 22 23 25 28 29 31 34 40 46 60 66 73 79 93 99 
 r: 33 67 3 9 11 13 15 21 27 29 31 39 45 47 49 51 57 63 65 69 75 81 83 85 87 93 99 
 Total col=20, Total row=27
 bc#: 2445
 c: 3 6 11 20 29 34 35 37 40 41 46 47 49 52 55 58 60 63 66 72 75 78 99 
 r: 33 68 2 9 11 14 15 20 27 29 32 38 45 47 50 51 56 63 65 69 74 81 83 86 87 92 99 
 Total col=23, Total row=27
 bc#: 2446
 c: 5 6 8 11 12 14 17 20 22 28 34 40 46 52 58 60 63 66 69 72 75 78 81 84 87 90 93 99 
 r: 33 71 7 9 11 15 17 25 27 29 35 43 45 47 51 53 61 63 65 69 79 81 83 87 89 97 99 
 Total col=28, Total row=27
 bc#: 2447
 c: 22 25 28 31 35 37 41 47 60 63 66 69 73 75 79 81 84 93 98 
 r: 33 72 8 9 11 15 18 26 27 29 36 44 45 47 51 54 62 63 65 69 80 81 83 87 90 98 99 
 Total col=19, Total row=27
 bc#: 2448
 c: 8 11 14 17 22 25 28 31 35 41 43 46 49 52 55 58 60 66 73 79 81 84 87 92 95 
 r: 33 73 9 11 15 19 27 29 37 45 47 51 55 63 65 69 81 83 87 91 99 
 Total col=25, Total row=21
 bc#: 2449
 c: 3 6 11 20 29 34 35 37 40 41 46 47 49 52 55 58 60 63 66 72 75 78 99 
 r: 33 74 2 9 11 14 15 20 27 29 32 38 45 47 50 51 56 63 65 68 69 81 83 86 87 92 99 
 Total col=23, Total row=27
 bc#: 2450
 c: 5 6 8 14 17 22 23 25 28 29 31 34 40 46 60 66 73 79 93 99 
 r: 33 75 3 9 11 13 15 21 27 29 31 39 45 47 49 51 57 63 65 67 69 81 83 85 87 93 99 
 Total col=20, Total row=27
 bc#: 2451
 c: 12 14 29 31 35 37 40 43 46 49 55 58 60 63 66 79 81 93 98 99 
 r: 33 76 4 9 11 15 22 27 29 40 45 47 51 58 63 65 69 81 83 87 94 99 
 Total col=20, Total row=22
 bc#: 2452
 c: 3 5 6 8 11 17 20 22 23 25 28 34 41 47 52 61 67 69 72 73 75 78 84 87 90 92 95 
 r: 33 77 5 9 11 15 23 27 29 41 45 47 51 59 63 65 69 81 83 87 95 99 
 Total col=27, Total row=22
 bc#: 2453
 c: 3 12 29 31 35 37 40 43 46 49 60 73 75 79 81 84 87 90 92 93 95 98 
 r: 33 78 6 9 11 15 24 27 29 42 45 47 51 60 63 65 69 81 83 87 96 99 
 Total col=22, Total row=22
 bc#: 2454
 c: 5 6 8 11 12 14 17 20 22 28 34 40 46 52 58 60 63 66 69 72 75 78 81 84 87 90 93 99 
 r: 33 79 7 9 11 15 17 25 27 29 35 43 45 47 51 53 61 63 65 69 71 81 83 87 89 97 99 
 Total col=28, Total row=27
 bc#: 2455
 c: 22 25 28 31 35 37 41 47 60 63 66 69 73 75 79 81 84 93 98 
 r: 33 80 8 9 11 15 18 26 27 29 36 44 45 47 51 54 62 63 65 69 72 81 83 87 90 98 99 
 Total col=19, Total row=27
 bc#: 2456
 c: 5 6 8 14 17 22 23 25 28 29 31 34 40 46 60 66 73 79 93 99 
 r: 33 85 3 9 11 13 15 21 27 29 31 39 45 47 49 51 57 63 65 67 69 75 81 83 87 93 99 
 Total col=20, Total row=27
 bc#: 2457
 c: 3 6 11 20 29 34 35 37 40 41 46 47 49 52 55 58 60 63 66 72 75 78 99 
 r: 33 86 2 9 11 14 15 20 27 29 32 38 45 47 50 51 56 63 65 68 69 74 81 83 87 92 99 
 Total col=23, Total row=27
 bc#: 2458
 c: 5 6 8 11 12 14 17 20 22 28 34 40 46 52 58 60 63 66 69 72 75 78 81 84 87 90 93 99 
 r: 33 89 7 9 11 15 17 25 27 29 35 43 45 47 51 53 61 63 65 69 71 79 81 83 87 97 99 
 Total col=28, Total row=27
 bc#: 2459
 c: 22 25 28 31 35 37 41 47 60 63 66 69 73 75 79 81 84 93 98 
 r: 33 90 8 9 11 15 18 26 27 29 36 44 45 47 51 54 62 63 65 69 72 80 81 83 87 98 99 
 Total col=19, Total row=27
 bc#: 2460
 c: 8 11 14 17 22 25 28 31 35 41 43 46 49 52 55 58 60 66 73 79 81 84 87 92 95 
 r: 33 91 9 11 15 19 27 29 37 45 47 51 55 63 65 69 73 81 83 87 99 
 Total col=25, Total row=21
 bc#: 2461
 c: 3 6 11 20 29 34 35 37 40 41 46 47 49 52 55 58 60 63 66 72 75 78 99 
 r: 33 92 2 9 11 14 15 20 27 29 32 38 45 47 50 51 56 63 65 68 69 74 81 83 86 87 99 
 Total col=23, Total row=27
 bc#: 2462
 c: 5 6 8 14 17 22 23 25 28 29 31 34 40 46 60 66 73 79 93 99 
 r: 33 93 3 9 11 13 15 21 27 29 31 39 45 47 49 51 57 63 65 67 69 75 81 83 85 87 99 
 Total col=20, Total row=27
 bc#: 2463
 c: 12 14 29 31 35 37 40 43 46 49 55 58 60 63 66 79 81 93 98 99 
 r: 33 94 4 9 11 15 22 27 29 40 45 47 51 58 63 65 69 76 81 83 87 99 
 Total col=20, Total row=22
 bc#: 2464
 c: 3 5 6 8 11 17 20 22 23 25 28 34 41 47 52 61 67 69 72 73 75 78 84 87 90 92 95 
 r: 33 95 5 9 11 15 23 27 29 41 45 47 51 59 63 65 69 77 81 83 87 99 
 Total col=27, Total row=22
 bc#: 2465
 c: 3 12 29 31 35 37 40 43 46 49 60 73 75 79 81 84 87 90 92 93 95 98 
 r: 33 96 6 9 11 15 24 27 29 42 45 47 51 60 63 65 69 78 81 83 87 99 
 Total col=22, Total row=22
 bc#: 2466
 c: 5 6 8 11 12 14 17 20 22 28 34 40 46 52 58 60 63 66 69 72 75 78 81 84 87 90 93 99 
 r: 33 97 7 9 11 15 17 25 27 29 35 43 45 47 51 53 61 63 65 69 71 79 81 83 87 89 99 
 Total col=28, Total row=27
 bc#: 2467
 c: 22 25 28 31 35 37 41 47 60 63 66 69 73 75 79 81 84 93 98 
 r: 33 98 8 9 11 15 18 26 27 29 36 44 45 47 51 54 62 63 65 69 72 80 81 83 87 90 99 
 Total col=19, Total row=27
 bc#: 2468
 c: 2 4 21 24 27 30 33 36 39 42 45 48 51 54 57 64 70 76 82 88 94 96 100 
 r: 34 35 7 10 12 16 17 25 28 30 43 46 48 52 53 61 64 66 70 71 79 82 84 88 89 97 100 
 Total col=23, Total row=27
 bc#: 2469
 c: 1 4 7 9 10 13 15 16 18 19 27 32 38 42 45 48 51 53 54 56 57 65 70 76 82 85 88 91 94 97 
 r: 34 36 8 10 12 16 18 26 28 30 44 46 48 52 54 62 64 66 70 72 80 82 84 88 90 98 100 
 Total col=30, Total row=27
 bc#: 2470
 c: 2 4 7 10 16 19 26 30 32 38 39 45 53 59 62 65 68 71 74 76 80 86 89 94 97 100 
 r: 34 37 10 12 16 19 28 30 46 48 52 55 64 66 70 73 82 84 88 91 100 
 Total col=26, Total row=21
 bc#: 2471
 c: 1 4 9 13 15 16 18 21 24 26 27 32 44 51 57 65 68 71 77 80 82 83 86 88 89 91 94 96 97 
 r: 34 38 2 10 12 14 16 20 28 30 32 46 48 50 52 56 64 66 68 70 74 82 84 86 88 92 100 
 Total col=29, Total row=27
 bc#: 2472
 c: 2 10 13 19 36 39 42 45 48 51 53 54 56 59 62 65 68 71 74 76 80 82 85 86 88 91 94 96 100 
 r: 34 39 3 10 12 13 16 21 28 30 31 46 48 49 52 57 64 66 67 70 75 82 84 85 88 93 100 
 Total col=29, Total row=27
 bc#: 2473
 c: 13 15 30 33 36 39 44 45 50 54 56 59 62 64 80 82 89 97 100 
 r: 34 41 5 10 12 16 23 28 30 46 48 52 59 64 66 70 77 82 84 88 95 100 
 Total col=19, Total row=22
 bc#: 2474
 c: 1 4 7 9 10 15 16 18 19 21 24 26 27 32 38 42 48 51 53 54 57 59 62 64 65 68 70 71 76 82 86 97 
 r: 34 42 6 10 12 16 24 28 30 46 48 52 60 64 66 70 78 82 84 88 96 100 
 Total col=32, Total row=22
 bc#: 2475
 c: 2 4 21 24 27 30 33 36 39 42 45 48 51 54 57 64 70 76 82 88 94 96 100 
 r: 34 43 7 10 12 16 17 25 28 30 35 46 48 52 53 61 64 66 70 71 79 82 84 88 89 97 100 
 Total col=23, Total row=27
 bc#: 2476
 c: 1 4 7 9 10 13 15 16 18 19 27 32 38 42 45 48 51 53 54 56 57 65 70 76 82 85 88 91 94 97 
 r: 34 44 8 10 12 16 18 26 28 30 36 46 48 52 54 62 64 66 70 72 80 82 84 88 90 98 100 
 Total col=30, Total row=27
 bc#: 2477
 c: 1 2 4 7 9 10 13 15 16 18 19 21 24 26 27 30 32 33 36 38 39 42 44 45 48 50 51 53 54 56 57 59 62 64 65 68 70 71 74 76 77 80 82 83 85 86 88 89 91 94 96 97 100 
 r: 34 46 10 12 16 28 30 48 52 64 66 70 82 84 88 100 
 Total col=53, Total row=16
 bc#: 2478
 c: 1 2 4 7 9 10 13 15 16 18 19 21 24 26 27 30 32 33 36 38 39 42 44 45 48 50 51 53 54 56 57 59 62 64 65 68 70 71 74 76 77 80 82 83 85 86 88 89 91 94 96 97 100 
 r: 34 48 10 12 16 28 30 46 52 64 66 70 82 84 88 100 
 Total col=53, Total row=16
 bc#: 2479
 c: 2 10 13 19 36 39 42 45 48 51 53 54 56 59 62 65 68 71 74 76 80 82 85 86 88 91 94 96 100 
 r: 34 49 3 10 12 13 16 21 28 30 31 39 46 48 52 57 64 66 67 70 75 82 84 85 88 93 100 
 Total col=29, Total row=27
 bc#: 2480
 c: 1 4 9 13 15 16 18 21 24 26 27 32 44 51 57 65 68 71 77 80 82 83 86 88 89 91 94 96 97 
 r: 34 50 2 10 12 14 16 20 28 30 32 38 46 48 52 56 64 66 68 70 74 82 84 86 88 92 100 
 Total col=29, Total row=27
 bc#: 2481
 c: 1 2 4 7 9 10 13 15 16 18 19 21 24 26 27 30 32 33 36 38 39 42 44 45 48 50 51 53 54 56 57 59 62 64 65 68 70 71 74 76 77 80 82 83 85 86 88 89 91 94 96 97 100 
 r: 34 52 10 12 16 28 30 46 48 64 66 70 82 84 88 100 
 Total col=53, Total row=16
 bc#: 2482
 c: 2 4 21 24 27 30 33 36 39 42 45 48 51 54 57 64 70 76 82 88 94 96 100 
 r: 34 53 7 10 12 16 17 25 28 30 35 43 46 48 52 61 64 66 70 71 79 82 84 88 89 97 100 
 Total col=23, Total row=27
 bc#: 2483
 c: 1 4 7 9 10 13 15 16 18 19 27 32 38 42 45 48 51 53 54 56 57 65 70 76 82 85 88 91 94 97 
 r: 34 54 8 10 12 16 18 26 28 30 36 44 46 48 52 62 64 66 70 72 80 82 84 88 90 98 100 
 Total col=30, Total row=27
 bc#: 2484
 c: 2 4 7 10 16 19 26 30 32 38 39 45 53 59 62 65 68 71 74 76 80 86 89 94 97 100 
 r: 34 55 10 12 16 19 28 30 37 46 48 52 64 66 70 73 82 84 88 91 100 
 Total col=26, Total row=21
 bc#: 2485
 c: 1 4 9 13 15 16 18 21 24 26 27 32 44 51 57 65 68 71 77 80 82 83 86 88 89 91 94 96 97 
 r: 34 56 2 10 12 14 16 20 28 30 32 38 46 48 50 52 64 66 68 70 74 82 84 86 88 92 100 
 Total col=29, Total row=27
 bc#: 2486
 c: 2 10 13 19 36 39 42 45 48 51 53 54 56 59 62 65 68 71 74 76 80 82 85 86 88 91 94 96 100 
 r: 34 57 3 10 12 13 16 21 28 30 31 39 46 48 49 52 64 66 67 70 75 82 84 85 88 93 100 
 Total col=29, Total row=27
 bc#: 2487
 c: 13 15 30 33 36 39 44 45 50 54 56 59 62 64 80 82 89 97 100 
 r: 34 59 5 10 12 16 23 28 30 41 46 48 52 64 66 70 77 82 84 88 95 100 
 Total col=19, Total row=22
 bc#: 2488
 c: 1 4 7 9 10 15 16 18 19 21 24 26 27 32 38 42 48 51 53 54 57 59 62 64 65 68 70 71 76 82 86 97 
 r: 34 60 6 10 12 16 24 28 30 42 46 48 52 64 66 70 78 82 84 88 96 100 
 Total col=32, Total row=22
 bc#: 2489
 c: 2 4 21 24 27 30 33 36 39 42 45 48 51 54 57 64 70 76 82 88 94 96 100 
 r: 34 61 7 10 12 16 17 25 28 30 35 43 46 48 52 53 64 66 70 71 79 82 84 88 89 97 100 
 Total col=23, Total row=27
 bc#: 2490
 c: 1 4 7 9 10 13 15 16 18 19 27 32 38 42 45 48 51 53 54 56 57 65 70 76 82 85 88 91 94 97 
 r: 34 62 8 10 12 16 18 26 28 30 36 44 46 48 52 54 64 66 70 72 80 82 84 88 90 98 100 
 Total col=30, Total row=27
 bc#: 2491
 c: 1 2 4 7 9 10 13 15 16 18 19 21 24 26 27 30 32 33 36 38 39 42 44 45 48 50 51 53 54 56 57 59 62 64 65 68 70 71 74 76 77 80 82 83 85 86 88 89 91 94 96 97 100 
 r: 34 64 10 12 16 28 30 46 48 52 66 70 82 84 88 100 
 Total col=53, Total row=16
 bc#: 2492
 c: 1 2 4 7 9 10 13 15 16 18 19 21 24 26 27 30 32 33 36 38 39 42 44 45 48 50 51 53 54 56 57 59 62 64 65 68 70 71 74 76 77 80 82 83 85 86 88 89 91 94 96 97 100 
 r: 34 66 10 12 16 28 30 46 48 52 64 70 82 84 88 100 
 Total col=53, Total row=16
 bc#: 2493
 c: 2 10 13 19 36 39 42 45 48 51 53 54 56 59 62 65 68 71 74 76 80 82 85 86 88 91 94 96 100 
 r: 34 67 3 10 12 13 16 21 28 30 31 39 46 48 49 52 57 64 66 70 75 82 84 85 88 93 100 
 Total col=29, Total row=27
 bc#: 2494
 c: 1 4 9 13 15 16 18 21 24 26 27 32 44 51 57 65 68 71 77 80 82 83 86 88 89 91 94 96 97 
 r: 34 68 2 10 12 14 16 20 28 30 32 38 46 48 50 52 56 64 66 70 74 82 84 86 88 92 100 
 Total col=29, Total row=27
 bc#: 2495
 c: 1 2 4 7 9 10 13 15 16 18 19 21 24 26 27 30 32 33 36 38 39 42 44 45 48 50 51 53 54 56 57 59 62 64 65 68 70 71 74 76 77 80 82 83 85 86 88 89 91 94 96 97 100 
 r: 34 70 10 12 16 28 30 46 48 52 64 66 82 84 88 100 
 Total col=53, Total row=16
 bc#: 2496
 c: 2 4 21 24 27 30 33 36 39 42 45 48 51 54 57 64 70 76 82 88 94 96 100 
 r: 34 71 7 10 12 16 17 25 28 30 35 43 46 48 52 53 61 64 66 70 79 82 84 88 89 97 100 
 Total col=23, Total row=27
 bc#: 2497
 c: 1 4 7 9 10 13 15 16 18 19 27 32 38 42 45 48 51 53 54 56 57 65 70 76 82 85 88 91 94 97 
 r: 34 72 8 10 12 16 18 26 28 30 36 44 46 48 52 54 62 64 66 70 80 82 84 88 90 98 100 
 Total col=30, Total row=27
 bc#: 2498
 c: 2 4 7 10 16 19 26 30 32 38 39 45 53 59 62 65 68 71 74 76 80 86 89 94 97 100 
 r: 34 73 10 12 16 19 28 30 37 46 48 52 55 64 66 70 82 84 88 91 100 
 Total col=26, Total row=21
 bc#: 2499
 c: 1 4 9 13 15 16 18 21 24 26 27 32 44 51 57 65 68 71 77 80 82 83 86 88 89 91 94 96 97 
 r: 34 74 2 10 12 14 16 20 28 30 32 38 46 48 50 52 56 64 66 68 70 82 84 86 88 92 100 
 Total col=29, Total row=27
 bc#: 2500
 c: 2 10 13 19 36 39 42 45 48 51 53 54 56 59 62 65 68 71 74 76 80 82 85 86 88 91 94 96 100 
 r: 34 75 3 10 12 13 16 21 28 30 31 39 46 48 49 52 57 64 66 67 70 82 84 85 88 93 100 
 Total col=29, Total row=27
 bc#: 2501
 c: 13 15 30 33 36 39 44 45 50 54 56 59 62 64 80 82 89 97 100 
 r: 34 77 5 10 12 16 23 28 30 41 46 48 52 59 64 66 70 82 84 88 95 100 
 Total col=19, Total row=22
 bc#: 2502
 c: 1 4 7 9 10 15 16 18 19 21 24 26 27 32 38 42 48 51 53 54 57 59 62 64 65 68 70 71 76 82 86 97 
 r: 34 78 6 10 12 16 24 28 30 42 46 48 52 60 64 66 70 82 84 88 96 100 
 Total col=32, Total row=22
 bc#: 2503
 c: 2 4 21 24 27 30 33 36 39 42 45 48 51 54 57 64 70 76 82 88 94 96 100 
 r: 34 79 7 10 12 16 17 25 28 30 35 43 46 48 52 53 61 64 66 70 71 82 84 88 89 97 100 
 Total col=23, Total row=27
 bc#: 2504
 c: 1 4 7 9 10 13 15 16 18 19 27 32 38 42 45 48 51 53 54 56 57 65 70 76 82 85 88 91 94 97 
 r: 34 80 8 10 12 16 18 26 28 30 36 44 46 48 52 54 62 64 66 70 72 82 84 88 90 98 100 
 Total col=30, Total row=27
 bc#: 2505
 c: 1 2 4 7 9 10 13 15 16 18 19 21 24 26 27 30 32 33 36 38 39 42 44 45 48 50 51 53 54 56 57 59 62 64 65 68 70 71 74 76 77 80 82 83 85 86 88 89 91 94 96 97 100 
 r: 34 82 10 12 16 28 30 46 48 52 64 66 70 84 88 100 
 Total col=53, Total row=16
 bc#: 2506
 c: 1 2 4 7 9 10 13 15 16 18 19 21 24 26 27 30 32 33 36 38 39 42 44 45 48 50 51 53 54 56 57 59 62 64 65 68 70 71 74 76 77 80 82 83 85 86 88 89 91 94 96 97 100 
 r: 34 84 10 12 16 28 30 46 48 52 64 66 70 82 88 100 
 Total col=53, Total row=16
 bc#: 2507
 c: 2 10 13 19 36 39 42 45 48 51 53 54 56 59 62 65 68 71 74 76 80 82 85 86 88 91 94 96 100 
 r: 34 85 3 10 12 13 16 21 28 30 31 39 46 48 49 52 57 64 66 67 70 75 82 84 88 93 100 
 Total col=29, Total row=27
 bc#: 2508
 c: 1 4 9 13 15 16 18 21 24 26 27 32 44 51 57 65 68 71 77 80 82 83 86 88 89 91 94 96 97 
 r: 34 86 2 10 12 14 16 20 28 30 32 38 46 48 50 52 56 64 66 68 70 74 82 84 88 92 100 
 Total col=29, Total row=27
 bc#: 2509
 c: 1 2 4 7 9 10 13 15 16 18 19 21 24 26 27 30 32 33 36 38 39 42 44 45 48 50 51 53 54 56 57 59 62 64 65 68 70 71 74 76 77 80 82 83 85 86 88 89 91 94 96 97 100 
 r: 34 88 10 12 16 28 30 46 48 52 64 66 70 82 84 100 
 Total col=53, Total row=16
 bc#: 2510
 c: 2 4 21 24 27 30 33 36 39 42 45 48 51 54 57 64 70 76 82 88 94 96 100 
 r: 34 89 7 10 12 16 17 25 28 30 35 43 46 48 52 53 61 64 66 70 71 79 82 84 88 97 100 
 Total col=23, Total row=27
 bc#: 2511
 c: 1 4 7 9 10 13 15 16 18 19 27 32 38 42 45 48 51 53 54 56 57 65 70 76 82 85 88 91 94 97 
 r: 34 90 8 10 12 16 18 26 28 30 36 44 46 48 52 54 62 64 66 70 72 80 82 84 88 98 100 
 Total col=30, Total row=27
 bc#: 2512
 c: 2 4 7 10 16 19 26 30 32 38 39 45 53 59 62 65 68 71 74 76 80 86 89 94 97 100 
 r: 34 91 10 12 16 19 28 30 37 46 48 52 55 64 66 70 73 82 84 88 100 
 Total col=26, Total row=21
 bc#: 2513
 c: 1 4 9 13 15 16 18 21 24 26 27 32 44 51 57 65 68 71 77 80 82 83 86 88 89 91 94 96 97 
 r: 34 92 2 10 12 14 16 20 28 30 32 38 46 48 50 52 56 64 66 68 70 74 82 84 86 88 100 
 Total col=29, Total row=27
 bc#: 2514
 c: 2 10 13 19 36 39 42 45 48 51 53 54 56 59 62 65 68 71 74 76 80 82 85 86 88 91 94 96 100 
 r: 34 93 3 10 12 13 16 21 28 30 31 39 46 48 49 52 57 64 66 67 70 75 82 84 85 88 100 
 Total col=29, Total row=27
 bc#: 2515
 c: 13 15 30 33 36 39 44 45 50 54 56 59 62 64 80 82 89 97 100 
 r: 34 95 5 10 12 16 23 28 30 41 46 48 52 59 64 66 70 77 82 84 88 100 
 Total col=19, Total row=22
 bc#: 2516
 c: 1 4 7 9 10 15 16 18 19 21 24 26 27 32 38 42 48 51 53 54 57 59 62 64 65 68 70 71 76 82 86 97 
 r: 34 96 6 10 12 16 24 28 30 42 46 48 52 60 64 66 70 78 82 84 88 100 
 Total col=32, Total row=22
 bc#: 2517
 c: 2 4 21 24 27 30 33 36 39 42 45 48 51 54 57 64 70 76 82 88 94 96 100 
 r: 34 97 7 10 12 16 17 25 28 30 35 43 46 48 52 53 61 64 66 70 71 79 82 84 88 89 100 
 Total col=23, Total row=27
 bc#: 2518
 c: 1 4 7 9 10 13 15 16 18 19 27 32 38 42 45 48 51 53 54 56 57 65 70 76 82 85 88 91 94 97 
 r: 34 98 8 10 12 16 18 26 28 30 36 44 46 48 52 54 62 64 66 70 72 80 82 84 88 90 100 
 Total col=30, Total row=27
 bc#: 2519
 c: 1 2 4 7 9 10 13 15 16 18 19 21 24 26 27 30 32 33 36 38 39 42 44 45 48 50 51 53 54 56 57 59 62 64 65 68 70 71 74 76 77 80 82 83 85 86 88 89 91 94 96 97 100 
 r: 34 100 10 12 16 28 30 46 48 52 64 66 70 82 84 88 
 Total col=53, Total row=16
 bc#: 2520
 c: 2 4 8 11 14 17 22 28 30 39 45 46 52 58 60 66 76 81 84 87 94 100 
 r: 35 37 7 17 19 25 43 53 55 61 71 73 79 89 91 97 
 Total col=22, Total row=16
 bc#: 2521
 c: 4 6 11 20 21 24 27 34 40 46 51 52 57 58 60 63 66 72 75 78 82 88 94 96 99 
 r: 35 38 2 7 14 17 20 25 32 43 50 53 56 61 68 71 74 79 86 89 92 97 
 Total col=25, Total row=22
 bc#: 2522
 c: 2 5 6 8 14 17 22 28 34 36 39 40 42 45 46 48 51 54 60 66 76 82 88 93 94 96 99 100 
 r: 35 39 3 7 13 17 21 25 31 43 49 53 57 61 67 71 75 79 85 89 93 97 
 Total col=28, Total row=22
 bc#: 2523
 c: 2 4 12 14 21 24 27 40 42 46 48 51 57 58 60 63 66 70 76 81 88 93 94 96 99 
 r: 35 40 4 7 17 22 25 43 53 58 61 71 76 79 89 94 97 
 Total col=25, Total row=17
 bc#: 2524
 c: 5 6 8 11 17 20 22 28 30 33 34 36 39 45 52 54 64 69 72 75 78 82 84 87 90 100 
 r: 35 41 5 7 17 23 25 43 53 59 61 71 77 79 89 95 97 
 Total col=26, Total row=17
 bc#: 2525
 c: 4 12 21 24 27 40 42 46 48 51 54 57 60 64 70 75 76 81 82 84 87 90 93 
 r: 35 42 6 7 17 24 25 43 53 60 61 71 78 79 89 96 97 
 Total col=23, Total row=17
 bc#: 2526
 c: 5 6 8 11 12 14 17 20 22 28 34 40 46 52 58 60 63 66 69 72 75 78 81 84 87 90 93 99 
 r: 35 45 7 9 11 15 17 25 27 29 33 43 47 51 53 61 63 65 69 71 79 81 83 87 89 97 99 
 Total col=28, Total row=27
 bc#: 2527
 c: 2 4 21 24 27 30 33 36 39 42 45 48 51 54 57 64 70 76 82 88 94 96 100 
 r: 35 46 7 10 12 16 17 25 28 30 34 43 48 52 53 61 64 66 70 71 79 82 84 88 89 97 100 
 Total col=23, Total row=27
 bc#: 2528
 c: 5 6 8 11 12 14 17 20 22 28 34 40 46 52 58 60 63 66 69 72 75 78 81 84 87 90 93 99 
 r: 35 47 7 9 11 15 17 25 27 29 33 43 45 51 53 61 63 65 69 71 79 81 83 87 89 97 99 
 Total col=28, Total row=27
 bc#: 2529
 c: 2 4 21 24 27 30 33 36 39 42 45 48 51 54 57 64 70 76 82 88 94 96 100 
 r: 35 48 7 10 12 16 17 25 28 30 34 43 46 52 53 61 64 66 70 71 79 82 84 88 89 97 100 
 Total col=23, Total row=27
 bc#: 2530
 c: 2 5 6 8 14 17 22 28 34 36 39 40 42 45 46 48 51 54 60 66 76 82 88 93 94 96 99 100 
 r: 35 49 3 7 13 17 21 25 31 39 43 53 57 61 67 71 75 79 85 89 93 97 
 Total col=28, Total row=22
 bc#: 2531
 c: 4 6 11 20 21 24 27 34 40 46 51 52 57 58 60 63 66 72 75 78 82 88 94 96 99 
 r: 35 50 2 7 14 17 20 25 32 38 43 53 56 61 68 71 74 79 86 89 92 97 
 Total col=25, Total row=22
 bc#: 2532
 c: 5 6 8 11 12 14 17 20 22 28 34 40 46 52 58 60 63 66 69 72 75 78 81 84 87 90 93 99 
 r: 35 51 7 9 11 15 17 25 27 29 33 43 45 47 53 61 63 65 69 71 79 81 83 87 89 97 99 
 Total col=28, Total row=27
 bc#: 2533
 c: 2 4 21 24 27 30 33 36 39 42 45 48 51 54 57 64 70 76 82 88 94 96 100 
 r: 35 52 7 10 12 16 17 25 28 30 34 43 46 48 53 61 64 66 70 71 79 82 84 88 89 97 100 
 Total col=23, Total row=27
 bc#: 2534
 c: 2 4 8 11 14 17 22 28 30 39 45 46 52 58 60 66 76 81 84 87 94 100 
 r: 35 55 7 17 19 25 37 43 53 61 71 73 79 89 91 97 
 Total col=22, Total row=16
 bc#: 2535
 c: 4 6 11 20 21 24 27 34 40 46 51 52 57 58 60 63 66 72 75 78 82 88 94 96 99 
 r: 35 56 2 7 14 17 20 25 32 38 43 50 53 61 68 71 74 79 86 89 92 97 
 Total col=25, Total row=22
 bc#: 2536
 c: 2 5 6 8 14 17 22 28 34 36 39 40 42 45 46 48 51 54 60 66 76 82 88 93 94 96 99 100 
 r: 35 57 3 7 13 17 21 25 31 39 43 49 53 61 67 71 75 79 85 89 93 97 
 Total col=28, Total row=22
 bc#: 2537
 c: 2 4 12 14 21 24 27 40 42 46 48 51 57 58 60 63 66 70 76 81 88 93 94 96 99 
 r: 35 58 4 7 17 22 25 40 43 53 61 71 76 79 89 94 97 
 Total col=25, Total row=17
 bc#: 2538
 c: 5 6 8 11 17 20 22 28 30 33 34 36 39 45 52 54 64 69 72 75 78 82 84 87 90 100 
 r: 35 59 5 7 17 23 25 41 43 53 61 71 77 79 89 95 97 
 Total col=26, Total row=17
 bc#: 2539
 c: 4 12 21 24 27 40 42 46 48 51 54 57 60 64 70 75 76 81 82 84 87 90 93 
 r: 35 60 6 7 17 24 25 42 43 53 61 71 78 79 89 96 97 
 Total col=23, Total row=17
 bc#: 2540
 c: 5 6 8 11 12 14 17 20 22 28 34 40 46 52 58 60 63 66 69 72 75 78 81 84 87 90 93 99 
 r: 35 63 7 9 11 15 17 25 27 29 33 43 45 47 51 53 61 65 69 71 79 81 83 87 89 97 99 
 Total col=28, Total row=27
 bc#: 2541
 c: 2 4 21 24 27 30 33 36 39 42 45 48 51 54 57 64 70 76 82 88 94 96 100 
 r: 35 64 7 10 12 16 17 25 28 30 34 43 46 48 52 53 61 66 70 71 79 82 84 88 89 97 100 
 Total col=23, Total row=27
 bc#: 2542
 c: 5 6 8 11 12 14 17 20 22 28 34 40 46 52 58 60 63 66 69 72 75 78 81 84 87 90 93 99 
 r: 35 65 7 9 11 15 17 25 27 29 33 43 45 47 51 53 61 63 69 71 79 81 83 87 89 97 99 
 Total col=28, Total row=27
 bc#: 2543
 c: 2 4 21 24 27 30 33 36 39 42 45 48 51 54 57 64 70 76 82 88 94 96 100 
 r: 35 66 7 10 12 16 17 25 28 30 34 43 46 48 52 53 61 64 70 71 79 82 84 88 89 97 100 
 Total col=23, Total row=27
 bc#: 2544
 c: 2 5 6 8 14 17 22 28 34 36 39 40 42 45 46 48 51 54 60 66 76 82 88 93 94 96 99 100 
 r: 35 67 3 7 13 17 21 25 31 39 43 49 53 57 61 71 75 79 85 89 93 97 
 Total col=28, Total row=22
 bc#: 2545
 c: 4 6 11 20 21 24 27 34 40 46 51 52 57 58 60 63 66 72 75 78 82 88 94 96 99 
 r: 35 68 2 7 14 17 20 25 32 38 43 50 53 56 61 71 74 79 86 89 92 97 
 Total col=25, Total row=22
 bc#: 2546
 c: 5 6 8 11 12 14 17 20 22 28 34 40 46 52 58 60 63 66 69 72 75 78 81 84 87 90 93 99 
 r: 35 69 7 9 11 15 17 25 27 29 33 43 45 47 51 53 61 63 65 71 79 81 83 87 89 97 99 
 Total col=28, Total row=27
 bc#: 2547
 c: 2 4 21 24 27 30 33 36 39 42 45 48 51 54 57 64 70 76 82 88 94 96 100 
 r: 35 70 7 10 12 16 17 25 28 30 34 43 46 48 52 53 61 64 66 71 79 82 84 88 89 97 100 
 Total col=23, Total row=27
 bc#: 2548
 c: 2 4 8 11 14 17 22 28 30 39 45 46 52 58 60 66 76 81 84 87 94 100 
 r: 35 73 7 17 19 25 37 43 53 55 61 71 79 89 91 97 
 Total col=22, Total row=16
 bc#: 2549
 c: 4 6 11 20 21 24 27 34 40 46 51 52 57 58 60 63 66 72 75 78 82 88 94 96 99 
 r: 35 74 2 7 14 17 20 25 32 38 43 50 53 56 61 68 71 79 86 89 92 97 
 Total col=25, Total row=22
 bc#: 2550
 c: 2 5 6 8 14 17 22 28 34 36 39 40 42 45 46 48 51 54 60 66 76 82 88 93 94 96 99 100 
 r: 35 75 3 7 13 17 21 25 31 39 43 49 53 57 61 67 71 79 85 89 93 97 
 Total col=28, Total row=22
 bc#: 2551
 c: 2 4 12 14 21 24 27 40 42 46 48 51 57 58 60 63 66 70 76 81 88 93 94 96 99 
 r: 35 76 4 7 17 22 25 40 43 53 58 61 71 79 89 94 97 
 Total col=25, Total row=17
 bc#: 2552
 c: 5 6 8 11 17 20 22 28 30 33 34 36 39 45 52 54 64 69 72 75 78 82 84 87 90 100 
 r: 35 77 5 7 17 23 25 41 43 53 59 61 71 79 89 95 97 
 Total col=26, Total row=17
 bc#: 2553
 c: 4 12 21 24 27 40 42 46 48 51 54 57 60 64 70 75 76 81 82 84 87 90 93 
 r: 35 78 6 7 17 24 25 42 43 53 60 61 71 79 89 96 97 
 Total col=23, Total row=17
 bc#: 2554
 c: 5 6 8 11 12 14 17 20 22 28 34 40 46 52 58 60 63 66 69 72 75 78 81 84 87 90 93 99 
 r: 35 81 7 9 11 15 17 25 27 29 33 43 45 47 51 53 61 63 65 69 71 79 83 87 89 97 99 
 Total col=28, Total row=27
 bc#: 2555
 c: 2 4 21 24 27 30 33 36 39 42 45 48 51 54 57 64 70 76 82 88 94 96 100 
 r: 35 82 7 10 12 16 17 25 28 30 34 43 46 48 52 53 61 64 66 70 71 79 84 88 89 97 100 
 Total col=23, Total row=27
 bc#: 2556
 c: 5 6 8 11 12 14 17 20 22 28 34 40 46 52 58 60 63 66 69 72 75 78 81 84 87 90 93 99 
 r: 35 83 7 9 11 15 17 25 27 29 33 43 45 47 51 53 61 63 65 69 71 79 81 87 89 97 99 
 Total col=28, Total row=27
 bc#: 2557
 c: 2 4 21 24 27 30 33 36 39 42 45 48 51 54 57 64 70 76 82 88 94 96 100 
 r: 35 84 7 10 12 16 17 25 28 30 34 43 46 48 52 53 61 64 66 70 71 79 82 88 89 97 100 
 Total col=23, Total row=27
 bc#: 2558
 c: 2 5 6 8 14 17 22 28 34 36 39 40 42 45 46 48 51 54 60 66 76 82 88 93 94 96 99 100 
 r: 35 85 3 7 13 17 21 25 31 39 43 49 53 57 61 67 71 75 79 89 93 97 
 Total col=28, Total row=22
 bc#: 2559
 c: 4 6 11 20 21 24 27 34 40 46 51 52 57 58 60 63 66 72 75 78 82 88 94 96 99 
 r: 35 86 2 7 14 17 20 25 32 38 43 50 53 56 61 68 71 74 79 89 92 97 
 Total col=25, Total row=22
 bc#: 2560
 c: 5 6 8 11 12 14 17 20 22 28 34 40 46 52 58 60 63 66 69 72 75 78 81 84 87 90 93 99 
 r: 35 87 7 9 11 15 17 25 27 29 33 43 45 47 51 53 61 63 65 69 71 79 81 83 89 97 99 
 Total col=28, Total row=27
 bc#: 2561
 c: 2 4 21 24 27 30 33 36 39 42 45 48 51 54 57 64 70 76 82 88 94 96 100 
 r: 35 88 7 10 12 16 17 25 28 30 34 43 46 48 52 53 61 64 66 70 71 79 82 84 89 97 100 
 Total col=23, Total row=27
 bc#: 2562
 c: 2 4 8 11 14 17 22 28 30 39 45 46 52 58 60 66 76 81 84 87 94 100 
 r: 35 91 7 17 19 25 37 43 53 55 61 71 73 79 89 97 
 Total col=22, Total row=16
 bc#: 2563
 c: 4 6 11 20 21 24 27 34 40 46 51 52 57 58 60 63 66 72 75 78 82 88 94 96 99 
 r: 35 92 2 7 14 17 20 25 32 38 43 50 53 56 61 68 71 74 79 86 89 97 
 Total col=25, Total row=22
 bc#: 2564
 c: 2 5 6 8 14 17 22 28 34 36 39 40 42 45 46 48 51 54 60 66 76 82 88 93 94 96 99 100 
 r: 35 93 3 7 13 17 21 25 31 39 43 49 53 57 61 67 71 75 79 85 89 97 
 Total col=28, Total row=22
 bc#: 2565
 c: 2 4 12 14 21 24 27 40 42 46 48 51 57 58 60 63 66 70 76 81 88 93 94 96 99 
 r: 35 94 4 7 17 22 25 40 43 53 58 61 71 76 79 89 97 
 Total col=25, Total row=17
 bc#: 2566
 c: 5 6 8 11 17 20 22 28 30 33 34 36 39 45 52 54 64 69 72 75 78 82 84 87 90 100 
 r: 35 95 5 7 17 23 25 41 43 53 59 61 71 77 79 89 97 
 Total col=26, Total row=17
 bc#: 2567
 c: 4 12 21 24 27 40 42 46 48 51 54 57 60 64 70 75 76 81 82 84 87 90 93 
 r: 35 96 6 7 17 24 25 42 43 53 60 61 71 78 79 89 97 
 Total col=23, Total row=17
 bc#: 2568
 c: 5 6 8 11 12 14 17 20 22 28 34 40 46 52 58 60 63 66 69 72 75 78 81 84 87 90 93 99 
 r: 35 99 7 9 11 15 17 25 27 29 33 43 45 47 51 53 61 63 65 69 71 79 81 83 87 89 97 
 Total col=28, Total row=27
 bc#: 2569
 c: 2 4 21 24 27 30 33 36 39 42 45 48 51 54 57 64 70 76 82 88 94 96 100 
 r: 35 100 7 10 12 16 17 25 28 30 34 43 46 48 52 53 61 64 66 70 71 79 82 84 88 89 97 
 Total col=23, Total row=27
 bc#: 2570
 c: 4 7 10 16 19 22 25 28 31 32 35 38 41 45 53 60 65 66 73 76 79 81 84 94 97 
 r: 36 37 8 18 19 26 44 54 55 62 72 73 80 90 91 98 
 Total col=25, Total row=16
 bc#: 2571
 c: 1 4 9 13 15 16 18 27 32 35 37 41 47 51 57 60 63 65 66 75 82 88 91 94 97 
 r: 36 38 2 8 14 18 20 26 32 44 50 54 56 62 68 72 74 80 86 90 92 98 
 Total col=25, Total row=22
 bc#: 2572
 c: 10 13 19 22 25 28 31 42 45 48 51 53 54 56 60 65 66 73 76 79 82 85 88 91 93 94 
 r: 36 39 3 8 13 18 21 26 31 44 49 54 57 62 67 72 75 80 85 90 93 98 
 Total col=26, Total row=22
 bc#: 2573
 c: 1 4 7 9 10 16 18 19 27 31 32 35 37 38 42 48 51 53 57 60 63 65 66 70 76 79 81 85 88 91 93 94 98 
 r: 36 40 4 8 18 22 26 44 54 58 62 72 76 80 90 94 98 
 Total col=33, Total row=17
 bc#: 2574
 c: 13 15 22 25 28 41 45 47 54 56 69 73 75 82 84 97 
 r: 36 41 5 8 18 23 26 44 54 59 62 72 77 80 90 95 98 
 Total col=16, Total row=17
 bc#: 2575
 c: 1 4 7 9 10 15 16 18 19 27 31 32 35 37 38 42 48 51 53 54 57 60 65 70 73 75 76 79 81 82 84 93 97 98 
 r: 36 42 6 8 18 24 26 44 54 60 62 72 78 80 90 96 98 
 Total col=34, Total row=17
 bc#: 2576
 c: 22 25 28 31 35 37 41 47 60 63 66 69 73 75 79 81 84 93 98 
 r: 36 45 8 9 11 15 18 26 27 29 33 44 47 51 54 62 63 65 69 72 80 81 83 87 90 98 99 
 Total col=19, Total row=27
 bc#: 2577
 c: 1 4 7 9 10 13 15 16 18 19 27 32 38 42 45 48 51 53 54 56 57 65 70 76 82 85 88 91 94 97 
 r: 36 46 8 10 12 16 18 26 28 30 34 44 48 52 54 62 64 66 70 72 80 82 84 88 90 98 100 
 Total col=30, Total row=27
 bc#: 2578
 c: 22 25 28 31 35 37 41 47 60 63 66 69 73 75 79 81 84 93 98 
 r: 36 47 8 9 11 15 18 26 27 29 33 44 45 51 54 62 63 65 69 72 80 81 83 87 90 98 99 
 Total col=19, Total row=27
 bc#: 2579
 c: 1 4 7 9 10 13 15 16 18 19 27 32 38 42 45 48 51 53 54 56 57 65 70 76 82 85 88 91 94 97 
 r: 36 48 8 10 12 16 18 26 28 30 34 44 46 52 54 62 64 66 70 72 80 82 84 88 90 98 100 
 Total col=30, Total row=27
 bc#: 2580
 c: 10 13 19 22 25 28 31 42 45 48 51 53 54 56 60 65 66 73 76 79 82 85 88 91 93 94 
 r: 36 49 3 8 13 18 21 26 31 39 44 54 57 62 67 72 75 80 85 90 93 98 
 Total col=26, Total row=22
 bc#: 2581
 c: 1 4 9 13 15 16 18 27 32 35 37 41 47 51 57 60 63 65 66 75 82 88 91 94 97 
 r: 36 50 2 8 14 18 20 26 32 38 44 54 56 62 68 72 74 80 86 90 92 98 
 Total col=25, Total row=22
 bc#: 2582
 c: 22 25 28 31 35 37 41 47 60 63 66 69 73 75 79 81 84 93 98 
 r: 36 51 8 9 11 15 18 26 27 29 33 44 45 47 54 62 63 65 69 72 80 81 83 87 90 98 99 
 Total col=19, Total row=27
 bc#: 2583
 c: 1 4 7 9 10 13 15 16 18 19 27 32 38 42 45 48 51 53 54 56 57 65 70 76 82 85 88 91 94 97 
 r: 36 52 8 10 12 16 18 26 28 30 34 44 46 48 54 62 64 66 70 72 80 82 84 88 90 98 100 
 Total col=30, Total row=27
 bc#: 2584
 c: 4 7 10 16 19 22 25 28 31 32 35 38 41 45 53 60 65 66 73 76 79 81 84 94 97 
 r: 36 55 8 18 19 26 37 44 54 62 72 73 80 90 91 98 
 Total col=25, Total row=16
 bc#: 2585
 c: 1 4 9 13 15 16 18 27 32 35 37 41 47 51 57 60 63 65 66 75 82 88 91 94 97 
 r: 36 56 2 8 14 18 20 26 32 38 44 50 54 62 68 72 74 80 86 90 92 98 
 Total col=25, Total row=22
 bc#: 2586
 c: 10 13 19 22 25 28 31 42 45 48 51 53 54 56 60 65 66 73 76 79 82 85 88 91 93 94 
 r: 36 57 3 8 13 18 21 26 31 39 44 49 54 62 67 72 75 80 85 90 93 98 
 Total col=26, Total row=22
 bc#: 2587
 c: 1 4 7 9 10 16 18 19 27 31 32 35 37 38 42 48 51 53 57 60 63 65 66 70 76 79 81 85 88 91 93 94 98 
 r: 36 58 4 8 18 22 26 40 44 54 62 72 76 80 90 94 98 
 Total col=33, Total row=17
 bc#: 2588
 c: 13 15 22 25 28 41 45 47 54 56 69 73 75 82 84 97 
 r: 36 59 5 8 18 23 26 41 44 54 62 72 77 80 90 95 98 
 Total col=16, Total row=17
 bc#: 2589
 c: 1 4 7 9 10 15 16 18 19 27 31 32 35 37 38 42 48 51 53 54 57 60 65 70 73 75 76 79 81 82 84 93 97 98 
 r: 36 60 6 8 18 24 26 42 44 54 62 72 78 80 90 96 98 
 Total col=34, Total row=17
 bc#: 2590
 c: 22 25 28 31 35 37 41 47 60 63 66 69 73 75 79 81 84 93 98 
 r: 36 63 8 9 11 15 18 26 27 29 33 44 45 47 51 54 62 65 69 72 80 81 83 87 90 98 99 
 Total col=19, Total row=27
 bc#: 2591
 c: 1 4 7 9 10 13 15 16 18 19 27 32 38 42 45 48 51 53 54 56 57 65 70 76 82 85 88 91 94 97 
 r: 36 64 8 10 12 16 18 26 28 30 34 44 46 48 52 54 62 66 70 72 80 82 84 88 90 98 100 
 Total col=30, Total row=27
 bc#: 2592
 c: 22 25 28 31 35 37 41 47 60 63 66 69 73 75 79 81 84 93 98 
 r: 36 65 8 9 11 15 18 26 27 29 33 44 45 47 51 54 62 63 69 72 80 81 83 87 90 98 99 
 Total col=19, Total row=27
 bc#: 2593
 c: 1 4 7 9 10 13 15 16 18 19 27 32 38 42 45 48 51 53 54 56 57 65 70 76 82 85 88 91 94 97 
 r: 36 66 8 10 12 16 18 26 28 30 34 44 46 48 52 54 62 64 70 72 80 82 84 88 90 98 100 
 Total col=30, Total row=27
 bc#: 2594
 c: 10 13 19 22 25 28 31 42 45 48 51 53 54 56 60 65 66 73 76 79 82 85 88 91 93 94 
 r: 36 67 3 8 13 18 21 26 31 39 44 49 54 57 62 72 75 80 85 90 93 98 
 Total col=26, Total row=22
 bc#: 2595
 c: 1 4 9 13 15 16 18 27 32 35 37 41 47 51 57 60 63 65 66 75 82 88 91 94 97 
 r: 36 68 2 8 14 18 20 26 32 38 44 50 54 56 62 72 74 80 86 90 92 98 
 Total col=25, Total row=22
 bc#: 2596
 c: 22 25 28 31 35 37 41 47 60 63 66 69 73 75 79 81 84 93 98 
 r: 36 69 8 9 11 15 18 26 27 29 33 44 45 47 51 54 62 63 65 72 80 81 83 87 90 98 99 
 Total col=19, Total row=27
 bc#: 2597
 c: 1 4 7 9 10 13 15 16 18 19 27 32 38 42 45 48 51 53 54 56 57 65 70 76 82 85 88 91 94 97 
 r: 36 70 8 10 12 16 18 26 28 30 34 44 46 48 52 54 62 64 66 72 80 82 84 88 90 98 100 
 Total col=30, Total row=27
 bc#: 2598
 c: 4 7 10 16 19 22 25 28 31 32 35 38 41 45 53 60 65 66 73 76 79 81 84 94 97 
 r: 36 73 8 18 19 26 37 44 54 55 62 72 80 90 91 98 
 Total col=25, Total row=16
 bc#: 2599
 c: 1 4 9 13 15 16 18 27 32 35 37 41 47 51 57 60 63 65 66 75 82 88 91 94 97 
 r: 36 74 2 8 14 18 20 26 32 38 44 50 54 56 62 68 72 80 86 90 92 98 
 Total col=25, Total row=22
 bc#: 2600
 c: 10 13 19 22 25 28 31 42 45 48 51 53 54 56 60 65 66 73 76 79 82 85 88 91 93 94 
 r: 36 75 3 8 13 18 21 26 31 39 44 49 54 57 62 67 72 80 85 90 93 98 
 Total col=26, Total row=22
 bc#: 2601
 c: 1 4 7 9 10 16 18 19 27 31 32 35 37 38 42 48 51 53 57 60 63 65 66 70 76 79 81 85 88 91 93 94 98 
 r: 36 76 4 8 18 22 26 40 44 54 58 62 72 80 90 94 98 
 Total col=33, Total row=17
 bc#: 2602
 c: 13 15 22 25 28 41 45 47 54 56 69 73 75 82 84 97 
 r: 36 77 5 8 18 23 26 41 44 54 59 62 72 80 90 95 98 
 Total col=16, Total row=17
 bc#: 2603
 c: 1 4 7 9 10 15 16 18 19 27 31 32 35 37 38 42 48 51 53 54 57 60 65 70 73 75 76 79 81 82 84 93 97 98 
 r: 36 78 6 8 18 24 26 42 44 54 60 62 72 80 90 96 98 
 Total col=34, Total row=17
 bc#: 2604
 c: 22 25 28 31 35 37 41 47 60 63 66 69 73 75 79 81 84 93 98 
 r: 36 81 8 9 11 15 18 26 27 29 33 44 45 47 51 54 62 63 65 69 72 80 83 87 90 98 99 
 Total col=19, Total row=27
 bc#: 2605
 c: 1 4 7 9 10 13 15 16 18 19 27 32 38 42 45 48 51 53 54 56 57 65 70 76 82 85 88 91 94 97 
 r: 36 82 8 10 12 16 18 26 28 30 34 44 46 48 52 54 62 64 66 70 72 80 84 88 90 98 100 
 Total col=30, Total row=27
 bc#: 2606
 c: 22 25 28 31 35 37 41 47 60 63 66 69 73 75 79 81 84 93 98 
 r: 36 83 8 9 11 15 18 26 27 29 33 44 45 47 51 54 62 63 65 69 72 80 81 87 90 98 99 
 Total col=19, Total row=27
 bc#: 2607
 c: 1 4 7 9 10 13 15 16 18 19 27 32 38 42 45 48 51 53 54 56 57 65 70 76 82 85 88 91 94 97 
 r: 36 84 8 10 12 16 18 26 28 30 34 44 46 48 52 54 62 64 66 70 72 80 82 88 90 98 100 
 Total col=30, Total row=27
 bc#: 2608
 c: 10 13 19 22 25 28 31 42 45 48 51 53 54 56 60 65 66 73 76 79 82 85 88 91 93 94 
 r: 36 85 3 8 13 18 21 26 31 39 44 49 54 57 62 67 72 75 80 90 93 98 
 Total col=26, Total row=22
 bc#: 2609
 c: 1 4 9 13 15 16 18 27 32 35 37 41 47 51 57 60 63 65 66 75 82 88 91 94 97 
 r: 36 86 2 8 14 18 20 26 32 38 44 50 54 56 62 68 72 74 80 90 92 98 
 Total col=25, Total row=22
 bc#: 2610
 c: 22 25 28 31 35 37 41 47 60 63 66 69 73 75 79 81 84 93 98 
 r: 36 87 8 9 11 15 18 26 27 29 33 44 45 47 51 54 62 63 65 69 72 80 81 83 90 98 99 
 Total col=19, Total row=27
 bc#: 2611
 c: 1 4 7 9 10 13 15 16 18 19 27 32 38 42 45 48 51 53 54 56 57 65 70 76 82 85 88 91 94 97 
 r: 36 88 8 10 12 16 18 26 28 30 34 44 46 48 52 54 62 64 66 70 72 80 82 84 90 98 100 
 Total col=30, Total row=27
 bc#: 2612
 c: 4 7 10 16 19 22 25 28 31 32 35 38 41 45 53 60 65 66 73 76 79 81 84 94 97 
 r: 36 91 8 18 19 26 37 44 54 55 62 72 73 80 90 98 
 Total col=25, Total row=16
 bc#: 2613
 c: 1 4 9 13 15 16 18 27 32 35 37 41 47 51 57 60 63 65 66 75 82 88 91 94 97 
 r: 36 92 2 8 14 18 20 26 32 38 44 50 54 56 62 68 72 74 80 86 90 98 
 Total col=25, Total row=22
 bc#: 2614
 c: 10 13 19 22 25 28 31 42 45 48 51 53 54 56 60 65 66 73 76 79 82 85 88 91 93 94 
 r: 36 93 3 8 13 18 21 26 31 39 44 49 54 57 62 67 72 75 80 85 90 98 
 Total col=26, Total row=22
 bc#: 2615
 c: 1 4 7 9 10 16 18 19 27 31 32 35 37 38 42 48 51 53 57 60 63 65 66 70 76 79 81 85 88 91 93 94 98 
 r: 36 94 4 8 18 22 26 40 44 54 58 62 72 76 80 90 98 
 Total col=33, Total row=17
 bc#: 2616
 c: 13 15 22 25 28 41 45 47 54 56 69 73 75 82 84 97 
 r: 36 95 5 8 18 23 26 41 44 54 59 62 72 77 80 90 98 
 Total col=16, Total row=17
 bc#: 2617
 c: 1 4 7 9 10 15 16 18 19 27 31 32 35 37 38 42 48 51 53 54 57 60 65 70 73 75 76 79 81 82 84 93 97 98 
 r: 36 96 6 8 18 24 26 42 44 54 60 62 72 78 80 90 98 
 Total col=34, Total row=17
 bc#: 2618
 c: 22 25 28 31 35 37 41 47 60 63 66 69 73 75 79 81 84 93 98 
 r: 36 99 8 9 11 15 18 26 27 29 33 44 45 47 51 54 62 63 65 69 72 80 81 83 87 90 98 
 Total col=19, Total row=27
 bc#: 2619
 c: 1 4 7 9 10 13 15 16 18 19 27 32 38 42 45 48 51 53 54 56 57 65 70 76 82 85 88 91 94 97 
 r: 36 100 8 10 12 16 18 26 28 30 34 44 46 48 52 54 62 64 66 70 72 80 82 84 88 90 98 
 Total col=30, Total row=27
 bc#: 2620
 c: 4 11 16 26 32 35 41 46 49 52 55 58 60 65 66 68 71 80 86 89 94 97 
 r: 37 38 2 14 19 20 32 50 55 56 68 73 74 86 91 92 
 Total col=22, Total row=16
 bc#: 2621
 c: 2 8 10 14 17 19 22 25 28 31 39 45 46 53 59 60 62 65 66 68 71 73 74 76 79 80 86 94 100 
 r: 37 39 3 13 19 21 31 49 55 57 67 73 75 85 91 93 
 Total col=29, Total row=16
 bc#: 2622
 c: 2 4 7 10 14 16 19 26 31 32 35 38 43 46 49 53 55 58 60 65 66 68 71 74 76 79 81 86 94 
 r: 37 40 4 19 22 55 58 73 76 91 94 
 Total col=29, Total row=11
 bc#: 2623
 c: 8 11 17 22 25 28 30 39 41 45 52 59 62 73 80 84 87 89 92 95 97 100 
 r: 37 41 5 19 23 55 59 73 77 91 95 
 Total col=22, Total row=11
 bc#: 2624
 c: 4 7 10 16 19 26 31 32 35 38 43 46 49 53 59 60 62 65 68 71 73 76 79 81 84 86 87 92 95 97 
 r: 37 42 6 19 24 55 60 73 78 91 96 
 Total col=30, Total row=11
 bc#: 2625
 c: 2 4 8 11 14 17 22 28 30 39 45 46 52 58 60 66 76 81 84 87 94 100 
 r: 37 43 7 17 19 25 35 53 55 61 71 73 79 89 91 97 
 Total col=22, Total row=16
 bc#: 2626
 c: 4 7 10 16 19 22 25 28 31 32 35 38 41 45 53 60 65 66 73 76 79 81 84 94 97 
 r: 37 44 8 18 19 26 36 54 55 62 72 73 80 90 91 98 
 Total col=25, Total row=16
 bc#: 2627
 c: 8 11 14 17 22 25 28 31 35 41 43 46 49 52 55 58 60 66 73 79 81 84 87 92 95 
 r: 37 45 9 11 15 19 27 29 33 47 51 55 63 65 69 73 81 83 87 91 99 
 Total col=25, Total row=21
 bc#: 2628
 c: 2 4 7 10 16 19 26 30 32 38 39 45 53 59 62 65 68 71 74 76 80 86 89 94 97 100 
 r: 37 46 10 12 16 19 28 30 34 48 52 55 64 66 70 73 82 84 88 91 100 
 Total col=26, Total row=21
 bc#: 2629
 c: 8 11 14 17 22 25 28 31 35 41 43 46 49 52 55 58 60 66 73 79 81 84 87 92 95 
 r: 37 47 9 11 15 19 27 29 33 45 51 55 63 65 69 73 81 83 87 91 99 
 Total col=25, Total row=21
 bc#: 2630
 c: 2 4 7 10 16 19 26 30 32 38 39 45 53 59 62 65 68 71 74 76 80 86 89 94 97 100 
 r: 37 48 10 12 16 19 28 30 34 46 52 55 64 66 70 73 82 84 88 91 100 
 Total col=26, Total row=21
 bc#: 2631
 c: 2 8 10 14 17 19 22 25 28 31 39 45 46 53 59 60 62 65 66 68 71 73 74 76 79 80 86 94 100 
 r: 37 49 3 13 19 21 31 39 55 57 67 73 75 85 91 93 
 Total col=29, Total row=16
 bc#: 2632
 c: 4 11 16 26 32 35 41 46 49 52 55 58 60 65 66 68 71 80 86 89 94 97 
 r: 37 50 2 14 19 20 32 38 55 56 68 73 74 86 91 92 
 Total col=22, Total row=16
 bc#: 2633
 c: 8 11 14 17 22 25 28 31 35 41 43 46 49 52 55 58 60 66 73 79 81 84 87 92 95 
 r: 37 51 9 11 15 19 27 29 33 45 47 55 63 65 69 73 81 83 87 91 99 
 Total col=25, Total row=21
 bc#: 2634
 c: 2 4 7 10 16 19 26 30 32 38 39 45 53 59 62 65 68 71 74 76 80 86 89 94 97 100 
 r: 37 52 10 12 16 19 28 30 34 46 48 55 64 66 70 73 82 84 88 91 100 
 Total col=26, Total row=21
 bc#: 2635
 c: 2 4 8 11 14 17 22 28 30 39 45 46 52 58 60 66 76 81 84 87 94 100 
 r: 37 53 7 17 19 25 35 43 55 61 71 73 79 89 91 97 
 Total col=22, Total row=16
 bc#: 2636
 c: 4 7 10 16 19 22 25 28 31 32 35 38 41 45 53 60 65 66 73 76 79 81 84 94 97 
 r: 37 54 8 18 19 26 36 44 55 62 72 73 80 90 91 98 
 Total col=25, Total row=16
 bc#: 2637
 c: 4 11 16 26 32 35 41 46 49 52 55 58 60 65 66 68 71 80 86 89 94 97 
 r: 37 56 2 14 19 20 32 38 50 55 68 73 74 86 91 92 
 Total col=22, Total row=16
 bc#: 2638
 c: 2 8 10 14 17 19 22 25 28 31 39 45 46 53 59 60 62 65 66 68 71 73 74 76 79 80 86 94 100 
 r: 37 57 3 13 19 21 31 39 49 55 67 73 75 85 91 93 
 Total col=29, Total row=16
 bc#: 2639
 c: 2 4 7 10 14 16 19 26 31 32 35 38 43 46 49 53 55 58 60 65 66 68 71 74 76 79 81 86 94 
 r: 37 58 4 19 22 40 55 73 76 91 94 
 Total col=29, Total row=11
 bc#: 2640
 c: 8 11 17 22 25 28 30 39 41 45 52 59 62 73 80 84 87 89 92 95 97 100 
 r: 37 59 5 19 23 41 55 73 77 91 95 
 Total col=22, Total row=11
 bc#: 2641
 c: 4 7 10 16 19 26 31 32 35 38 43 46 49 53 59 60 62 65 68 71 73 76 79 81 84 86 87 92 95 97 
 r: 37 60 6 19 24 42 55 73 78 91 96 
 Total col=30, Total row=11
 bc#: 2642
 c: 2 4 8 11 14 17 22 28 30 39 45 46 52 58 60 66 76 81 84 87 94 100 
 r: 37 61 7 17 19 25 35 43 53 55 71 73 79 89 91 97 
 Total col=22, Total row=16
 bc#: 2643
 c: 4 7 10 16 19 22 25 28 31 32 35 38 41 45 53 60 65 66 73 76 79 81 84 94 97 
 r: 37 62 8 18 19 26 36 44 54 55 72 73 80 90 91 98 
 Total col=25, Total row=16
 bc#: 2644
 c: 8 11 14 17 22 25 28 31 35 41 43 46 49 52 55 58 60 66 73 79 81 84 87 92 95 
 r: 37 63 9 11 15 19 27 29 33 45 47 51 55 65 69 73 81 83 87 91 99 
 Total col=25, Total row=21
 bc#: 2645
 c: 2 4 7 10 16 19 26 30 32 38 39 45 53 59 62 65 68 71 74 76 80 86 89 94 97 100 
 r: 37 64 10 12 16 19 28 30 34 46 48 52 55 66 70 73 82 84 88 91 100 
 Total col=26, Total row=21
 bc#: 2646
 c: 8 11 14 17 22 25 28 31 35 41 43 46 49 52 55 58 60 66 73 79 81 84 87 92 95 
 r: 37 65 9 11 15 19 27 29 33 45 47 51 55 63 69 73 81 83 87 91 99 
 Total col=25, Total row=21
 bc#: 2647
 c: 2 4 7 10 16 19 26 30 32 38 39 45 53 59 62 65 68 71 74 76 80 86 89 94 97 100 
 r: 37 66 10 12 16 19 28 30 34 46 48 52 55 64 70 73 82 84 88 91 100 
 Total col=26, Total row=21
 bc#: 2648
 c: 2 8 10 14 17 19 22 25 28 31 39 45 46 53 59 60 62 65 66 68 71 73 74 76 79 80 86 94 100 
 r: 37 67 3 13 19 21 31 39 49 55 57 73 75 85 91 93 
 Total col=29, Total row=16
 bc#: 2649
 c: 4 11 16 26 32 35 41 46 49 52 55 58 60 65 66 68 71 80 86 89 94 97 
 r: 37 68 2 14 19 20 32 38 50 55 56 73 74 86 91 92 
 Total col=22, Total row=16
 bc#: 2650
 c: 8 11 14 17 22 25 28 31 35 41 43 46 49 52 55 58 60 66 73 79 81 84 87 92 95 
 r: 37 69 9 11 15 19 27 29 33 45 47 51 55 63 65 73 81 83 87 91 99 
 Total col=25, Total row=21
 bc#: 2651
 c: 2 4 7 10 16 19 26 30 32 38 39 45 53 59 62 65 68 71 74 76 80 86 89 94 97 100 
 r: 37 70 10 12 16 19 28 30 34 46 48 52 55 64 66 73 82 84 88 91 100 
 Total col=26, Total row=21
 bc#: 2652
 c: 2 4 8 11 14 17 22 28 30 39 45 46 52 58 60 66 76 81 84 87 94 100 
 r: 37 71 7 17 19 25 35 43 53 55 61 73 79 89 91 97 
 Total col=22, Total row=16
 bc#: 2653
 c: 4 7 10 16 19 22 25 28 31 32 35 38 41 45 53 60 65 66 73 76 79 81 84 94 97 
 r: 37 72 8 18 19 26 36 44 54 55 62 73 80 90 91 98 
 Total col=25, Total row=16
 bc#: 2654
 c: 4 11 16 26 32 35 41 46 49 52 55 58 60 65 66 68 71 80 86 89 94 97 
 r: 37 74 2 14 19 20 32 38 50 55 56 68 73 86 91 92 
 Total col=22, Total row=16
 bc#: 2655
 c: 2 8 10 14 17 19 22 25 28 31 39 45 46 53 59 60 62 65 66 68 71 73 74 76 79 80 86 94 100 
 r: 37 75 3 13 19 21 31 39 49 55 57 67 73 85 91 93 
 Total col=29, Total row=16
 bc#: 2656
 c: 2 4 7 10 14 16 19 26 31 32 35 38 43 46 49 53 55 58 60 65 66 68 71 74 76 79 81 86 94 
 r: 37 76 4 19 22 40 55 58 73 91 94 
 Total col=29, Total row=11
 bc#: 2657
 c: 8 11 17 22 25 28 30 39 41 45 52 59 62 73 80 84 87 89 92 95 97 100 
 r: 37 77 5 19 23 41 55 59 73 91 95 
 Total col=22, Total row=11
 bc#: 2658
 c: 4 7 10 16 19 26 31 32 35 38 43 46 49 53 59 60 62 65 68 71 73 76 79 81 84 86 87 92 95 97 
 r: 37 78 6 19 24 42 55 60 73 91 96 
 Total col=30, Total row=11
 bc#: 2659
 c: 2 4 8 11 14 17 22 28 30 39 45 46 52 58 60 66 76 81 84 87 94 100 
 r: 37 79 7 17 19 25 35 43 53 55 61 71 73 89 91 97 
 Total col=22, Total row=16
 bc#: 2660
 c: 4 7 10 16 19 22 25 28 31 32 35 38 41 45 53 60 65 66 73 76 79 81 84 94 97 
 r: 37 80 8 18 19 26 36 44 54 55 62 72 73 90 91 98 
 Total col=25, Total row=16
 bc#: 2661
 c: 8 11 14 17 22 25 28 31 35 41 43 46 49 52 55 58 60 66 73 79 81 84 87 92 95 
 r: 37 81 9 11 15 19 27 29 33 45 47 51 55 63 65 69 73 83 87 91 99 
 Total col=25, Total row=21
 bc#: 2662
 c: 2 4 7 10 16 19 26 30 32 38 39 45 53 59 62 65 68 71 74 76 80 86 89 94 97 100 
 r: 37 82 10 12 16 19 28 30 34 46 48 52 55 64 66 70 73 84 88 91 100 
 Total col=26, Total row=21
 bc#: 2663
 c: 8 11 14 17 22 25 28 31 35 41 43 46 49 52 55 58 60 66 73 79 81 84 87 92 95 
 r: 37 83 9 11 15 19 27 29 33 45 47 51 55 63 65 69 73 81 87 91 99 
 Total col=25, Total row=21
 bc#: 2664
 c: 2 4 7 10 16 19 26 30 32 38 39 45 53 59 62 65 68 71 74 76 80 86 89 94 97 100 
 r: 37 84 10 12 16 19 28 30 34 46 48 52 55 64 66 70 73 82 88 91 100 
 Total col=26, Total row=21
 bc#: 2665
 c: 2 8 10 14 17 19 22 25 28 31 39 45 46 53 59 60 62 65 66 68 71 73 74 76 79 80 86 94 100 
 r: 37 85 3 13 19 21 31 39 49 55 57 67 73 75 91 93 
 Total col=29, Total row=16
 bc#: 2666
 c: 4 11 16 26 32 35 41 46 49 52 55 58 60 65 66 68 71 80 86 89 94 97 
 r: 37 86 2 14 19 20 32 38 50 55 56 68 73 74 91 92 
 Total col=22, Total row=16
 bc#: 2667
 c: 8 11 14 17 22 25 28 31 35 41 43 46 49 52 55 58 60 66 73 79 81 84 87 92 95 
 r: 37 87 9 11 15 19 27 29 33 45 47 51 55 63 65 69 73 81 83 91 99 
 Total col=25, Total row=21
 bc#: 2668
 c: 2 4 7 10 16 19 26 30 32 38 39 45 53 59 62 65 68 71 74 76 80 86 89 94 97 100 
 r: 37 88 10 12 16 19 28 30 34 46 48 52 55 64 66 70 73 82 84 91 100 
 Total col=26, Total row=21
 bc#: 2669
 c: 2 4 8 11 14 17 22 28 30 39 45 46 52 58 60 66 76 81 84 87 94 100 
 r: 37 89 7 17 19 25 35 43 53 55 61 71 73 79 91 97 
 Total col=22, Total row=16
 bc#: 2670
 c: 4 7 10 16 19 22 25 28 31 32 35 38 41 45 53 60 65 66 73 76 79 81 84 94 97 
 r: 37 90 8 18 19 26 36 44 54 55 62 72 73 80 91 98 
 Total col=25, Total row=16
 bc#: 2671
 c: 4 11 16 26 32 35 41 46 49 52 55 58 60 65 66 68 71 80 86 89 94 97 
 r: 37 92 2 14 19 20 32 38 50 55 56 68 73 74 86 91 
 Total col=22, Total row=16
 bc#: 2672
 c: 2 8 10 14 17 19 22 25 28 31 39 45 46 53 59 60 62 65 66 68 71 73 74 76 79 80 86 94 100 
 r: 37 93 3 13 19 21 31 39 49 55 57 67 73 75 85 91 
 Total col=29, Total row=16
 bc#: 2673
 c: 2 4 7 10 14 16 19 26 31 32 35 38 43 46 49 53 55 58 60 65 66 68 71 74 76 79 81 86 94 
 r: 37 94 4 19 22 40 55 58 73 76 91 
 Total col=29, Total row=11
 bc#: 2674
 c: 8 11 17 22 25 28 30 39 41 45 52 59 62 73 80 84 87 89 92 95 97 100 
 r: 37 95 5 19 23 41 55 59 73 77 91 
 Total col=22, Total row=11
 bc#: 2675
 c: 4 7 10 16 19 26 31 32 35 38 43 46 49 53 59 60 62 65 68 71 73 76 79 81 84 86 87 92 95 97 
 r: 37 96 6 19 24 42 55 60 73 78 91 
 Total col=30, Total row=11
 bc#: 2676
 c: 2 4 8 11 14 17 22 28 30 39 45 46 52 58 60 66 76 81 84 87 94 100 
 r: 37 97 7 17 19 25 35 43 53 55 61 71 73 79 89 91 
 Total col=22, Total row=16
 bc#: 2677
 c: 4 7 10 16 19 22 25 28 31 32 35 38 41 45 53 60 65 66 73 76 79 81 84 94 97 
 r: 37 98 8 18 19 26 36 44 54 55 62 72 73 80 90 91 
 Total col=25, Total row=16
 bc#: 2678
 c: 8 11 14 17 22 25 28 31 35 41 43 46 49 52 55 58 60 66 73 79 81 84 87 92 95 
 r: 37 99 9 11 15 19 27 29 33 45 47 51 55 63 65 69 73 81 83 87 91 
 Total col=25, Total row=21
 bc#: 2679
 c: 2 4 7 10 16 19 26 30 32 38 39 45 53 59 62 65 68 71 74 76 80 86 89 94 97 100 
 r: 37 100 10 12 16 19 28 30 34 46 48 52 55 64 66 70 73 82 84 88 91 
 Total col=26, Total row=21
 bc#: 2680
 c: 6 13 29 34 40 46 51 60 65 66 68 71 80 82 86 88 91 94 96 99 
 r: 38 39 2 3 13 14 20 21 31 32 49 50 56 57 67 68 74 75 85 86 92 93 
 Total col=20, Total row=22
 bc#: 2681
 c: 3 6 11 13 15 20 34 41 44 47 52 72 75 78 80 82 89 97 
 r: 38 41 2 5 14 20 23 32 50 56 59 68 74 77 86 92 95 
 Total col=18, Total row=17
 bc#: 2682
 c: 1 3 4 9 15 16 18 21 24 26 27 29 32 35 37 40 46 49 51 57 60 65 68 71 75 82 86 97 
 r: 38 42 2 6 14 20 24 32 50 56 60 68 74 78 86 92 96 
 Total col=28, Total row=17
 bc#: 2683
 c: 4 6 11 20 21 24 27 34 40 46 51 52 57 58 60 63 66 72 75 78 82 88 94 96 99 
 r: 38 43 2 7 14 17 20 25 32 35 50 53 56 61 68 71 74 79 86 89 92 97 
 Total col=25, Total row=22
 bc#: 2684
 c: 1 4 9 13 15 16 18 27 32 35 37 41 47 51 57 60 63 65 66 75 82 88 91 94 97 
 r: 38 44 2 8 14 18 20 26 32 36 50 54 56 62 68 72 74 80 86 90 92 98 
 Total col=25, Total row=22
 bc#: 2685
 c: 3 6 11 20 29 34 35 37 40 41 46 47 49 52 55 58 60 63 66 72 75 78 99 
 r: 38 45 2 9 11 14 15 20 27 29 32 33 47 50 51 56 63 65 68 69 74 81 83 86 87 92 99 
 Total col=23, Total row=27
 bc#: 2686
 c: 1 4 9 13 15 16 18 21 24 26 27 32 44 51 57 65 68 71 77 80 82 83 86 88 89 91 94 96 97 
 r: 38 46 2 10 12 14 16 20 28 30 32 34 48 50 52 56 64 66 68 70 74 82 84 86 88 92 100 
 Total col=29, Total row=27
 bc#: 2687
 c: 3 6 11 20 29 34 35 37 40 41 46 47 49 52 55 58 60 63 66 72 75 78 99 
 r: 38 47 2 9 11 14 15 20 27 29 32 33 45 50 51 56 63 65 68 69 74 81 83 86 87 92 99 
 Total col=23, Total row=27
 bc#: 2688
 c: 1 4 9 13 15 16 18 21 24 26 27 32 44 51 57 65 68 71 77 80 82 83 86 88 89 91 94 96 97 
 r: 38 48 2 10 12 14 16 20 28 30 32 34 46 50 52 56 64 66 68 70 74 82 84 86 88 92 100 
 Total col=29, Total row=27
 bc#: 2689
 c: 6 13 29 34 40 46 51 60 65 66 68 71 80 82 86 88 91 94 96 99 
 r: 38 49 2 3 13 14 20 21 31 32 39 50 56 57 67 68 74 75 85 86 92 93 
 Total col=20, Total row=22
 bc#: 2690
 c: 3 6 11 20 29 34 35 37 40 41 46 47 49 52 55 58 60 63 66 72 75 78 99 
 r: 38 51 2 9 11 14 15 20 27 29 32 33 45 47 50 56 63 65 68 69 74 81 83 86 87 92 99 
 Total col=23, Total row=27
 bc#: 2691
 c: 1 4 9 13 15 16 18 21 24 26 27 32 44 51 57 65 68 71 77 80 82 83 86 88 89 91 94 96 97 
 r: 38 52 2 10 12 14 16 20 28 30 32 34 46 48 50 56 64 66 68 70 74 82 84 86 88 92 100 
 Total col=29, Total row=27
 bc#: 2692
 c: 4 6 11 20 21 24 27 34 40 46 51 52 57 58 60 63 66 72 75 78 82 88 94 96 99 
 r: 38 53 2 7 14 17 20 25 32 35 43 50 56 61 68 71 74 79 86 89 92 97 
 Total col=25, Total row=22
 bc#: 2693
 c: 1 4 9 13 15 16 18 27 32 35 37 41 47 51 57 60 63 65 66 75 82 88 91 94 97 
 r: 38 54 2 8 14 18 20 26 32 36 44 50 56 62 68 72 74 80 86 90 92 98 
 Total col=25, Total row=22
 bc#: 2694
 c: 4 11 16 26 32 35 41 46 49 52 55 58 60 65 66 68 71 80 86 89 94 97 
 r: 38 55 2 14 19 20 32 37 50 56 68 73 74 86 91 92 
 Total col=22, Total row=16
 bc#: 2695
 c: 6 13 29 34 40 46 51 60 65 66 68 71 80 82 86 88 91 94 96 99 
 r: 38 57 2 3 13 14 20 21 31 32 39 49 50 56 67 68 74 75 85 86 92 93 
 Total col=20, Total row=22
 bc#: 2696
 c: 3 6 11 13 15 20 34 41 44 47 52 72 75 78 80 82 89 97 
 r: 38 59 2 5 14 20 23 32 41 50 56 68 74 77 86 92 95 
 Total col=18, Total row=17
 bc#: 2697
 c: 1 3 4 9 15 16 18 21 24 26 27 29 32 35 37 40 46 49 51 57 60 65 68 71 75 82 86 97 
 r: 38 60 2 6 14 20 24 32 42 50 56 68 74 78 86 92 96 
 Total col=28, Total row=17
 bc#: 2698
 c: 4 6 11 20 21 24 27 34 40 46 51 52 57 58 60 63 66 72 75 78 82 88 94 96 99 
 r: 38 61 2 7 14 17 20 25 32 35 43 50 53 56 68 71 74 79 86 89 92 97 
 Total col=25, Total row=22
 bc#: 2699
 c: 1 4 9 13 15 16 18 27 32 35 37 41 47 51 57 60 63 65 66 75 82 88 91 94 97 
 r: 38 62 2 8 14 18 20 26 32 36 44 50 54 56 68 72 74 80 86 90 92 98 
 Total col=25, Total row=22
 bc#: 2700
 c: 3 6 11 20 29 34 35 37 40 41 46 47 49 52 55 58 60 63 66 72 75 78 99 
 r: 38 63 2 9 11 14 15 20 27 29 32 33 45 47 50 51 56 65 68 69 74 81 83 86 87 92 99 
 Total col=23, Total row=27
 bc#: 2701
 c: 1 4 9 13 15 16 18 21 24 26 27 32 44 51 57 65 68 71 77 80 82 83 86 88 89 91 94 96 97 
 r: 38 64 2 10 12 14 16 20 28 30 32 34 46 48 50 52 56 66 68 70 74 82 84 86 88 92 100 
 Total col=29, Total row=27
 bc#: 2702
 c: 3 6 11 20 29 34 35 37 40 41 46 47 49 52 55 58 60 63 66 72 75 78 99 
 r: 38 65 2 9 11 14 15 20 27 29 32 33 45 47 50 51 56 63 68 69 74 81 83 86 87 92 99 
 Total col=23, Total row=27
 bc#: 2703
 c: 1 4 9 13 15 16 18 21 24 26 27 32 44 51 57 65 68 71 77 80 82 83 86 88 89 91 94 96 97 
 r: 38 66 2 10 12 14 16 20 28 30 32 34 46 48 50 52 56 64 68 70 74 82 84 86 88 92 100 
 Total col=29, Total row=27
 bc#: 2704
 c: 6 13 29 34 40 46 51 60 65 66 68 71 80 82 86 88 91 94 96 99 
 r: 38 67 2 3 13 14 20 21 31 32 39 49 50 56 57 68 74 75 85 86 92 93 
 Total col=20, Total row=22
 bc#: 2705
 c: 3 6 11 20 29 34 35 37 40 41 46 47 49 52 55 58 60 63 66 72 75 78 99 
 r: 38 69 2 9 11 14 15 20 27 29 32 33 45 47 50 51 56 63 65 68 74 81 83 86 87 92 99 
 Total col=23, Total row=27
 bc#: 2706
 c: 1 4 9 13 15 16 18 21 24 26 27 32 44 51 57 65 68 71 77 80 82 83 86 88 89 91 94 96 97 
 r: 38 70 2 10 12 14 16 20 28 30 32 34 46 48 50 52 56 64 66 68 74 82 84 86 88 92 100 
 Total col=29, Total row=27
 bc#: 2707
 c: 4 6 11 20 21 24 27 34 40 46 51 52 57 58 60 63 66 72 75 78 82 88 94 96 99 
 r: 38 71 2 7 14 17 20 25 32 35 43 50 53 56 61 68 74 79 86 89 92 97 
 Total col=25, Total row=22
 bc#: 2708
 c: 1 4 9 13 15 16 18 27 32 35 37 41 47 51 57 60 63 65 66 75 82 88 91 94 97 
 r: 38 72 2 8 14 18 20 26 32 36 44 50 54 56 62 68 74 80 86 90 92 98 
 Total col=25, Total row=22
 bc#: 2709
 c: 4 11 16 26 32 35 41 46 49 52 55 58 60 65 66 68 71 80 86 89 94 97 
 r: 38 73 2 14 19 20 32 37 50 55 56 68 74 86 91 92 
 Total col=22, Total row=16
 bc#: 2710
 c: 6 13 29 34 40 46 51 60 65 66 68 71 80 82 86 88 91 94 96 99 
 r: 38 75 2 3 13 14 20 21 31 32 39 49 50 56 57 67 68 74 85 86 92 93 
 Total col=20, Total row=22
 bc#: 2711
 c: 3 6 11 13 15 20 34 41 44 47 52 72 75 78 80 82 89 97 
 r: 38 77 2 5 14 20 23 32 41 50 56 59 68 74 86 92 95 
 Total col=18, Total row=17
 bc#: 2712
 c: 1 3 4 9 15 16 18 21 24 26 27 29 32 35 37 40 46 49 51 57 60 65 68 71 75 82 86 97 
 r: 38 78 2 6 14 20 24 32 42 50 56 60 68 74 86 92 96 
 Total col=28, Total row=17
 bc#: 2713
 c: 4 6 11 20 21 24 27 34 40 46 51 52 57 58 60 63 66 72 75 78 82 88 94 96 99 
 r: 38 79 2 7 14 17 20 25 32 35 43 50 53 56 61 68 71 74 86 89 92 97 
 Total col=25, Total row=22
 bc#: 2714
 c: 1 4 9 13 15 16 18 27 32 35 37 41 47 51 57 60 63 65 66 75 82 88 91 94 97 
 r: 38 80 2 8 14 18 20 26 32 36 44 50 54 56 62 68 72 74 86 90 92 98 
 Total col=25, Total row=22
 bc#: 2715
 c: 3 6 11 20 29 34 35 37 40 41 46 47 49 52 55 58 60 63 66 72 75 78 99 
 r: 38 81 2 9 11 14 15 20 27 29 32 33 45 47 50 51 56 63 65 68 69 74 83 86 87 92 99 
 Total col=23, Total row=27
 bc#: 2716
 c: 1 4 9 13 15 16 18 21 24 26 27 32 44 51 57 65 68 71 77 80 82 83 86 88 89 91 94 96 97 
 r: 38 82 2 10 12 14 16 20 28 30 32 34 46 48 50 52 56 64 66 68 70 74 84 86 88 92 100 
 Total col=29, Total row=27
 bc#: 2717
 c: 3 6 11 20 29 34 35 37 40 41 46 47 49 52 55 58 60 63 66 72 75 78 99 
 r: 38 83 2 9 11 14 15 20 27 29 32 33 45 47 50 51 56 63 65 68 69 74 81 86 87 92 99 
 Total col=23, Total row=27
 bc#: 2718
 c: 1 4 9 13 15 16 18 21 24 26 27 32 44 51 57 65 68 71 77 80 82 83 86 88 89 91 94 96 97 
 r: 38 84 2 10 12 14 16 20 28 30 32 34 46 48 50 52 56 64 66 68 70 74 82 86 88 92 100 
 Total col=29, Total row=27
 bc#: 2719
 c: 6 13 29 34 40 46 51 60 65 66 68 71 80 82 86 88 91 94 96 99 
 r: 38 85 2 3 13 14 20 21 31 32 39 49 50 56 57 67 68 74 75 86 92 93 
 Total col=20, Total row=22
 bc#: 2720
 c: 3 6 11 20 29 34 35 37 40 41 46 47 49 52 55 58 60 63 66 72 75 78 99 
 r: 38 87 2 9 11 14 15 20 27 29 32 33 45 47 50 51 56 63 65 68 69 74 81 83 86 92 99 
 Total col=23, Total row=27
 bc#: 2721
 c: 1 4 9 13 15 16 18 21 24 26 27 32 44 51 57 65 68 71 77 80 82 83 86 88 89 91 94 96 97 
 r: 38 88 2 10 12 14 16 20 28 30 32 34 46 48 50 52 56 64 66 68 70 74 82 84 86 92 100 
 Total col=29, Total row=27
 bc#: 2722
 c: 4 6 11 20 21 24 27 34 40 46 51 52 57 58 60 63 66 72 75 78 82 88 94 96 99 
 r: 38 89 2 7 14 17 20 25 32 35 43 50 53 56 61 68 71 74 79 86 92 97 
 Total col=25, Total row=22
 bc#: 2723
 c: 1 4 9 13 15 16 18 27 32 35 37 41 47 51 57 60 63 65 66 75 82 88 91 94 97 
 r: 38 90 2 8 14 18 20 26 32 36 44 50 54 56 62 68 72 74 80 86 92 98 
 Total col=25, Total row=22
 bc#: 2724
 c: 4 11 16 26 32 35 41 46 49 52 55 58 60 65 66 68 71 80 86 89 94 97 
 r: 38 91 2 14 19 20 32 37 50 55 56 68 73 74 86 92 
 Total col=22, Total row=16
 bc#: 2725
 c: 6 13 29 34 40 46 51 60 65 66 68 71 80 82 86 88 91 94 96 99 
 r: 38 93 2 3 13 14 20 21 31 32 39 49 50 56 57 67 68 74 75 85 86 92 
 Total col=20, Total row=22
 bc#: 2726
 c: 3 6 11 13 15 20 34 41 44 47 52 72 75 78 80 82 89 97 
 r: 38 95 2 5 14 20 23 32 41 50 56 59 68 74 77 86 92 
 Total col=18, Total row=17
 bc#: 2727
 c: 1 3 4 9 15 16 18 21 24 26 27 29 32 35 37 40 46 49 51 57 60 65 68 71 75 82 86 97 
 r: 38 96 2 6 14 20 24 32 42 50 56 60 68 74 78 86 92 
 Total col=28, Total row=17
 bc#: 2728
 c: 4 6 11 20 21 24 27 34 40 46 51 52 57 58 60 63 66 72 75 78 82 88 94 96 99 
 r: 38 97 2 7 14 17 20 25 32 35 43 50 53 56 61 68 71 74 79 86 89 92 
 Total col=25, Total row=22
 bc#: 2729
 c: 1 4 9 13 15 16 18 27 32 35 37 41 47 51 57 60 63 65 66 75 82 88 91 94 97 
 r: 38 98 2 8 14 18 20 26 32 36 44 50 54 56 62 68 72 74 80 86 90 92 
 Total col=25, Total row=22
 bc#: 2730
 c: 3 6 11 20 29 34 35 37 40 41 46 47 49 52 55 58 60 63 66 72 75 78 99 
 r: 38 99 2 9 11 14 15 20 27 29 32 33 45 47 50 51 56 63 65 68 69 74 81 83 86 87 92 
 Total col=23, Total row=27
 bc#: 2731
 c: 1 4 9 13 15 16 18 21 24 26 27 32 44 51 57 65 68 71 77 80 82 83 86 88 89 91 94 96 97 
 r: 38 100 2 10 12 14 16 20 28 30 32 34 46 48 50 52 56 64 66 68 70 74 82 84 86 88 92 
 Total col=29, Total row=27
 bc#: 2732
 c: 2 10 14 19 29 31 40 42 46 48 51 53 60 65 66 68 71 74 76 79 85 86 88 91 93 94 96 99 
 r: 39 40 3 4 13 21 22 31 49 57 58 67 75 76 85 93 94 
 Total col=28, Total row=17
 bc#: 2733
 c: 5 6 8 13 17 22 23 25 28 34 36 39 45 54 56 59 62 73 80 82 100 
 r: 39 41 3 5 13 21 23 31 49 57 59 67 75 77 85 93 95 
 Total col=21, Total row=17
 bc#: 2734
 c: 10 19 29 31 40 42 46 48 51 53 54 59 60 62 65 68 71 73 76 79 82 86 93 
 r: 39 42 3 6 13 21 24 31 49 57 60 67 75 78 85 93 96 
 Total col=23, Total row=17
 bc#: 2735
 c: 2 5 6 8 14 17 22 28 34 36 39 40 42 45 46 48 51 54 60 66 76 82 88 93 94 96 99 100 
 r: 39 43 3 7 13 17 21 25 31 35 49 53 57 61 67 71 75 79 85 89 93 97 
 Total col=28, Total row=22
 bc#: 2736
 c: 10 13 19 22 25 28 31 42 45 48 51 53 54 56 60 65 66 73 76 79 82 85 88 91 93 94 
 r: 39 44 3 8 13 18 21 26 31 36 49 54 57 62 67 72 75 80 85 90 93 98 
 Total col=26, Total row=22
 bc#: 2737
 c: 5 6 8 14 17 22 23 25 28 29 31 34 40 46 60 66 73 79 93 99 
 r: 39 45 3 9 11 13 15 21 27 29 31 33 47 49 51 57 63 65 67 69 75 81 83 85 87 93 99 
 Total col=20, Total row=27
 bc#: 2738
 c: 2 10 13 19 36 39 42 45 48 51 53 54 56 59 62 65 68 71 74 76 80 82 85 86 88 91 94 96 100 
 r: 39 46 3 10 12 13 16 21 28 30 31 34 48 49 52 57 64 66 67 70 75 82 84 85 88 93 100 
 Total col=29, Total row=27
 bc#: 2739
 c: 5 6 8 14 17 22 23 25 28 29 31 34 40 46 60 66 73 79 93 99 
 r: 39 47 3 9 11 13 15 21 27 29 31 33 45 49 51 57 63 65 67 69 75 81 83 85 87 93 99 
 Total col=20, Total row=27
 bc#: 2740
 c: 2 10 13 19 36 39 42 45 48 51 53 54 56 59 62 65 68 71 74 76 80 82 85 86 88 91 94 96 100 
 r: 39 48 3 10 12 13 16 21 28 30 31 34 46 49 52 57 64 66 67 70 75 82 84 85 88 93 100 
 Total col=29, Total row=27
 bc#: 2741
 c: 2 5 6 8 10 13 14 17 19 22 23 25 28 29 31 34 36 39 40 42 45 46 48 51 53 54 56 59 60 62 65 66 68 71 73 74 76 79 80 82 85 86 88 91 93 94 96 99 100 
 r: 39 49 3 13 21 31 57 67 75 85 93 
 Total col=49, Total row=11
 bc#: 2742
 c: 6 13 29 34 40 46 51 60 65 66 68 71 80 82 86 88 91 94 96 99 
 r: 39 50 2 3 13 14 20 21 31 32 38 49 56 57 67 68 74 75 85 86 92 93 
 Total col=20, Total row=22
 bc#: 2743
 c: 5 6 8 14 17 22 23 25 28 29 31 34 40 46 60 66 73 79 93 99 
 r: 39 51 3 9 11 13 15 21 27 29 31 33 45 47 49 57 63 65 67 69 75 81 83 85 87 93 99 
 Total col=20, Total row=27
 bc#: 2744
 c: 2 10 13 19 36 39 42 45 48 51 53 54 56 59 62 65 68 71 74 76 80 82 85 86 88 91 94 96 100 
 r: 39 52 3 10 12 13 16 21 28 30 31 34 46 48 49 57 64 66 67 70 75 82 84 85 88 93 100 
 Total col=29, Total row=27
 bc#: 2745
 c: 2 5 6 8 14 17 22 28 34 36 39 40 42 45 46 48 51 54 60 66 76 82 88 93 94 96 99 100 
 r: 39 53 3 7 13 17 21 25 31 35 43 49 57 61 67 71 75 79 85 89 93 97 
 Total col=28, Total row=22
 bc#: 2746
 c: 10 13 19 22 25 28 31 42 45 48 51 53 54 56 60 65 66 73 76 79 82 85 88 91 93 94 
 r: 39 54 3 8 13 18 21 26 31 36 44 49 57 62 67 72 75 80 85 90 93 98 
 Total col=26, Total row=22
 bc#: 2747
 c: 2 8 10 14 17 19 22 25 28 31 39 45 46 53 59 60 62 65 66 68 71 73 74 76 79 80 86 94 100 
 r: 39 55 3 13 19 21 31 37 49 57 67 73 75 85 91 93 
 Total col=29, Total row=16
 bc#: 2748
 c: 6 13 29 34 40 46 51 60 65 66 68 71 80 82 86 88 91 94 96 99 
 r: 39 56 2 3 13 14 20 21 31 32 38 49 50 57 67 68 74 75 85 86 92 93 
 Total col=20, Total row=22
 bc#: 2749
 c: 2 5 6 8 10 13 14 17 19 22 23 25 28 29 31 34 36 39 40 42 45 46 48 51 53 54 56 59 60 62 65 66 68 71 73 74 76 79 80 82 85 86 88 91 93 94 96 99 100 
 r: 39 57 3 13 21 31 49 67 75 85 93 
 Total col=49, Total row=11
 bc#: 2750
 c: 2 10 14 19 29 31 40 42 46 48 51 53 60 65 66 68 71 74 76 79 85 86 88 91 93 94 96 99 
 r: 39 58 3 4 13 21 22 31 40 49 57 67 75 76 85 93 94 
 Total col=28, Total row=17
 bc#: 2751
 c: 5 6 8 13 17 22 23 25 28 34 36 39 45 54 56 59 62 73 80 82 100 
 r: 39 59 3 5 13 21 23 31 41 49 57 67 75 77 85 93 95 
 Total col=21, Total row=17
 bc#: 2752
 c: 10 19 29 31 40 42 46 48 51 53 54 59 60 62 65 68 71 73 76 79 82 86 93 
 r: 39 60 3 6 13 21 24 31 42 49 57 67 75 78 85 93 96 
 Total col=23, Total row=17
 bc#: 2753
 c: 2 5 6 8 14 17 22 28 34 36 39 40 42 45 46 48 51 54 60 66 76 82 88 93 94 96 99 100 
 r: 39 61 3 7 13 17 21 25 31 35 43 49 53 57 67 71 75 79 85 89 93 97 
 Total col=28, Total row=22
 bc#: 2754
 c: 10 13 19 22 25 28 31 42 45 48 51 53 54 56 60 65 66 73 76 79 82 85 88 91 93 94 
 r: 39 62 3 8 13 18 21 26 31 36 44 49 54 57 67 72 75 80 85 90 93 98 
 Total col=26, Total row=22
 bc#: 2755
 c: 5 6 8 14 17 22 23 25 28 29 31 34 40 46 60 66 73 79 93 99 
 r: 39 63 3 9 11 13 15 21 27 29 31 33 45 47 49 51 57 65 67 69 75 81 83 85 87 93 99 
 Total col=20, Total row=27
 bc#: 2756
 c: 2 10 13 19 36 39 42 45 48 51 53 54 56 59 62 65 68 71 74 76 80 82 85 86 88 91 94 96 100 
 r: 39 64 3 10 12 13 16 21 28 30 31 34 46 48 49 52 57 66 67 70 75 82 84 85 88 93 100 
 Total col=29, Total row=27
 bc#: 2757
 c: 5 6 8 14 17 22 23 25 28 29 31 34 40 46 60 66 73 79 93 99 
 r: 39 65 3 9 11 13 15 21 27 29 31 33 45 47 49 51 57 63 67 69 75 81 83 85 87 93 99 
 Total col=20, Total row=27
 bc#: 2758
 c: 2 10 13 19 36 39 42 45 48 51 53 54 56 59 62 65 68 71 74 76 80 82 85 86 88 91 94 96 100 
 r: 39 66 3 10 12 13 16 21 28 30 31 34 46 48 49 52 57 64 67 70 75 82 84 85 88 93 100 
 Total col=29, Total row=27
 bc#: 2759
 c: 2 5 6 8 10 13 14 17 19 22 23 25 28 29 31 34 36 39 40 42 45 46 48 51 53 54 56 59 60 62 65 66 68 71 73 74 76 79 80 82 85 86 88 91 93 94 96 99 100 
 r: 39 67 3 13 21 31 49 57 75 85 93 
 Total col=49, Total row=11
 bc#: 2760
 c: 6 13 29 34 40 46 51 60 65 66 68 71 80 82 86 88 91 94 96 99 
 r: 39 68 2 3 13 14 20 21 31 32 38 49 50 56 57 67 74 75 85 86 92 93 
 Total col=20, Total row=22
 bc#: 2761
 c: 5 6 8 14 17 22 23 25 28 29 31 34 40 46 60 66 73 79 93 99 
 r: 39 69 3 9 11 13 15 21 27 29 31 33 45 47 49 51 57 63 65 67 75 81 83 85 87 93 99 
 Total col=20, Total row=27
 bc#: 2762
 c: 2 10 13 19 36 39 42 45 48 51 53 54 56 59 62 65 68 71 74 76 80 82 85 86 88 91 94 96 100 
 r: 39 70 3 10 12 13 16 21 28 30 31 34 46 48 49 52 57 64 66 67 75 82 84 85 88 93 100 
 Total col=29, Total row=27
 bc#: 2763
 c: 2 5 6 8 14 17 22 28 34 36 39 40 42 45 46 48 51 54 60 66 76 82 88 93 94 96 99 100 
 r: 39 71 3 7 13 17 21 25 31 35 43 49 53 57 61 67 75 79 85 89 93 97 
 Total col=28, Total row=22
 bc#: 2764
 c: 10 13 19 22 25 28 31 42 45 48 51 53 54 56 60 65 66 73 76 79 82 85 88 91 93 94 
 r: 39 72 3 8 13 18 21 26 31 36 44 49 54 57 62 67 75 80 85 90 93 98 
 Total col=26, Total row=22
 bc#: 2765
 c: 2 8 10 14 17 19 22 25 28 31 39 45 46 53 59 60 62 65 66 68 71 73 74 76 79 80 86 94 100 
 r: 39 73 3 13 19 21 31 37 49 55 57 67 75 85 91 93 
 Total col=29, Total row=16
 bc#: 2766
 c: 6 13 29 34 40 46 51 60 65 66 68 71 80 82 86 88 91 94 96 99 
 r: 39 74 2 3 13 14 20 21 31 32 38 49 50 56 57 67 68 75 85 86 92 93 
 Total col=20, Total row=22
 bc#: 2767
 c: 2 5 6 8 10 13 14 17 19 22 23 25 28 29 31 34 36 39 40 42 45 46 48 51 53 54 56 59 60 62 65 66 68 71 73 74 76 79 80 82 85 86 88 91 93 94 96 99 100 
 r: 39 75 3 13 21 31 49 57 67 85 93 
 Total col=49, Total row=11
 bc#: 2768
 c: 2 10 14 19 29 31 40 42 46 48 51 53 60 65 66 68 71 74 76 79 85 86 88 91 93 94 96 99 
 r: 39 76 3 4 13 21 22 31 40 49 57 58 67 75 85 93 94 
 Total col=28, Total row=17
 bc#: 2769
 c: 5 6 8 13 17 22 23 25 28 34 36 39 45 54 56 59 62 73 80 82 100 
 r: 39 77 3 5 13 21 23 31 41 49 57 59 67 75 85 93 95 
 Total col=21, Total row=17
 bc#: 2770
 c: 10 19 29 31 40 42 46 48 51 53 54 59 60 62 65 68 71 73 76 79 82 86 93 
 r: 39 78 3 6 13 21 24 31 42 49 57 60 67 75 85 93 96 
 Total col=23, Total row=17
 bc#: 2771
 c: 2 5 6 8 14 17 22 28 34 36 39 40 42 45 46 48 51 54 60 66 76 82 88 93 94 96 99 100 
 r: 39 79 3 7 13 17 21 25 31 35 43 49 53 57 61 67 71 75 85 89 93 97 
 Total col=28, Total row=22
 bc#: 2772
 c: 10 13 19 22 25 28 31 42 45 48 51 53 54 56 60 65 66 73 76 79 82 85 88 91 93 94 
 r: 39 80 3 8 13 18 21 26 31 36 44 49 54 57 62 67 72 75 85 90 93 98 
 Total col=26, Total row=22
 bc#: 2773
 c: 5 6 8 14 17 22 23 25 28 29 31 34 40 46 60 66 73 79 93 99 
 r: 39 81 3 9 11 13 15 21 27 29 31 33 45 47 49 51 57 63 65 67 69 75 83 85 87 93 99 
 Total col=20, Total row=27
 bc#: 2774
 c: 2 10 13 19 36 39 42 45 48 51 53 54 56 59 62 65 68 71 74 76 80 82 85 86 88 91 94 96 100 
 r: 39 82 3 10 12 13 16 21 28 30 31 34 46 48 49 52 57 64 66 67 70 75 84 85 88 93 100 
 Total col=29, Total row=27
 bc#: 2775
 c: 5 6 8 14 17 22 23 25 28 29 31 34 40 46 60 66 73 79 93 99 
 r: 39 83 3 9 11 13 15 21 27 29 31 33 45 47 49 51 57 63 65 67 69 75 81 85 87 93 99 
 Total col=20, Total row=27
 bc#: 2776
 c: 2 10 13 19 36 39 42 45 48 51 53 54 56 59 62 65 68 71 74 76 80 82 85 86 88 91 94 96 100 
 r: 39 84 3 10 12 13 16 21 28 30 31 34 46 48 49 52 57 64 66 67 70 75 82 85 88 93 100 
 Total col=29, Total row=27
 bc#: 2777
 c: 2 5 6 8 10 13 14 17 19 22 23 25 28 29 31 34 36 39 40 42 45 46 48 51 53 54 56 59 60 62 65 66 68 71 73 74 76 79 80 82 85 86 88 91 93 94 96 99 100 
 r: 39 85 3 13 21 31 49 57 67 75 93 
 Total col=49, Total row=11
 bc#: 2778
 c: 6 13 29 34 40 46 51 60 65 66 68 71 80 82 86 88 91 94 96 99 
 r: 39 86 2 3 13 14 20 21 31 32 38 49 50 56 57 67 68 74 75 85 92 93 
 Total col=20, Total row=22
 bc#: 2779
 c: 5 6 8 14 17 22 23 25 28 29 31 34 40 46 60 66 73 79 93 99 
 r: 39 87 3 9 11 13 15 21 27 29 31 33 45 47 49 51 57 63 65 67 69 75 81 83 85 93 99 
 Total col=20, Total row=27
 bc#: 2780
 c: 2 10 13 19 36 39 42 45 48 51 53 54 56 59 62 65 68 71 74 76 80 82 85 86 88 91 94 96 100 
 r: 39 88 3 10 12 13 16 21 28 30 31 34 46 48 49 52 57 64 66 67 70 75 82 84 85 93 100 
 Total col=29, Total row=27
 bc#: 2781
 c: 2 5 6 8 14 17 22 28 34 36 39 40 42 45 46 48 51 54 60 66 76 82 88 93 94 96 99 100 
 r: 39 89 3 7 13 17 21 25 31 35 43 49 53 57 61 67 71 75 79 85 93 97 
 Total col=28, Total row=22
 bc#: 2782
 c: 10 13 19 22 25 28 31 42 45 48 51 53 54 56 60 65 66 73 76 79 82 85 88 91 93 94 
 r: 39 90 3 8 13 18 21 26 31 36 44 49 54 57 62 67 72 75 80 85 93 98 
 Total col=26, Total row=22
 bc#: 2783
 c: 2 8 10 14 17 19 22 25 28 31 39 45 46 53 59 60 62 65 66 68 71 73 74 76 79 80 86 94 100 
 r: 39 91 3 13 19 21 31 37 49 55 57 67 73 75 85 93 
 Total col=29, Total row=16
 bc#: 2784
 c: 6 13 29 34 40 46 51 60 65 66 68 71 80 82 86 88 91 94 96 99 
 r: 39 92 2 3 13 14 20 21 31 32 38 49 50 56 57 67 68 74 75 85 86 93 
 Total col=20, Total row=22
 bc#: 2785
 c: 2 5 6 8 10 13 14 17 19 22 23 25 28 29 31 34 36 39 40 42 45 46 48 51 53 54 56 59 60 62 65 66 68 71 73 74 76 79 80 82 85 86 88 91 93 94 96 99 100 
 r: 39 93 3 13 21 31 49 57 67 75 85 
 Total col=49, Total row=11
 bc#: 2786
 c: 2 10 14 19 29 31 40 42 46 48 51 53 60 65 66 68 71 74 76 79 85 86 88 91 93 94 96 99 
 r: 39 94 3 4 13 21 22 31 40 49 57 58 67 75 76 85 93 
 Total col=28, Total row=17
 bc#: 2787
 c: 5 6 8 13 17 22 23 25 28 34 36 39 45 54 56 59 62 73 80 82 100 
 r: 39 95 3 5 13 21 23 31 41 49 57 59 67 75 77 85 93 
 Total col=21, Total row=17
 bc#: 2788
 c: 10 19 29 31 40 42 46 48 51 53 54 59 60 62 65 68 71 73 76 79 82 86 93 
 r: 39 96 3 6 13 21 24 31 42 49 57 60 67 75 78 85 93 
 Total col=23, Total row=17
 bc#: 2789
 c: 2 5 6 8 14 17 22 28 34 36 39 40 42 45 46 48 51 54 60 66 76 82 88 93 94 96 99 100 
 r: 39 97 3 7 13 17 21 25 31 35 43 49 53 57 61 67 71 75 79 85 89 93 
 Total col=28, Total row=22
 bc#: 2790
 c: 10 13 19 22 25 28 31 42 45 48 51 53 54 56 60 65 66 73 76 79 82 85 88 91 93 94 
 r: 39 98 3 8 13 18 21 26 31 36 44 49 54 57 62 67 72 75 80 85 90 93 
 Total col=26, Total row=22
 bc#: 2791
 c: 5 6 8 14 17 22 23 25 28 29 31 34 40 46 60 66 73 79 93 99 
 r: 39 99 3 9 11 13 15 21 27 29 31 33 45 47 49 51 57 63 65 67 69 75 81 83 85 87 93 
 Total col=20, Total row=27
 bc#: 2792
 c: 2 10 13 19 36 39 42 45 48 51 53 54 56 59 62 65 68 71 74 76 80 82 85 86 88 91 94 96 100 
 r: 39 100 3 10 12 13 16 21 28 30 31 34 46 48 49 52 57 64 66 67 70 75 82 84 85 88 93 
 Total col=29, Total row=27
 bc#: 2793
 c: 2 4 12 14 21 24 27 40 42 46 48 51 57 58 60 63 66 70 76 81 88 93 94 96 99 
 r: 40 43 4 7 17 22 25 35 53 58 61 71 76 79 89 94 97 
 Total col=25, Total row=17
 bc#: 2794
 c: 1 4 7 9 10 16 18 19 27 31 32 35 37 38 42 48 51 53 57 60 63 65 66 70 76 79 81 85 88 91 93 94 98 
 r: 40 44 4 8 18 22 26 36 54 58 62 72 76 80 90 94 98 
 Total col=33, Total row=17
 bc#: 2795
 c: 12 14 29 31 35 37 40 43 46 49 55 58 60 63 66 79 81 93 98 99 
 r: 40 45 4 9 11 15 22 27 29 33 47 51 58 63 65 69 76 81 83 87 94 99 
 Total col=20, Total row=22
 bc#: 2796
 c: 12 14 29 31 35 37 40 43 46 49 55 58 60 63 66 79 81 93 98 99 
 r: 40 47 4 9 11 15 22 27 29 33 45 51 58 63 65 69 76 81 83 87 94 99 
 Total col=20, Total row=22
 bc#: 2797
 c: 2 10 14 19 29 31 40 42 46 48 51 53 60 65 66 68 71 74 76 79 85 86 88 91 93 94 96 99 
 r: 40 49 3 4 13 21 22 31 39 57 58 67 75 76 85 93 94 
 Total col=28, Total row=17
 bc#: 2798
 c: 12 14 29 31 35 37 40 43 46 49 55 58 60 63 66 79 81 93 98 99 
 r: 40 51 4 9 11 15 22 27 29 33 45 47 58 63 65 69 76 81 83 87 94 99 
 Total col=20, Total row=22
 bc#: 2799
 c: 2 4 12 14 21 24 27 40 42 46 48 51 57 58 60 63 66 70 76 81 88 93 94 96 99 
 r: 40 53 4 7 17 22 25 35 43 58 61 71 76 79 89 94 97 
 Total col=25, Total row=17
 bc#: 2800
 c: 1 4 7 9 10 16 18 19 27 31 32 35 37 38 42 48 51 53 57 60 63 65 66 70 76 79 81 85 88 91 93 94 98 
 r: 40 54 4 8 18 22 26 36 44 58 62 72 76 80 90 94 98 
 Total col=33, Total row=17
 bc#: 2801
 c: 2 4 7 10 14 16 19 26 31 32 35 38 43 46 49 53 55 58 60 65 66 68 71 74 76 79 81 86 94 
 r: 40 55 4 19 22 37 58 73 76 91 94 
 Total col=29, Total row=11
 bc#: 2802
 c: 2 10 14 19 29 31 40 42 46 48 51 53 60 65 66 68 71 74 76 79 85 86 88 91 93 94 96 99 
 r: 40 57 3 4 13 21 22 31 39 49 58 67 75 76 85 93 94 
 Total col=28, Total row=17
 bc#: 2803
 c: 2 4 12 14 21 24 27 40 42 46 48 51 57 58 60 63 66 70 76 81 88 93 94 96 99 
 r: 40 61 4 7 17 22 25 35 43 53 58 71 76 79 89 94 97 
 Total col=25, Total row=17
 bc#: 2804
 c: 1 4 7 9 10 16 18 19 27 31 32 35 37 38 42 48 51 53 57 60 63 65 66 70 76 79 81 85 88 91 93 94 98 
 r: 40 62 4 8 18 22 26 36 44 54 58 72 76 80 90 94 98 
 Total col=33, Total row=17
 bc#: 2805
 c: 12 14 29 31 35 37 40 43 46 49 55 58 60 63 66 79 81 93 98 99 
 r: 40 63 4 9 11 15 22 27 29 33 45 47 51 58 65 69 76 81 83 87 94 99 
 Total col=20, Total row=22
 bc#: 2806
 c: 12 14 29 31 35 37 40 43 46 49 55 58 60 63 66 79 81 93 98 99 
 r: 40 65 4 9 11 15 22 27 29 33 45 47 51 58 63 69 76 81 83 87 94 99 
 Total col=20, Total row=22
 bc#: 2807
 c: 2 10 14 19 29 31 40 42 46 48 51 53 60 65 66 68 71 74 76 79 85 86 88 91 93 94 96 99 
 r: 40 67 3 4 13 21 22 31 39 49 57 58 75 76 85 93 94 
 Total col=28, Total row=17
 bc#: 2808
 c: 12 14 29 31 35 37 40 43 46 49 55 58 60 63 66 79 81 93 98 99 
 r: 40 69 4 9 11 15 22 27 29 33 45 47 51 58 63 65 76 81 83 87 94 99 
 Total col=20, Total row=22
 bc#: 2809
 c: 2 4 12 14 21 24 27 40 42 46 48 51 57 58 60 63 66 70 76 81 88 93 94 96 99 
 r: 40 71 4 7 17 22 25 35 43 53 58 61 76 79 89 94 97 
 Total col=25, Total row=17
 bc#: 2810
 c: 1 4 7 9 10 16 18 19 27 31 32 35 37 38 42 48 51 53 57 60 63 65 66 70 76 79 81 85 88 91 93 94 98 
 r: 40 72 4 8 18 22 26 36 44 54 58 62 76 80 90 94 98 
 Total col=33, Total row=17
 bc#: 2811
 c: 2 4 7 10 14 16 19 26 31 32 35 38 43 46 49 53 55 58 60 65 66 68 71 74 76 79 81 86 94 
 r: 40 73 4 19 22 37 55 58 76 91 94 
 Total col=29, Total row=11
 bc#: 2812
 c: 2 10 14 19 29 31 40 42 46 48 51 53 60 65 66 68 71 74 76 79 85 86 88 91 93 94 96 99 
 r: 40 75 3 4 13 21 22 31 39 49 57 58 67 76 85 93 94 
 Total col=28, Total row=17
 bc#: 2813
 c: 2 4 12 14 21 24 27 40 42 46 48 51 57 58 60 63 66 70 76 81 88 93 94 96 99 
 r: 40 79 4 7 17 22 25 35 43 53 58 61 71 76 89 94 97 
 Total col=25, Total row=17
 bc#: 2814
 c: 1 4 7 9 10 16 18 19 27 31 32 35 37 38 42 48 51 53 57 60 63 65 66 70 76 79 81 85 88 91 93 94 98 
 r: 40 80 4 8 18 22 26 36 44 54 58 62 72 76 90 94 98 
 Total col=33, Total row=17
 bc#: 2815
 c: 12 14 29 31 35 37 40 43 46 49 55 58 60 63 66 79 81 93 98 99 
 r: 40 81 4 9 11 15 22 27 29 33 45 47 51 58 63 65 69 76 83 87 94 99 
 Total col=20, Total row=22
 bc#: 2816
 c: 12 14 29 31 35 37 40 43 46 49 55 58 60 63 66 79 81 93 98 99 
 r: 40 83 4 9 11 15 22 27 29 33 45 47 51 58 63 65 69 76 81 87 94 99 
 Total col=20, Total row=22
 bc#: 2817
 c: 2 10 14 19 29 31 40 42 46 48 51 53 60 65 66 68 71 74 76 79 85 86 88 91 93 94 96 99 
 r: 40 85 3 4 13 21 22 31 39 49 57 58 67 75 76 93 94 
 Total col=28, Total row=17
 bc#: 2818
 c: 12 14 29 31 35 37 40 43 46 49 55 58 60 63 66 79 81 93 98 99 
 r: 40 87 4 9 11 15 22 27 29 33 45 47 51 58 63 65 69 76 81 83 94 99 
 Total col=20, Total row=22
 bc#: 2819
 c: 2 4 12 14 21 24 27 40 42 46 48 51 57 58 60 63 66 70 76 81 88 93 94 96 99 
 r: 40 89 4 7 17 22 25 35 43 53 58 61 71 76 79 94 97 
 Total col=25, Total row=17
 bc#: 2820
 c: 1 4 7 9 10 16 18 19 27 31 32 35 37 38 42 48 51 53 57 60 63 65 66 70 76 79 81 85 88 91 93 94 98 
 r: 40 90 4 8 18 22 26 36 44 54 58 62 72 76 80 94 98 
 Total col=33, Total row=17
 bc#: 2821
 c: 2 4 7 10 14 16 19 26 31 32 35 38 43 46 49 53 55 58 60 65 66 68 71 74 76 79 81 86 94 
 r: 40 91 4 19 22 37 55 58 73 76 94 
 Total col=29, Total row=11
 bc#: 2822
 c: 2 10 14 19 29 31 40 42 46 48 51 53 60 65 66 68 71 74 76 79 85 86 88 91 93 94 96 99 
 r: 40 93 3 4 13 21 22 31 39 49 57 58 67 75 76 85 94 
 Total col=28, Total row=17
 bc#: 2823
 c: 2 4 12 14 21 24 27 40 42 46 48 51 57 58 60 63 66 70 76 81 88 93 94 96 99 
 r: 40 97 4 7 17 22 25 35 43 53 58 61 71 76 79 89 94 
 Total col=25, Total row=17
 bc#: 2824
 c: 1 4 7 9 10 16 18 19 27 31 32 35 37 38 42 48 51 53 57 60 63 65 66 70 76 79 81 85 88 91 93 94 98 
 r: 40 98 4 8 18 22 26 36 44 54 58 62 72 76 80 90 94 
 Total col=33, Total row=17
 bc#: 2825
 c: 12 14 29 31 35 37 40 43 46 49 55 58 60 63 66 79 81 93 98 99 
 r: 40 99 4 9 11 15 22 27 29 33 45 47 51 58 63 65 69 76 81 83 87 94 
 Total col=20, Total row=22
 bc#: 2826
 c: 3 15 54 59 62 64 73 75 82 84 87 90 92 95 97 
 r: 41 42 5 6 23 24 59 60 77 78 95 96 
 Total col=15, Total row=12
 bc#: 2827
 c: 5 6 8 11 17 20 22 28 30 33 34 36 39 45 52 54 64 69 72 75 78 82 84 87 90 100 
 r: 41 43 5 7 17 23 25 35 53 59 61 71 77 79 89 95 97 
 Total col=26, Total row=17
 bc#: 2828
 c: 13 15 22 25 28 41 45 47 54 56 69 73 75 82 84 97 
 r: 41 44 5 8 18 23 26 36 54 59 62 72 77 80 90 95 98 
 Total col=16, Total row=17
 bc#: 2829
 c: 3 5 6 8 11 17 20 22 23 25 28 34 41 47 52 61 67 69 72 73 75 78 84 87 90 92 95 
 r: 41 45 5 9 11 15 23 27 29 33 47 51 59 63 65 69 77 81 83 87 95 99 
 Total col=27, Total row=22
 bc#: 2830
 c: 13 15 30 33 36 39 44 45 50 54 56 59 62 64 80 82 89 97 100 
 r: 41 46 5 10 12 16 23 28 30 34 48 52 59 64 66 70 77 82 84 88 95 100 
 Total col=19, Total row=22
 bc#: 2831
 c: 3 5 6 8 11 17 20 22 23 25 28 34 41 47 52 61 67 69 72 73 75 78 84 87 90 92 95 
 r: 41 47 5 9 11 15 23 27 29 33 45 51 59 63 65 69 77 81 83 87 95 99 
 Total col=27, Total row=22
 bc#: 2832
 c: 13 15 30 33 36 39 44 45 50 54 56 59 62 64 80 82 89 97 100 
 r: 41 48 5 10 12 16 23 28 30 34 46 52 59 64 66 70 77 82 84 88 95 100 
 Total col=19, Total row=22
 bc#: 2833
 c: 5 6 8 13 17 22 23 25 28 34 36 39 45 54 56 59 62 73 80 82 100 
 r: 41 49 3 5 13 21 23 31 39 57 59 67 75 77 85 93 95 
 Total col=21, Total row=17
 bc#: 2834
 c: 3 6 11 13 15 20 34 41 44 47 52 72 75 78 80 82 89 97 
 r: 41 50 2 5 14 20 23 32 38 56 59 68 74 77 86 92 95 
 Total col=18, Total row=17
 bc#: 2835
 c: 3 5 6 8 11 17 20 22 23 25 28 34 41 47 52 61 67 69 72 73 75 78 84 87 90 92 95 
 r: 41 51 5 9 11 15 23 27 29 33 45 47 59 63 65 69 77 81 83 87 95 99 
 Total col=27, Total row=22
 bc#: 2836
 c: 13 15 30 33 36 39 44 45 50 54 56 59 62 64 80 82 89 97 100 
 r: 41 52 5 10 12 16 23 28 30 34 46 48 59 64 66 70 77 82 84 88 95 100 
 Total col=19, Total row=22
 bc#: 2837
 c: 5 6 8 11 17 20 22 28 30 33 34 36 39 45 52 54 64 69 72 75 78 82 84 87 90 100 
 r: 41 53 5 7 17 23 25 35 43 59 61 71 77 79 89 95 97 
 Total col=26, Total row=17
 bc#: 2838
 c: 13 15 22 25 28 41 45 47 54 56 69 73 75 82 84 97 
 r: 41 54 5 8 18 23 26 36 44 59 62 72 77 80 90 95 98 
 Total col=16, Total row=17
 bc#: 2839
 c: 8 11 17 22 25 28 30 39 41 45 52 59 62 73 80 84 87 89 92 95 97 100 
 r: 41 55 5 19 23 37 59 73 77 91 95 
 Total col=22, Total row=11
 bc#: 2840
 c: 3 6 11 13 15 20 34 41 44 47 52 72 75 78 80 82 89 97 
 r: 41 56 2 5 14 20 23 32 38 50 59 68 74 77 86 92 95 
 Total col=18, Total row=17
 bc#: 2841
 c: 5 6 8 13 17 22 23 25 28 34 36 39 45 54 56 59 62 73 80 82 100 
 r: 41 57 3 5 13 21 23 31 39 49 59 67 75 77 85 93 95 
 Total col=21, Total row=17
 bc#: 2842
 c: 3 5 6 8 11 13 15 17 20 22 23 25 28 30 33 34 36 39 41 44 45 47 50 52 54 56 59 61 62 64 67 69 72 73 75 78 80 82 84 87 89 90 92 95 97 100 
 r: 41 59 5 23 77 95 
 Total col=46, Total row=6
 bc#: 2843
 c: 3 15 54 59 62 64 73 75 82 84 87 90 92 95 97 
 r: 41 60 5 6 23 24 42 59 77 78 95 96 
 Total col=15, Total row=12
 bc#: 2844
 c: 5 6 8 11 17 20 22 28 30 33 34 36 39 45 52 54 64 69 72 75 78 82 84 87 90 100 
 r: 41 61 5 7 17 23 25 35 43 53 59 71 77 79 89 95 97 
 Total col=26, Total row=17
 bc#: 2845
 c: 13 15 22 25 28 41 45 47 54 56 69 73 75 82 84 97 
 r: 41 62 5 8 18 23 26 36 44 54 59 72 77 80 90 95 98 
 Total col=16, Total row=17
 bc#: 2846
 c: 3 5 6 8 11 17 20 22 23 25 28 34 41 47 52 61 67 69 72 73 75 78 84 87 90 92 95 
 r: 41 63 5 9 11 15 23 27 29 33 45 47 51 59 65 69 77 81 83 87 95 99 
 Total col=27, Total row=22
 bc#: 2847
 c: 13 15 30 33 36 39 44 45 50 54 56 59 62 64 80 82 89 97 100 
 r: 41 64 5 10 12 16 23 28 30 34 46 48 52 59 66 70 77 82 84 88 95 100 
 Total col=19, Total row=22
 bc#: 2848
 c: 3 5 6 8 11 17 20 22 23 25 28 34 41 47 52 61 67 69 72 73 75 78 84 87 90 92 95 
 r: 41 65 5 9 11 15 23 27 29 33 45 47 51 59 63 69 77 81 83 87 95 99 
 Total col=27, Total row=22
 bc#: 2849
 c: 13 15 30 33 36 39 44 45 50 54 56 59 62 64 80 82 89 97 100 
 r: 41 66 5 10 12 16 23 28 30 34 46 48 52 59 64 70 77 82 84 88 95 100 
 Total col=19, Total row=22
 bc#: 2850
 c: 5 6 8 13 17 22 23 25 28 34 36 39 45 54 56 59 62 73 80 82 100 
 r: 41 67 3 5 13 21 23 31 39 49 57 59 75 77 85 93 95 
 Total col=21, Total row=17
 bc#: 2851
 c: 3 6 11 13 15 20 34 41 44 47 52 72 75 78 80 82 89 97 
 r: 41 68 2 5 14 20 23 32 38 50 56 59 74 77 86 92 95 
 Total col=18, Total row=17
 bc#: 2852
 c: 3 5 6 8 11 17 20 22 23 25 28 34 41 47 52 61 67 69 72 73 75 78 84 87 90 92 95 
 r: 41 69 5 9 11 15 23 27 29 33 45 47 51 59 63 65 77 81 83 87 95 99 
 Total col=27, Total row=22
 bc#: 2853
 c: 13 15 30 33 36 39 44 45 50 54 56 59 62 64 80 82 89 97 100 
 r: 41 70 5 10 12 16 23 28 30 34 46 48 52 59 64 66 77 82 84 88 95 100 
 Total col=19, Total row=22
 bc#: 2854
 c: 5 6 8 11 17 20 22 28 30 33 34 36 39 45 52 54 64 69 72 75 78 82 84 87 90 100 
 r: 41 71 5 7 17 23 25 35 43 53 59 61 77 79 89 95 97 
 Total col=26, Total row=17
 bc#: 2855
 c: 13 15 22 25 28 41 45 47 54 56 69 73 75 82 84 97 
 r: 41 72 5 8 18 23 26 36 44 54 59 62 77 80 90 95 98 
 Total col=16, Total row=17
 bc#: 2856
 c: 8 11 17 22 25 28 30 39 41 45 52 59 62 73 80 84 87 89 92 95 97 100 
 r: 41 73 5 19 23 37 55 59 77 91 95 
 Total col=22, Total row=11
 bc#: 2857
 c: 3 6 11 13 15 20 34 41 44 47 52 72 75 78 80 82 89 97 
 r: 41 74 2 5 14 20 23 32 38 50 56 59 68 77 86 92 95 
 Total col=18, Total row=17
 bc#: 2858
 c: 5 6 8 13 17 22 23 25 28 34 36 39 45 54 56 59 62 73 80 82 100 
 r: 41 75 3 5 13 21 23 31 39 49 57 59 67 77 85 93 95 
 Total col=21, Total row=17
 bc#: 2859
 c: 3 5 6 8 11 13 15 17 20 22 23 25 28 30 33 34 36 39 41 44 45 47 50 52 54 56 59 61 62 64 67 69 72 73 75 78 80 82 84 87 89 90 92 95 97 100 
 r: 41 77 5 23 59 95 
 Total col=46, Total row=6
 bc#: 2860
 c: 3 15 54 59 62 64 73 75 82 84 87 90 92 95 97 
 r: 41 78 5 6 23 24 42 59 60 77 95 96 
 Total col=15, Total row=12
 bc#: 2861
 c: 5 6 8 11 17 20 22 28 30 33 34 36 39 45 52 54 64 69 72 75 78 82 84 87 90 100 
 r: 41 79 5 7 17 23 25 35 43 53 59 61 71 77 89 95 97 
 Total col=26, Total row=17
 bc#: 2862
 c: 13 15 22 25 28 41 45 47 54 56 69 73 75 82 84 97 
 r: 41 80 5 8 18 23 26 36 44 54 59 62 72 77 90 95 98 
 Total col=16, Total row=17
 bc#: 2863
 c: 3 5 6 8 11 17 20 22 23 25 28 34 41 47 52 61 67 69 72 73 75 78 84 87 90 92 95 
 r: 41 81 5 9 11 15 23 27 29 33 45 47 51 59 63 65 69 77 83 87 95 99 
 Total col=27, Total row=22
 bc#: 2864
 c: 13 15 30 33 36 39 44 45 50 54 56 59 62 64 80 82 89 97 100 
 r: 41 82 5 10 12 16 23 28 30 34 46 48 52 59 64 66 70 77 84 88 95 100 
 Total col=19, Total row=22
 bc#: 2865
 c: 3 5 6 8 11 17 20 22 23 25 28 34 41 47 52 61 67 69 72 73 75 78 84 87 90 92 95 
 r: 41 83 5 9 11 15 23 27 29 33 45 47 51 59 63 65 69 77 81 87 95 99 
 Total col=27, Total row=22
 bc#: 2866
 c: 13 15 30 33 36 39 44 45 50 54 56 59 62 64 80 82 89 97 100 
 r: 41 84 5 10 12 16 23 28 30 34 46 48 52 59 64 66 70 77 82 88 95 100 
 Total col=19, Total row=22
 bc#: 2867
 c: 5 6 8 13 17 22 23 25 28 34 36 39 45 54 56 59 62 73 80 82 100 
 r: 41 85 3 5 13 21 23 31 39 49 57 59 67 75 77 93 95 
 Total col=21, Total row=17
 bc#: 2868
 c: 3 6 11 13 15 20 34 41 44 47 52 72 75 78 80 82 89 97 
 r: 41 86 2 5 14 20 23 32 38 50 56 59 68 74 77 92 95 
 Total col=18, Total row=17
 bc#: 2869
 c: 3 5 6 8 11 17 20 22 23 25 28 34 41 47 52 61 67 69 72 73 75 78 84 87 90 92 95 
 r: 41 87 5 9 11 15 23 27 29 33 45 47 51 59 63 65 69 77 81 83 95 99 
 Total col=27, Total row=22
 bc#: 2870
 c: 13 15 30 33 36 39 44 45 50 54 56 59 62 64 80 82 89 97 100 
 r: 41 88 5 10 12 16 23 28 30 34 46 48 52 59 64 66 70 77 82 84 95 100 
 Total col=19, Total row=22
 bc#: 2871
 c: 5 6 8 11 17 20 22 28 30 33 34 36 39 45 52 54 64 69 72 75 78 82 84 87 90 100 
 r: 41 89 5 7 17 23 25 35 43 53 59 61 71 77 79 95 97 
 Total col=26, Total row=17
 bc#: 2872
 c: 13 15 22 25 28 41 45 47 54 56 69 73 75 82 84 97 
 r: 41 90 5 8 18 23 26 36 44 54 59 62 72 77 80 95 98 
 Total col=16, Total row=17
 bc#: 2873
 c: 8 11 17 22 25 28 30 39 41 45 52 59 62 73 80 84 87 89 92 95 97 100 
 r: 41 91 5 19 23 37 55 59 73 77 95 
 Total col=22, Total row=11
 bc#: 2874
 c: 3 6 11 13 15 20 34 41 44 47 52 72 75 78 80 82 89 97 
 r: 41 92 2 5 14 20 23 32 38 50 56 59 68 74 77 86 95 
 Total col=18, Total row=17
 bc#: 2875
 c: 5 6 8 13 17 22 23 25 28 34 36 39 45 54 56 59 62 73 80 82 100 
 r: 41 93 3 5 13 21 23 31 39 49 57 59 67 75 77 85 95 
 Total col=21, Total row=17
 bc#: 2876
 c: 3 5 6 8 11 13 15 17 20 22 23 25 28 30 33 34 36 39 41 44 45 47 50 52 54 56 59 61 62 64 67 69 72 73 75 78 80 82 84 87 89 90 92 95 97 100 
 r: 41 95 5 23 59 77 
 Total col=46, Total row=6
 bc#: 2877
 c: 3 15 54 59 62 64 73 75 82 84 87 90 92 95 97 
 r: 41 96 5 6 23 24 42 59 60 77 78 95 
 Total col=15, Total row=12
 bc#: 2878
 c: 5 6 8 11 17 20 22 28 30 33 34 36 39 45 52 54 64 69 72 75 78 82 84 87 90 100 
 r: 41 97 5 7 17 23 25 35 43 53 59 61 71 77 79 89 95 
 Total col=26, Total row=17
 bc#: 2879
 c: 13 15 22 25 28 41 45 47 54 56 69 73 75 82 84 97 
 r: 41 98 5 8 18 23 26 36 44 54 59 62 72 77 80 90 95 
 Total col=16, Total row=17
 bc#: 2880
 c: 3 5 6 8 11 17 20 22 23 25 28 34 41 47 52 61 67 69 72 73 75 78 84 87 90 92 95 
 r: 41 99 5 9 11 15 23 27 29 33 45 47 51 59 63 65 69 77 81 83 87 95 
 Total col=27, Total row=22
 bc#: 2881
 c: 13 15 30 33 36 39 44 45 50 54 56 59 62 64 80 82 89 97 100 
 r: 41 100 5 10 12 16 23 28 30 34 46 48 52 59 64 66 70 77 82 84 88 95 
 Total col=19, Total row=22
 bc#: 2882
 c: 4 12 21 24 27 40 42 46 48 51 54 57 60 64 70 75 76 81 82 84 87 90 93 
 r: 42 43 6 7 17 24 25 35 53 60 61 71 78 79 89 96 97 
 Total col=23, Total row=17
 bc#: 2883
 c: 1 4 7 9 10 15 16 18 19 27 31 32 35 37 38 42 48 51 53 54 57 60 65 70 73 75 76 79 81 82 84 93 97 98 
 r: 42 44 6 8 18 24 26 36 54 60 62 72 78 80 90 96 98 
 Total col=34, Total row=17
 bc#: 2884
 c: 3 12 29 31 35 37 40 43 46 49 60 73 75 79 81 84 87 90 92 93 95 98 
 r: 42 45 6 9 11 15 24 27 29 33 47 51 60 63 65 69 78 81 83 87 96 99 
 Total col=22, Total row=22
 bc#: 2885
 c: 1 4 7 9 10 15 16 18 19 21 24 26 27 32 38 42 48 51 53 54 57 59 62 64 65 68 70 71 76 82 86 97 
 r: 42 46 6 10 12 16 24 28 30 34 48 52 60 64 66 70 78 82 84 88 96 100 
 Total col=32, Total row=22
 bc#: 2886
 c: 3 12 29 31 35 37 40 43 46 49 60 73 75 79 81 84 87 90 92 93 95 98 
 r: 42 47 6 9 11 15 24 27 29 33 45 51 60 63 65 69 78 81 83 87 96 99 
 Total col=22, Total row=22
 bc#: 2887
 c: 1 4 7 9 10 15 16 18 19 21 24 26 27 32 38 42 48 51 53 54 57 59 62 64 65 68 70 71 76 82 86 97 
 r: 42 48 6 10 12 16 24 28 30 34 46 52 60 64 66 70 78 82 84 88 96 100 
 Total col=32, Total row=22
 bc#: 2888
 c: 10 19 29 31 40 42 46 48 51 53 54 59 60 62 65 68 71 73 76 79 82 86 93 
 r: 42 49 3 6 13 21 24 31 39 57 60 67 75 78 85 93 96 
 Total col=23, Total row=17
 bc#: 2889
 c: 1 3 4 9 15 16 18 21 24 26 27 29 32 35 37 40 46 49 51 57 60 65 68 71 75 82 86 97 
 r: 42 50 2 6 14 20 24 32 38 56 60 68 74 78 86 92 96 
 Total col=28, Total row=17
 bc#: 2890
 c: 3 12 29 31 35 37 40 43 46 49 60 73 75 79 81 84 87 90 92 93 95 98 
 r: 42 51 6 9 11 15 24 27 29 33 45 47 60 63 65 69 78 81 83 87 96 99 
 Total col=22, Total row=22
 bc#: 2891
 c: 1 4 7 9 10 15 16 18 19 21 24 26 27 32 38 42 48 51 53 54 57 59 62 64 65 68 70 71 76 82 86 97 
 r: 42 52 6 10 12 16 24 28 30 34 46 48 60 64 66 70 78 82 84 88 96 100 
 Total col=32, Total row=22
 bc#: 2892
 c: 4 12 21 24 27 40 42 46 48 51 54 57 60 64 70 75 76 81 82 84 87 90 93 
 r: 42 53 6 7 17 24 25 35 43 60 61 71 78 79 89 96 97 
 Total col=23, Total row=17
 bc#: 2893
 c: 1 4 7 9 10 15 16 18 19 27 31 32 35 37 38 42 48 51 53 54 57 60 65 70 73 75 76 79 81 82 84 93 97 98 
 r: 42 54 6 8 18 24 26 36 44 60 62 72 78 80 90 96 98 
 Total col=34, Total row=17
 bc#: 2894
 c: 4 7 10 16 19 26 31 32 35 38 43 46 49 53 59 60 62 65 68 71 73 76 79 81 84 86 87 92 95 97 
 r: 42 55 6 19 24 37 60 73 78 91 96 
 Total col=30, Total row=11
 bc#: 2895
 c: 1 3 4 9 15 16 18 21 24 26 27 29 32 35 37 40 46 49 51 57 60 65 68 71 75 82 86 97 
 r: 42 56 2 6 14 20 24 32 38 50 60 68 74 78 86 92 96 
 Total col=28, Total row=17
 bc#: 2896
 c: 10 19 29 31 40 42 46 48 51 53 54 59 60 62 65 68 71 73 76 79 82 86 93 
 r: 42 57 3 6 13 21 24 31 39 49 60 67 75 78 85 93 96 
 Total col=23, Total row=17
 bc#: 2897
 c: 3 15 54 59 62 64 73 75 82 84 87 90 92 95 97 
 r: 42 59 5 6 23 24 41 60 77 78 95 96 
 Total col=15, Total row=12
 bc#: 2898
 c: 1 3 4 7 9 10 12 15 16 18 19 21 24 26 27 29 31 32 35 37 38 40 42 43 46 48 49 51 53 54 57 59 60 62 64 65 68 70 71 73 75 76 79 81 82 84 86 87 90 92 93 95 97 98 
 r: 42 60 6 24 78 96 
 Total col=54, Total row=6
 bc#: 2899
 c: 4 12 21 24 27 40 42 46 48 51 54 57 60 64 70 75 76 81 82 84 87 90 93 
 r: 42 61 6 7 17 24 25 35 43 53 60 71 78 79 89 96 97 
 Total col=23, Total row=17
 bc#: 2900
 c: 1 4 7 9 10 15 16 18 19 27 31 32 35 37 38 42 48 51 53 54 57 60 65 70 73 75 76 79 81 82 84 93 97 98 
 r: 42 62 6 8 18 24 26 36 44 54 60 72 78 80 90 96 98 
 Total col=34, Total row=17
 bc#: 2901
 c: 3 12 29 31 35 37 40 43 46 49 60 73 75 79 81 84 87 90 92 93 95 98 
 r: 42 63 6 9 11 15 24 27 29 33 45 47 51 60 65 69 78 81 83 87 96 99 
 Total col=22, Total row=22
 bc#: 2902
 c: 1 4 7 9 10 15 16 18 19 21 24 26 27 32 38 42 48 51 53 54 57 59 62 64 65 68 70 71 76 82 86 97 
 r: 42 64 6 10 12 16 24 28 30 34 46 48 52 60 66 70 78 82 84 88 96 100 
 Total col=32, Total row=22
 bc#: 2903
 c: 3 12 29 31 35 37 40 43 46 49 60 73 75 79 81 84 87 90 92 93 95 98 
 r: 42 65 6 9 11 15 24 27 29 33 45 47 51 60 63 69 78 81 83 87 96 99 
 Total col=22, Total row=22
 bc#: 2904
 c: 1 4 7 9 10 15 16 18 19 21 24 26 27 32 38 42 48 51 53 54 57 59 62 64 65 68 70 71 76 82 86 97 
 r: 42 66 6 10 12 16 24 28 30 34 46 48 52 60 64 70 78 82 84 88 96 100 
 Total col=32, Total row=22
 bc#: 2905
 c: 10 19 29 31 40 42 46 48 51 53 54 59 60 62 65 68 71 73 76 79 82 86 93 
 r: 42 67 3 6 13 21 24 31 39 49 57 60 75 78 85 93 96 
 Total col=23, Total row=17
 bc#: 2906
 c: 1 3 4 9 15 16 18 21 24 26 27 29 32 35 37 40 46 49 51 57 60 65 68 71 75 82 86 97 
 r: 42 68 2 6 14 20 24 32 38 50 56 60 74 78 86 92 96 
 Total col=28, Total row=17
 bc#: 2907
 c: 3 12 29 31 35 37 40 43 46 49 60 73 75 79 81 84 87 90 92 93 95 98 
 r: 42 69 6 9 11 15 24 27 29 33 45 47 51 60 63 65 78 81 83 87 96 99 
 Total col=22, Total row=22
 bc#: 2908
 c: 1 4 7 9 10 15 16 18 19 21 24 26 27 32 38 42 48 51 53 54 57 59 62 64 65 68 70 71 76 82 86 97 
 r: 42 70 6 10 12 16 24 28 30 34 46 48 52 60 64 66 78 82 84 88 96 100 
 Total col=32, Total row=22
 bc#: 2909
 c: 4 12 21 24 27 40 42 46 48 51 54 57 60 64 70 75 76 81 82 84 87 90 93 
 r: 42 71 6 7 17 24 25 35 43 53 60 61 78 79 89 96 97 
 Total col=23, Total row=17
 bc#: 2910
 c: 1 4 7 9 10 15 16 18 19 27 31 32 35 37 38 42 48 51 53 54 57 60 65 70 73 75 76 79 81 82 84 93 97 98 
 r: 42 72 6 8 18 24 26 36 44 54 60 62 78 80 90 96 98 
 Total col=34, Total row=17
 bc#: 2911
 c: 4 7 10 16 19 26 31 32 35 38 43 46 49 53 59 60 62 65 68 71 73 76 79 81 84 86 87 92 95 97 
 r: 42 73 6 19 24 37 55 60 78 91 96 
 Total col=30, Total row=11
 bc#: 2912
 c: 1 3 4 9 15 16 18 21 24 26 27 29 32 35 37 40 46 49 51 57 60 65 68 71 75 82 86 97 
 r: 42 74 2 6 14 20 24 32 38 50 56 60 68 78 86 92 96 
 Total col=28, Total row=17
 bc#: 2913
 c: 10 19 29 31 40 42 46 48 51 53 54 59 60 62 65 68 71 73 76 79 82 86 93 
 r: 42 75 3 6 13 21 24 31 39 49 57 60 67 78 85 93 96 
 Total col=23, Total row=17
 bc#: 2914
 c: 3 15 54 59 62 64 73 75 82 84 87 90 92 95 97 
 r: 42 77 5 6 23 24 41 59 60 78 95 96 
 Total col=15, Total row=12
 bc#: 2915
 c: 1 3 4 7 9 10 12 15 16 18 19 21 24 26 27 29 31 32 35 37 38 40 42 43 46 48 49 51 53 54 57 59 60 62 64 65 68 70 71 73 75 76 79 81 82 84 86 87 90 92 93 95 97 98 
 r: 42 78 6 24 60 96 
 Total col=54, Total row=6
 bc#: 2916
 c: 4 12 21 24 27 40 42 46 48 51 54 57 60 64 70 75 76 81 82 84 87 90 93 
 r: 42 79 6 7 17 24 25 35 43 53 60 61 71 78 89 96 97 
 Total col=23, Total row=17
 bc#: 2917
 c: 1 4 7 9 10 15 16 18 19 27 31 32 35 37 38 42 48 51 53 54 57 60 65 70 73 75 76 79 81 82 84 93 97 98 
 r: 42 80 6 8 18 24 26 36 44 54 60 62 72 78 90 96 98 
 Total col=34, Total row=17
 bc#: 2918
 c: 3 12 29 31 35 37 40 43 46 49 60 73 75 79 81 84 87 90 92 93 95 98 
 r: 42 81 6 9 11 15 24 27 29 33 45 47 51 60 63 65 69 78 83 87 96 99 
 Total col=22, Total row=22
 bc#: 2919
 c: 1 4 7 9 10 15 16 18 19 21 24 26 27 32 38 42 48 51 53 54 57 59 62 64 65 68 70 71 76 82 86 97 
 r: 42 82 6 10 12 16 24 28 30 34 46 48 52 60 64 66 70 78 84 88 96 100 
 Total col=32, Total row=22
 bc#: 2920
 c: 3 12 29 31 35 37 40 43 46 49 60 73 75 79 81 84 87 90 92 93 95 98 
 r: 42 83 6 9 11 15 24 27 29 33 45 47 51 60 63 65 69 78 81 87 96 99 
 Total col=22, Total row=22
 bc#: 2921
 c: 1 4 7 9 10 15 16 18 19 21 24 26 27 32 38 42 48 51 53 54 57 59 62 64 65 68 70 71 76 82 86 97 
 r: 42 84 6 10 12 16 24 28 30 34 46 48 52 60 64 66 70 78 82 88 96 100 
 Total col=32, Total row=22
 bc#: 2922
 c: 10 19 29 31 40 42 46 48 51 53 54 59 60 62 65 68 71 73 76 79 82 86 93 
 r: 42 85 3 6 13 21 24 31 39 49 57 60 67 75 78 93 96 
 Total col=23, Total row=17
 bc#: 2923
 c: 1 3 4 9 15 16 18 21 24 26 27 29 32 35 37 40 46 49 51 57 60 65 68 71 75 82 86 97 
 r: 42 86 2 6 14 20 24 32 38 50 56 60 68 74 78 92 96 
 Total col=28, Total row=17
 bc#: 2924
 c: 3 12 29 31 35 37 40 43 46 49 60 73 75 79 81 84 87 90 92 93 95 98 
 r: 42 87 6 9 11 15 24 27 29 33 45 47 51 60 63 65 69 78 81 83 96 99 
 Total col=22, Total row=22
 bc#: 2925
 c: 1 4 7 9 10 15 16 18 19 21 24 26 27 32 38 42 48 51 53 54 57 59 62 64 65 68 70 71 76 82 86 97 
 r: 42 88 6 10 12 16 24 28 30 34 46 48 52 60 64 66 70 78 82 84 96 100 
 Total col=32, Total row=22
 bc#: 2926
 c: 4 12 21 24 27 40 42 46 48 51 54 57 60 64 70 75 76 81 82 84 87 90 93 
 r: 42 89 6 7 17 24 25 35 43 53 60 61 71 78 79 96 97 
 Total col=23, Total row=17
 bc#: 2927
 c: 1 4 7 9 10 15 16 18 19 27 31 32 35 37 38 42 48 51 53 54 57 60 65 70 73 75 76 79 81 82 84 93 97 98 
 r: 42 90 6 8 18 24 26 36 44 54 60 62 72 78 80 96 98 
 Total col=34, Total row=17
 bc#: 2928
 c: 4 7 10 16 19 26 31 32 35 38 43 46 49 53 59 60 62 65 68 71 73 76 79 81 84 86 87 92 95 97 
 r: 42 91 6 19 24 37 55 60 73 78 96 
 Total col=30, Total row=11
 bc#: 2929
 c: 1 3 4 9 15 16 18 21 24 26 27 29 32 35 37 40 46 49 51 57 60 65 68 71 75 82 86 97 
 r: 42 92 2 6 14 20 24 32 38 50 56 60 68 74 78 86 96 
 Total col=28, Total row=17
 bc#: 2930
 c: 10 19 29 31 40 42 46 48 51 53 54 59 60 62 65 68 71 73 76 79 82 86 93 
 r: 42 93 3 6 13 21 24 31 39 49 57 60 67 75 78 85 96 
 Total col=23, Total row=17
 bc#: 2931
 c: 3 15 54 59 62 64 73 75 82 84 87 90 92 95 97 
 r: 42 95 5 6 23 24 41 59 60 77 78 96 
 Total col=15, Total row=12
 bc#: 2932
 c: 1 3 4 7 9 10 12 15 16 18 19 21 24 26 27 29 31 32 35 37 38 40 42 43 46 48 49 51 53 54 57 59 60 62 64 65 68 70 71 73 75 76 79 81 82 84 86 87 90 92 93 95 97 98 
 r: 42 96 6 24 60 78 
 Total col=54, Total row=6
 bc#: 2933
 c: 4 12 21 24 27 40 42 46 48 51 54 57 60 64 70 75 76 81 82 84 87 90 93 
 r: 42 97 6 7 17 24 25 35 43 53 60 61 71 78 79 89 96 
 Total col=23, Total row=17
 bc#: 2934
 c: 1 4 7 9 10 15 16 18 19 27 31 32 35 37 38 42 48 51 53 54 57 60 65 70 73 75 76 79 81 82 84 93 97 98 
 r: 42 98 6 8 18 24 26 36 44 54 60 62 72 78 80 90 96 
 Total col=34, Total row=17
 bc#: 2935
 c: 3 12 29 31 35 37 40 43 46 49 60 73 75 79 81 84 87 90 92 93 95 98 
 r: 42 99 6 9 11 15 24 27 29 33 45 47 51 60 63 65 69 78 81 83 87 96 
 Total col=22, Total row=22
 bc#: 2936
 c: 1 4 7 9 10 15 16 18 19 21 24 26 27 32 38 42 48 51 53 54 57 59 62 64 65 68 70 71 76 82 86 97 
 r: 42 100 6 10 12 16 24 28 30 34 46 48 52 60 64 66 70 78 82 84 88 96 
 Total col=32, Total row=22
 bc#: 2937
 c: 5 6 8 11 12 14 17 20 22 28 34 40 46 52 58 60 63 66 69 72 75 78 81 84 87 90 93 99 
 r: 43 45 7 9 11 15 17 25 27 29 33 35 47 51 53 61 63 65 69 71 79 81 83 87 89 97 99 
 Total col=28, Total row=27
 bc#: 2938
 c: 2 4 21 24 27 30 33 36 39 42 45 48 51 54 57 64 70 76 82 88 94 96 100 
 r: 43 46 7 10 12 16 17 25 28 30 34 35 48 52 53 61 64 66 70 71 79 82 84 88 89 97 100 
 Total col=23, Total row=27
 bc#: 2939
 c: 5 6 8 11 12 14 17 20 22 28 34 40 46 52 58 60 63 66 69 72 75 78 81 84 87 90 93 99 
 r: 43 47 7 9 11 15 17 25 27 29 33 35 45 51 53 61 63 65 69 71 79 81 83 87 89 97 99 
 Total col=28, Total row=27
 bc#: 2940
 c: 2 4 21 24 27 30 33 36 39 42 45 48 51 54 57 64 70 76 82 88 94 96 100 
 r: 43 48 7 10 12 16 17 25 28 30 34 35 46 52 53 61 64 66 70 71 79 82 84 88 89 97 100 
 Total col=23, Total row=27
 bc#: 2941
 c: 2 5 6 8 14 17 22 28 34 36 39 40 42 45 46 48 51 54 60 66 76 82 88 93 94 96 99 100 
 r: 43 49 3 7 13 17 21 25 31 35 39 53 57 61 67 71 75 79 85 89 93 97 
 Total col=28, Total row=22
 bc#: 2942
 c: 4 6 11 20 21 24 27 34 40 46 51 52 57 58 60 63 66 72 75 78 82 88 94 96 99 
 r: 43 50 2 7 14 17 20 25 32 35 38 53 56 61 68 71 74 79 86 89 92 97 
 Total col=25, Total row=22
 bc#: 2943
 c: 5 6 8 11 12 14 17 20 22 28 34 40 46 52 58 60 63 66 69 72 75 78 81 84 87 90 93 99 
 r: 43 51 7 9 11 15 17 25 27 29 33 35 45 47 53 61 63 65 69 71 79 81 83 87 89 97 99 
 Total col=28, Total row=27
 bc#: 2944
 c: 2 4 21 24 27 30 33 36 39 42 45 48 51 54 57 64 70 76 82 88 94 96 100 
 r: 43 52 7 10 12 16 17 25 28 30 34 35 46 48 53 61 64 66 70 71 79 82 84 88 89 97 100 
 Total col=23, Total row=27
 bc#: 2945
 c: 2 4 8 11 14 17 22 28 30 39 45 46 52 58 60 66 76 81 84 87 94 100 
 r: 43 55 7 17 19 25 35 37 53 61 71 73 79 89 91 97 
 Total col=22, Total row=16
 bc#: 2946
 c: 4 6 11 20 21 24 27 34 40 46 51 52 57 58 60 63 66 72 75 78 82 88 94 96 99 
 r: 43 56 2 7 14 17 20 25 32 35 38 50 53 61 68 71 74 79 86 89 92 97 
 Total col=25, Total row=22
 bc#: 2947
 c: 2 5 6 8 14 17 22 28 34 36 39 40 42 45 46 48 51 54 60 66 76 82 88 93 94 96 99 100 
 r: 43 57 3 7 13 17 21 25 31 35 39 49 53 61 67 71 75 79 85 89 93 97 
 Total col=28, Total row=22
 bc#: 2948
 c: 2 4 12 14 21 24 27 40 42 46 48 51 57 58 60 63 66 70 76 81 88 93 94 96 99 
 r: 43 58 4 7 17 22 25 35 40 53 61 71 76 79 89 94 97 
 Total col=25, Total row=17
 bc#: 2949
 c: 5 6 8 11 17 20 22 28 30 33 34 36 39 45 52 54 64 69 72 75 78 82 84 87 90 100 
 r: 43 59 5 7 17 23 25 35 41 53 61 71 77 79 89 95 97 
 Total col=26, Total row=17
 bc#: 2950
 c: 4 12 21 24 27 40 42 46 48 51 54 57 60 64 70 75 76 81 82 84 87 90 93 
 r: 43 60 6 7 17 24 25 35 42 53 61 71 78 79 89 96 97 
 Total col=23, Total row=17
 bc#: 2951
 c: 5 6 8 11 12 14 17 20 22 28 34 40 46 52 58 60 63 66 69 72 75 78 81 84 87 90 93 99 
 r: 43 63 7 9 11 15 17 25 27 29 33 35 45 47 51 53 61 65 69 71 79 81 83 87 89 97 99 
 Total col=28, Total row=27
 bc#: 2952
 c: 2 4 21 24 27 30 33 36 39 42 45 48 51 54 57 64 70 76 82 88 94 96 100 
 r: 43 64 7 10 12 16 17 25 28 30 34 35 46 48 52 53 61 66 70 71 79 82 84 88 89 97 100 
 Total col=23, Total row=27
 bc#: 2953
 c: 5 6 8 11 12 14 17 20 22 28 34 40 46 52 58 60 63 66 69 72 75 78 81 84 87 90 93 99 
 r: 43 65 7 9 11 15 17 25 27 29 33 35 45 47 51 53 61 63 69 71 79 81 83 87 89 97 99 
 Total col=28, Total row=27
 bc#: 2954
 c: 2 4 21 24 27 30 33 36 39 42 45 48 51 54 57 64 70 76 82 88 94 96 100 
 r: 43 66 7 10 12 16 17 25 28 30 34 35 46 48 52 53 61 64 70 71 79 82 84 88 89 97 100 
 Total col=23, Total row=27
 bc#: 2955
 c: 2 5 6 8 14 17 22 28 34 36 39 40 42 45 46 48 51 54 60 66 76 82 88 93 94 96 99 100 
 r: 43 67 3 7 13 17 21 25 31 35 39 49 53 57 61 71 75 79 85 89 93 97 
 Total col=28, Total row=22
 bc#: 2956
 c: 4 6 11 20 21 24 27 34 40 46 51 52 57 58 60 63 66 72 75 78 82 88 94 96 99 
 r: 43 68 2 7 14 17 20 25 32 35 38 50 53 56 61 71 74 79 86 89 92 97 
 Total col=25, Total row=22
 bc#: 2957
 c: 5 6 8 11 12 14 17 20 22 28 34 40 46 52 58 60 63 66 69 72 75 78 81 84 87 90 93 99 
 r: 43 69 7 9 11 15 17 25 27 29 33 35 45 47 51 53 61 63 65 71 79 81 83 87 89 97 99 
 Total col=28, Total row=27
 bc#: 2958
 c: 2 4 21 24 27 30 33 36 39 42 45 48 51 54 57 64 70 76 82 88 94 96 100 
 r: 43 70 7 10 12 16 17 25 28 30 34 35 46 48 52 53 61 64 66 71 79 82 84 88 89 97 100 
 Total col=23, Total row=27
 bc#: 2959
 c: 2 4 8 11 14 17 22 28 30 39 45 46 52 58 60 66 76 81 84 87 94 100 
 r: 43 73 7 17 19 25 35 37 53 55 61 71 79 89 91 97 
 Total col=22, Total row=16
 bc#: 2960
 c: 4 6 11 20 21 24 27 34 40 46 51 52 57 58 60 63 66 72 75 78 82 88 94 96 99 
 r: 43 74 2 7 14 17 20 25 32 35 38 50 53 56 61 68 71 79 86 89 92 97 
 Total col=25, Total row=22
 bc#: 2961
 c: 2 5 6 8 14 17 22 28 34 36 39 40 42 45 46 48 51 54 60 66 76 82 88 93 94 96 99 100 
 r: 43 75 3 7 13 17 21 25 31 35 39 49 53 57 61 67 71 79 85 89 93 97 
 Total col=28, Total row=22
 bc#: 2962
 c: 2 4 12 14 21 24 27 40 42 46 48 51 57 58 60 63 66 70 76 81 88 93 94 96 99 
 r: 43 76 4 7 17 22 25 35 40 53 58 61 71 79 89 94 97 
 Total col=25, Total row=17
 bc#: 2963
 c: 5 6 8 11 17 20 22 28 30 33 34 36 39 45 52 54 64 69 72 75 78 82 84 87 90 100 
 r: 43 77 5 7 17 23 25 35 41 53 59 61 71 79 89 95 97 
 Total col=26, Total row=17
 bc#: 2964
 c: 4 12 21 24 27 40 42 46 48 51 54 57 60 64 70 75 76 81 82 84 87 90 93 
 r: 43 78 6 7 17 24 25 35 42 53 60 61 71 79 89 96 97 
 Total col=23, Total row=17
 bc#: 2965
 c: 5 6 8 11 12 14 17 20 22 28 34 40 46 52 58 60 63 66 69 72 75 78 81 84 87 90 93 99 
 r: 43 81 7 9 11 15 17 25 27 29 33 35 45 47 51 53 61 63 65 69 71 79 83 87 89 97 99 
 Total col=28, Total row=27
 bc#: 2966
 c: 2 4 21 24 27 30 33 36 39 42 45 48 51 54 57 64 70 76 82 88 94 96 100 
 r: 43 82 7 10 12 16 17 25 28 30 34 35 46 48 52 53 61 64 66 70 71 79 84 88 89 97 100 
 Total col=23, Total row=27
 bc#: 2967
 c: 5 6 8 11 12 14 17 20 22 28 34 40 46 52 58 60 63 66 69 72 75 78 81 84 87 90 93 99 
 r: 43 83 7 9 11 15 17 25 27 29 33 35 45 47 51 53 61 63 65 69 71 79 81 87 89 97 99 
 Total col=28, Total row=27
 bc#: 2968
 c: 2 4 21 24 27 30 33 36 39 42 45 48 51 54 57 64 70 76 82 88 94 96 100 
 r: 43 84 7 10 12 16 17 25 28 30 34 35 46 48 52 53 61 64 66 70 71 79 82 88 89 97 100 
 Total col=23, Total row=27
 bc#: 2969
 c: 2 5 6 8 14 17 22 28 34 36 39 40 42 45 46 48 51 54 60 66 76 82 88 93 94 96 99 100 
 r: 43 85 3 7 13 17 21 25 31 35 39 49 53 57 61 67 71 75 79 89 93 97 
 Total col=28, Total row=22
 bc#: 2970
 c: 4 6 11 20 21 24 27 34 40 46 51 52 57 58 60 63 66 72 75 78 82 88 94 96 99 
 r: 43 86 2 7 14 17 20 25 32 35 38 50 53 56 61 68 71 74 79 89 92 97 
 Total col=25, Total row=22
 bc#: 2971
 c: 5 6 8 11 12 14 17 20 22 28 34 40 46 52 58 60 63 66 69 72 75 78 81 84 87 90 93 99 
 r: 43 87 7 9 11 15 17 25 27 29 33 35 45 47 51 53 61 63 65 69 71 79 81 83 89 97 99 
 Total col=28, Total row=27
 bc#: 2972
 c: 2 4 21 24 27 30 33 36 39 42 45 48 51 54 57 64 70 76 82 88 94 96 100 
 r: 43 88 7 10 12 16 17 25 28 30 34 35 46 48 52 53 61 64 66 70 71 79 82 84 89 97 100 
 Total col=23, Total row=27
 bc#: 2973
 c: 2 4 8 11 14 17 22 28 30 39 45 46 52 58 60 66 76 81 84 87 94 100 
 r: 43 91 7 17 19 25 35 37 53 55 61 71 73 79 89 97 
 Total col=22, Total row=16
 bc#: 2974
 c: 4 6 11 20 21 24 27 34 40 46 51 52 57 58 60 63 66 72 75 78 82 88 94 96 99 
 r: 43 92 2 7 14 17 20 25 32 35 38 50 53 56 61 68 71 74 79 86 89 97 
 Total col=25, Total row=22
 bc#: 2975
 c: 2 5 6 8 14 17 22 28 34 36 39 40 42 45 46 48 51 54 60 66 76 82 88 93 94 96 99 100 
 r: 43 93 3 7 13 17 21 25 31 35 39 49 53 57 61 67 71 75 79 85 89 97 
 Total col=28, Total row=22
 bc#: 2976
 c: 2 4 12 14 21 24 27 40 42 46 48 51 57 58 60 63 66 70 76 81 88 93 94 96 99 
 r: 43 94 4 7 17 22 25 35 40 53 58 61 71 76 79 89 97 
 Total col=25, Total row=17
 bc#: 2977
 c: 5 6 8 11 17 20 22 28 30 33 34 36 39 45 52 54 64 69 72 75 78 82 84 87 90 100 
 r: 43 95 5 7 17 23 25 35 41 53 59 61 71 77 79 89 97 
 Total col=26, Total row=17
 bc#: 2978
 c: 4 12 21 24 27 40 42 46 48 51 54 57 60 64 70 75 76 81 82 84 87 90 93 
 r: 43 96 6 7 17 24 25 35 42 53 60 61 71 78 79 89 97 
 Total col=23, Total row=17
 bc#: 2979
 c: 5 6 8 11 12 14 17 20 22 28 34 40 46 52 58 60 63 66 69 72 75 78 81 84 87 90 93 99 
 r: 43 99 7 9 11 15 17 25 27 29 33 35 45 47 51 53 61 63 65 69 71 79 81 83 87 89 97 
 Total col=28, Total row=27
 bc#: 2980
 c: 2 4 21 24 27 30 33 36 39 42 45 48 51 54 57 64 70 76 82 88 94 96 100 
 r: 43 100 7 10 12 16 17 25 28 30 34 35 46 48 52 53 61 64 66 70 71 79 82 84 88 89 97 
 Total col=23, Total row=27
 bc#: 2981
 c: 22 25 28 31 35 37 41 47 60 63 66 69 73 75 79 81 84 93 98 
 r: 44 45 8 9 11 15 18 26 27 29 33 36 47 51 54 62 63 65 69 72 80 81 83 87 90 98 99 
 Total col=19, Total row=27
 bc#: 2982
 c: 1 4 7 9 10 13 15 16 18 19 27 32 38 42 45 48 51 53 54 56 57 65 70 76 82 85 88 91 94 97 
 r: 44 46 8 10 12 16 18 26 28 30 34 36 48 52 54 62 64 66 70 72 80 82 84 88 90 98 100 
 Total col=30, Total row=27
 bc#: 2983
 c: 22 25 28 31 35 37 41 47 60 63 66 69 73 75 79 81 84 93 98 
 r: 44 47 8 9 11 15 18 26 27 29 33 36 45 51 54 62 63 65 69 72 80 81 83 87 90 98 99 
 Total col=19, Total row=27
 bc#: 2984
 c: 1 4 7 9 10 13 15 16 18 19 27 32 38 42 45 48 51 53 54 56 57 65 70 76 82 85 88 91 94 97 
 r: 44 48 8 10 12 16 18 26 28 30 34 36 46 52 54 62 64 66 70 72 80 82 84 88 90 98 100 
 Total col=30, Total row=27
 bc#: 2985
 c: 10 13 19 22 25 28 31 42 45 48 51 53 54 56 60 65 66 73 76 79 82 85 88 91 93 94 
 r: 44 49 3 8 13 18 21 26 31 36 39 54 57 62 67 72 75 80 85 90 93 98 
 Total col=26, Total row=22
 bc#: 2986
 c: 1 4 9 13 15 16 18 27 32 35 37 41 47 51 57 60 63 65 66 75 82 88 91 94 97 
 r: 44 50 2 8 14 18 20 26 32 36 38 54 56 62 68 72 74 80 86 90 92 98 
 Total col=25, Total row=22
 bc#: 2987
 c: 22 25 28 31 35 37 41 47 60 63 66 69 73 75 79 81 84 93 98 
 r: 44 51 8 9 11 15 18 26 27 29 33 36 45 47 54 62 63 65 69 72 80 81 83 87 90 98 99 
 Total col=19, Total row=27
 bc#: 2988
 c: 1 4 7 9 10 13 15 16 18 19 27 32 38 42 45 48 51 53 54 56 57 65 70 76 82 85 88 91 94 97 
 r: 44 52 8 10 12 16 18 26 28 30 34 36 46 48 54 62 64 66 70 72 80 82 84 88 90 98 100 
 Total col=30, Total row=27
 bc#: 2989
 c: 4 7 10 16 19 22 25 28 31 32 35 38 41 45 53 60 65 66 73 76 79 81 84 94 97 
 r: 44 55 8 18 19 26 36 37 54 62 72 73 80 90 91 98 
 Total col=25, Total row=16
 bc#: 2990
 c: 1 4 9 13 15 16 18 27 32 35 37 41 47 51 57 60 63 65 66 75 82 88 91 94 97 
 r: 44 56 2 8 14 18 20 26 32 36 38 50 54 62 68 72 74 80 86 90 92 98 
 Total col=25, Total row=22
 bc#: 2991
 c: 10 13 19 22 25 28 31 42 45 48 51 53 54 56 60 65 66 73 76 79 82 85 88 91 93 94 
 r: 44 57 3 8 13 18 21 26 31 36 39 49 54 62 67 72 75 80 85 90 93 98 
 Total col=26, Total row=22
 bc#: 2992
 c: 1 4 7 9 10 16 18 19 27 31 32 35 37 38 42 48 51 53 57 60 63 65 66 70 76 79 81 85 88 91 93 94 98 
 r: 44 58 4 8 18 22 26 36 40 54 62 72 76 80 90 94 98 
 Total col=33, Total row=17
 bc#: 2993
 c: 13 15 22 25 28 41 45 47 54 56 69 73 75 82 84 97 
 r: 44 59 5 8 18 23 26 36 41 54 62 72 77 80 90 95 98 
 Total col=16, Total row=17
 bc#: 2994
 c: 1 4 7 9 10 15 16 18 19 27 31 32 35 37 38 42 48 51 53 54 57 60 65 70 73 75 76 79 81 82 84 93 97 98 
 r: 44 60 6 8 18 24 26 36 42 54 62 72 78 80 90 96 98 
 Total col=34, Total row=17
 bc#: 2995
 c: 22 25 28 31 35 37 41 47 60 63 66 69 73 75 79 81 84 93 98 
 r: 44 63 8 9 11 15 18 26 27 29 33 36 45 47 51 54 62 65 69 72 80 81 83 87 90 98 99 
 Total col=19, Total row=27
 bc#: 2996
 c: 1 4 7 9 10 13 15 16 18 19 27 32 38 42 45 48 51 53 54 56 57 65 70 76 82 85 88 91 94 97 
 r: 44 64 8 10 12 16 18 26 28 30 34 36 46 48 52 54 62 66 70 72 80 82 84 88 90 98 100 
 Total col=30, Total row=27
 bc#: 2997
 c: 22 25 28 31 35 37 41 47 60 63 66 69 73 75 79 81 84 93 98 
 r: 44 65 8 9 11 15 18 26 27 29 33 36 45 47 51 54 62 63 69 72 80 81 83 87 90 98 99 
 Total col=19, Total row=27
 bc#: 2998
 c: 1 4 7 9 10 13 15 16 18 19 27 32 38 42 45 48 51 53 54 56 57 65 70 76 82 85 88 91 94 97 
 r: 44 66 8 10 12 16 18 26 28 30 34 36 46 48 52 54 62 64 70 72 80 82 84 88 90 98 100 
 Total col=30, Total row=27
 bc#: 2999
 c: 10 13 19 22 25 28 31 42 45 48 51 53 54 56 60 65 66 73 76 79 82 85 88 91 93 94 
 r: 44 67 3 8 13 18 21 26 31 36 39 49 54 57 62 72 75 80 85 90 93 98 
 Total col=26, Total row=22
 bc#: 3000
 c: 1 4 9 13 15 16 18 27 32 35 37 41 47 51 57 60 63 65 66 75 82 88 91 94 97 
 r: 44 68 2 8 14 18 20 26 32 36 38 50 54 56 62 72 74 80 86 90 92 98 
 Total col=25, Total row=22
 bc#: 3001
 c: 22 25 28 31 35 37 41 47 60 63 66 69 73 75 79 81 84 93 98 
 r: 44 69 8 9 11 15 18 26 27 29 33 36 45 47 51 54 62 63 65 72 80 81 83 87 90 98 99 
 Total col=19, Total row=27
 bc#: 3002
 c: 1 4 7 9 10 13 15 16 18 19 27 32 38 42 45 48 51 53 54 56 57 65 70 76 82 85 88 91 94 97 
 r: 44 70 8 10 12 16 18 26 28 30 34 36 46 48 52 54 62 64 66 72 80 82 84 88 90 98 100 
 Total col=30, Total row=27
 bc#: 3003
 c: 4 7 10 16 19 22 25 28 31 32 35 38 41 45 53 60 65 66 73 76 79 81 84 94 97 
 r: 44 73 8 18 19 26 36 37 54 55 62 72 80 90 91 98 
 Total col=25, Total row=16
 bc#: 3004
 c: 1 4 9 13 15 16 18 27 32 35 37 41 47 51 57 60 63 65 66 75 82 88 91 94 97 
 r: 44 74 2 8 14 18 20 26 32 36 38 50 54 56 62 68 72 80 86 90 92 98 
 Total col=25, Total row=22
 bc#: 3005
 c: 10 13 19 22 25 28 31 42 45 48 51 53 54 56 60 65 66 73 76 79 82 85 88 91 93 94 
 r: 44 75 3 8 13 18 21 26 31 36 39 49 54 57 62 67 72 80 85 90 93 98 
 Total col=26, Total row=22
 bc#: 3006
 c: 1 4 7 9 10 16 18 19 27 31 32 35 37 38 42 48 51 53 57 60 63 65 66 70 76 79 81 85 88 91 93 94 98 
 r: 44 76 4 8 18 22 26 36 40 54 58 62 72 80 90 94 98 
 Total col=33, Total row=17
 bc#: 3007
 c: 13 15 22 25 28 41 45 47 54 56 69 73 75 82 84 97 
 r: 44 77 5 8 18 23 26 36 41 54 59 62 72 80 90 95 98 
 Total col=16, Total row=17
 bc#: 3008
 c: 1 4 7 9 10 15 16 18 19 27 31 32 35 37 38 42 48 51 53 54 57 60 65 70 73 75 76 79 81 82 84 93 97 98 
 r: 44 78 6 8 18 24 26 36 42 54 60 62 72 80 90 96 98 
 Total col=34, Total row=17
 bc#: 3009
 c: 22 25 28 31 35 37 41 47 60 63 66 69 73 75 79 81 84 93 98 
 r: 44 81 8 9 11 15 18 26 27 29 33 36 45 47 51 54 62 63 65 69 72 80 83 87 90 98 99 
 Total col=19, Total row=27
 bc#: 3010
 c: 1 4 7 9 10 13 15 16 18 19 27 32 38 42 45 48 51 53 54 56 57 65 70 76 82 85 88 91 94 97 
 r: 44 82 8 10 12 16 18 26 28 30 34 36 46 48 52 54 62 64 66 70 72 80 84 88 90 98 100 
 Total col=30, Total row=27
 bc#: 3011
 c: 22 25 28 31 35 37 41 47 60 63 66 69 73 75 79 81 84 93 98 
 r: 44 83 8 9 11 15 18 26 27 29 33 36 45 47 51 54 62 63 65 69 72 80 81 87 90 98 99 
 Total col=19, Total row=27
 bc#: 3012
 c: 1 4 7 9 10 13 15 16 18 19 27 32 38 42 45 48 51 53 54 56 57 65 70 76 82 85 88 91 94 97 
 r: 44 84 8 10 12 16 18 26 28 30 34 36 46 48 52 54 62 64 66 70 72 80 82 88 90 98 100 
 Total col=30, Total row=27
 bc#: 3013
 c: 10 13 19 22 25 28 31 42 45 48 51 53 54 56 60 65 66 73 76 79 82 85 88 91 93 94 
 r: 44 85 3 8 13 18 21 26 31 36 39 49 54 57 62 67 72 75 80 90 93 98 
 Total col=26, Total row=22
 bc#: 3014
 c: 1 4 9 13 15 16 18 27 32 35 37 41 47 51 57 60 63 65 66 75 82 88 91 94 97 
 r: 44 86 2 8 14 18 20 26 32 36 38 50 54 56 62 68 72 74 80 90 92 98 
 Total col=25, Total row=22
 bc#: 3015
 c: 22 25 28 31 35 37 41 47 60 63 66 69 73 75 79 81 84 93 98 
 r: 44 87 8 9 11 15 18 26 27 29 33 36 45 47 51 54 62 63 65 69 72 80 81 83 90 98 99 
 Total col=19, Total row=27
 bc#: 3016
 c: 1 4 7 9 10 13 15 16 18 19 27 32 38 42 45 48 51 53 54 56 57 65 70 76 82 85 88 91 94 97 
 r: 44 88 8 10 12 16 18 26 28 30 34 36 46 48 52 54 62 64 66 70 72 80 82 84 90 98 100 
 Total col=30, Total row=27
 bc#: 3017
 c: 4 7 10 16 19 22 25 28 31 32 35 38 41 45 53 60 65 66 73 76 79 81 84 94 97 
 r: 44 91 8 18 19 26 36 37 54 55 62 72 73 80 90 98 
 Total col=25, Total row=16
 bc#: 3018
 c: 1 4 9 13 15 16 18 27 32 35 37 41 47 51 57 60 63 65 66 75 82 88 91 94 97 
 r: 44 92 2 8 14 18 20 26 32 36 38 50 54 56 62 68 72 74 80 86 90 98 
 Total col=25, Total row=22
 bc#: 3019
 c: 10 13 19 22 25 28 31 42 45 48 51 53 54 56 60 65 66 73 76 79 82 85 88 91 93 94 
 r: 44 93 3 8 13 18 21 26 31 36 39 49 54 57 62 67 72 75 80 85 90 98 
 Total col=26, Total row=22
 bc#: 3020
 c: 1 4 7 9 10 16 18 19 27 31 32 35 37 38 42 48 51 53 57 60 63 65 66 70 76 79 81 85 88 91 93 94 98 
 r: 44 94 4 8 18 22 26 36 40 54 58 62 72 76 80 90 98 
 Total col=33, Total row=17
 bc#: 3021
 c: 13 15 22 25 28 41 45 47 54 56 69 73 75 82 84 97 
 r: 44 95 5 8 18 23 26 36 41 54 59 62 72 77 80 90 98 
 Total col=16, Total row=17
 bc#: 3022
 c: 1 4 7 9 10 15 16 18 19 27 31 32 35 37 38 42 48 51 53 54 57 60 65 70 73 75 76 79 81 82 84 93 97 98 
 r: 44 96 6 8 18 24 26 36 42 54 60 62 72 78 80 90 98 
 Total col=34, Total row=17
 bc#: 3023
 c: 22 25 28 31 35 37 41 47 60 63 66 69 73 75 79 81 84 93 98 
 r: 44 99 8 9 11 15 18 26 27 29 33 36 45 47 51 54 62 63 65 69 72 80 81 83 87 90 98 
 Total col=19, Total row=27
 bc#: 3024
 c: 1 4 7 9 10 13 15 16 18 19 27 32 38 42 45 48 51 53 54 56 57 65 70 76 82 85 88 91 94 97 
 r: 44 100 8 10 12 16 18 26 28 30 34 36 46 48 52 54 62 64 66 70 72 80 82 84 88 90 98 
 Total col=30, Total row=27
 bc#: 3025
 c: 5 6 8 14 17 22 23 25 28 29 31 34 40 46 60 66 73 79 93 99 
 r: 45 49 3 9 11 13 15 21 27 29 31 33 39 47 51 57 63 65 67 69 75 81 83 85 87 93 99 
 Total col=20, Total row=27
 bc#: 3026
 c: 3 6 11 20 29 34 35 37 40 41 46 47 49 52 55 58 60 63 66 72 75 78 99 
 r: 45 50 2 9 11 14 15 20 27 29 32 33 38 47 51 56 63 65 68 69 74 81 83 86 87 92 99 
 Total col=23, Total row=27
 bc#: 3027
 c: 5 6 8 11 12 14 17 20 22 28 34 40 46 52 58 60 63 66 69 72 75 78 81 84 87 90 93 99 
 r: 45 53 7 9 11 15 17 25 27 29 33 35 43 47 51 61 63 65 69 71 79 81 83 87 89 97 99 
 Total col=28, Total row=27
 bc#: 3028
 c: 22 25 28 31 35 37 41 47 60 63 66 69 73 75 79 81 84 93 98 
 r: 45 54 8 9 11 15 18 26 27 29 33 36 44 47 51 62 63 65 69 72 80 81 83 87 90 98 99 
 Total col=19, Total row=27
 bc#: 3029
 c: 8 11 14 17 22 25 28 31 35 41 43 46 49 52 55 58 60 66 73 79 81 84 87 92 95 
 r: 45 55 9 11 15 19 27 29 33 37 47 51 63 65 69 73 81 83 87 91 99 
 Total col=25, Total row=21
 bc#: 3030
 c: 3 6 11 20 29 34 35 37 40 41 46 47 49 52 55 58 60 63 66 72 75 78 99 
 r: 45 56 2 9 11 14 15 20 27 29 32 33 38 47 50 51 63 65 68 69 74 81 83 86 87 92 99 
 Total col=23, Total row=27
 bc#: 3031
 c: 5 6 8 14 17 22 23 25 28 29 31 34 40 46 60 66 73 79 93 99 
 r: 45 57 3 9 11 13 15 21 27 29 31 33 39 47 49 51 63 65 67 69 75 81 83 85 87 93 99 
 Total col=20, Total row=27
 bc#: 3032
 c: 12 14 29 31 35 37 40 43 46 49 55 58 60 63 66 79 81 93 98 99 
 r: 45 58 4 9 11 15 22 27 29 33 40 47 51 63 65 69 76 81 83 87 94 99 
 Total col=20, Total row=22
 bc#: 3033
 c: 3 5 6 8 11 17 20 22 23 25 28 34 41 47 52 61 67 69 72 73 75 78 84 87 90 92 95 
 r: 45 59 5 9 11 15 23 27 29 33 41 47 51 63 65 69 77 81 83 87 95 99 
 Total col=27, Total row=22
 bc#: 3034
 c: 3 12 29 31 35 37 40 43 46 49 60 73 75 79 81 84 87 90 92 93 95 98 
 r: 45 60 6 9 11 15 24 27 29 33 42 47 51 63 65 69 78 81 83 87 96 99 
 Total col=22, Total row=22
 bc#: 3035
 c: 5 6 8 11 12 14 17 20 22 28 34 40 46 52 58 60 63 66 69 72 75 78 81 84 87 90 93 99 
 r: 45 61 7 9 11 15 17 25 27 29 33 35 43 47 51 53 63 65 69 71 79 81 83 87 89 97 99 
 Total col=28, Total row=27
 bc#: 3036
 c: 22 25 28 31 35 37 41 47 60 63 66 69 73 75 79 81 84 93 98 
 r: 45 62 8 9 11 15 18 26 27 29 33 36 44 47 51 54 63 65 69 72 80 81 83 87 90 98 99 
 Total col=19, Total row=27
 bc#: 3037
 c: 5 6 8 14 17 22 23 25 28 29 31 34 40 46 60 66 73 79 93 99 
 r: 45 67 3 9 11 13 15 21 27 29 31 33 39 47 49 51 57 63 65 69 75 81 83 85 87 93 99 
 Total col=20, Total row=27
 bc#: 3038
 c: 3 6 11 20 29 34 35 37 40 41 46 47 49 52 55 58 60 63 66 72 75 78 99 
 r: 45 68 2 9 11 14 15 20 27 29 32 33 38 47 50 51 56 63 65 69 74 81 83 86 87 92 99 
 Total col=23, Total row=27
 bc#: 3039
 c: 5 6 8 11 12 14 17 20 22 28 34 40 46 52 58 60 63 66 69 72 75 78 81 84 87 90 93 99 
 r: 45 71 7 9 11 15 17 25 27 29 33 35 43 47 51 53 61 63 65 69 79 81 83 87 89 97 99 
 Total col=28, Total row=27
 bc#: 3040
 c: 22 25 28 31 35 37 41 47 60 63 66 69 73 75 79 81 84 93 98 
 r: 45 72 8 9 11 15 18 26 27 29 33 36 44 47 51 54 62 63 65 69 80 81 83 87 90 98 99 
 Total col=19, Total row=27
 bc#: 3041
 c: 8 11 14 17 22 25 28 31 35 41 43 46 49 52 55 58 60 66 73 79 81 84 87 92 95 
 r: 45 73 9 11 15 19 27 29 33 37 47 51 55 63 65 69 81 83 87 91 99 
 Total col=25, Total row=21
 bc#: 3042
 c: 3 6 11 20 29 34 35 37 40 41 46 47 49 52 55 58 60 63 66 72 75 78 99 
 r: 45 74 2 9 11 14 15 20 27 29 32 33 38 47 50 51 56 63 65 68 69 81 83 86 87 92 99 
 Total col=23, Total row=27
 bc#: 3043
 c: 5 6 8 14 17 22 23 25 28 29 31 34 40 46 60 66 73 79 93 99 
 r: 45 75 3 9 11 13 15 21 27 29 31 33 39 47 49 51 57 63 65 67 69 81 83 85 87 93 99 
 Total col=20, Total row=27
 bc#: 3044
 c: 12 14 29 31 35 37 40 43 46 49 55 58 60 63 66 79 81 93 98 99 
 r: 45 76 4 9 11 15 22 27 29 33 40 47 51 58 63 65 69 81 83 87 94 99 
 Total col=20, Total row=22
 bc#: 3045
 c: 3 5 6 8 11 17 20 22 23 25 28 34 41 47 52 61 67 69 72 73 75 78 84 87 90 92 95 
 r: 45 77 5 9 11 15 23 27 29 33 41 47 51 59 63 65 69 81 83 87 95 99 
 Total col=27, Total row=22
 bc#: 3046
 c: 3 12 29 31 35 37 40 43 46 49 60 73 75 79 81 84 87 90 92 93 95 98 
 r: 45 78 6 9 11 15 24 27 29 33 42 47 51 60 63 65 69 81 83 87 96 99 
 Total col=22, Total row=22
 bc#: 3047
 c: 5 6 8 11 12 14 17 20 22 28 34 40 46 52 58 60 63 66 69 72 75 78 81 84 87 90 93 99 
 r: 45 79 7 9 11 15 17 25 27 29 33 35 43 47 51 53 61 63 65 69 71 81 83 87 89 97 99 
 Total col=28, Total row=27
 bc#: 3048
 c: 22 25 28 31 35 37 41 47 60 63 66 69 73 75 79 81 84 93 98 
 r: 45 80 8 9 11 15 18 26 27 29 33 36 44 47 51 54 62 63 65 69 72 81 83 87 90 98 99 
 Total col=19, Total row=27
 bc#: 3049
 c: 5 6 8 14 17 22 23 25 28 29 31 34 40 46 60 66 73 79 93 99 
 r: 45 85 3 9 11 13 15 21 27 29 31 33 39 47 49 51 57 63 65 67 69 75 81 83 87 93 99 
 Total col=20, Total row=27
 bc#: 3050
 c: 3 6 11 20 29 34 35 37 40 41 46 47 49 52 55 58 60 63 66 72 75 78 99 
 r: 45 86 2 9 11 14 15 20 27 29 32 33 38 47 50 51 56 63 65 68 69 74 81 83 87 92 99 
 Total col=23, Total row=27
 bc#: 3051
 c: 5 6 8 11 12 14 17 20 22 28 34 40 46 52 58 60 63 66 69 72 75 78 81 84 87 90 93 99 
 r: 45 89 7 9 11 15 17 25 27 29 33 35 43 47 51 53 61 63 65 69 71 79 81 83 87 97 99 
 Total col=28, Total row=27
 bc#: 3052
 c: 22 25 28 31 35 37 41 47 60 63 66 69 73 75 79 81 84 93 98 
 r: 45 90 8 9 11 15 18 26 27 29 33 36 44 47 51 54 62 63 65 69 72 80 81 83 87 98 99 
 Total col=19, Total row=27
 bc#: 3053
 c: 8 11 14 17 22 25 28 31 35 41 43 46 49 52 55 58 60 66 73 79 81 84 87 92 95 
 r: 45 91 9 11 15 19 27 29 33 37 47 51 55 63 65 69 73 81 83 87 99 
 Total col=25, Total row=21
 bc#: 3054
 c: 3 6 11 20 29 34 35 37 40 41 46 47 49 52 55 58 60 63 66 72 75 78 99 
 r: 45 92 2 9 11 14 15 20 27 29 32 33 38 47 50 51 56 63 65 68 69 74 81 83 86 87 99 
 Total col=23, Total row=27
 bc#: 3055
 c: 5 6 8 14 17 22 23 25 28 29 31 34 40 46 60 66 73 79 93 99 
 r: 45 93 3 9 11 13 15 21 27 29 31 33 39 47 49 51 57 63 65 67 69 75 81 83 85 87 99 
 Total col=20, Total row=27
 bc#: 3056
 c: 12 14 29 31 35 37 40 43 46 49 55 58 60 63 66 79 81 93 98 99 
 r: 45 94 4 9 11 15 22 27 29 33 40 47 51 58 63 65 69 76 81 83 87 99 
 Total col=20, Total row=22
 bc#: 3057
 c: 3 5 6 8 11 17 20 22 23 25 28 34 41 47 52 61 67 69 72 73 75 78 84 87 90 92 95 
 r: 45 95 5 9 11 15 23 27 29 33 41 47 51 59 63 65 69 77 81 83 87 99 
 Total col=27, Total row=22
 bc#: 3058
 c: 3 12 29 31 35 37 40 43 46 49 60 73 75 79 81 84 87 90 92 93 95 98 
 r: 45 96 6 9 11 15 24 27 29 33 42 47 51 60 63 65 69 78 81 83 87 99 
 Total col=22, Total row=22
 bc#: 3059
 c: 5 6 8 11 12 14 17 20 22 28 34 40 46 52 58 60 63 66 69 72 75 78 81 84 87 90 93 99 
 r: 45 97 7 9 11 15 17 25 27 29 33 35 43 47 51 53 61 63 65 69 71 79 81 83 87 89 99 
 Total col=28, Total row=27
 bc#: 3060
 c: 22 25 28 31 35 37 41 47 60 63 66 69 73 75 79 81 84 93 98 
 r: 45 98 8 9 11 15 18 26 27 29 33 36 44 47 51 54 62 63 65 69 72 80 81 83 87 90 99 
 Total col=19, Total row=27
 bc#: 3061
 c: 1 2 4 7 9 10 13 15 16 18 19 21 24 26 27 30 32 33 36 38 39 42 44 45 48 50 51 53 54 56 57 59 62 64 65 68 70 71 74 76 77 80 82 83 85 86 88 89 91 94 96 97 100 
 r: 46 48 10 12 16 28 30 34 52 64 66 70 82 84 88 100 
 Total col=53, Total row=16
 bc#: 3062
 c: 2 10 13 19 36 39 42 45 48 51 53 54 56 59 62 65 68 71 74 76 80 82 85 86 88 91 94 96 100 
 r: 46 49 3 10 12 13 16 21 28 30 31 34 39 48 52 57 64 66 67 70 75 82 84 85 88 93 100 
 Total col=29, Total row=27
 bc#: 3063
 c: 1 4 9 13 15 16 18 21 24 26 27 32 44 51 57 65 68 71 77 80 82 83 86 88 89 91 94 96 97 
 r: 46 50 2 10 12 14 16 20 28 30 32 34 38 48 52 56 64 66 68 70 74 82 84 86 88 92 100 
 Total col=29, Total row=27
 bc#: 3064
 c: 1 2 4 7 9 10 13 15 16 18 19 21 24 26 27 30 32 33 36 38 39 42 44 45 48 50 51 53 54 56 57 59 62 64 65 68 70 71 74 76 77 80 82 83 85 86 88 89 91 94 96 97 100 
 r: 46 52 10 12 16 28 30 34 48 64 66 70 82 84 88 100 
 Total col=53, Total row=16
 bc#: 3065
 c: 2 4 21 24 27 30 33 36 39 42 45 48 51 54 57 64 70 76 82 88 94 96 100 
 r: 46 53 7 10 12 16 17 25 28 30 34 35 43 48 52 61 64 66 70 71 79 82 84 88 89 97 100 
 Total col=23, Total row=27
 bc#: 3066
 c: 1 4 7 9 10 13 15 16 18 19 27 32 38 42 45 48 51 53 54 56 57 65 70 76 82 85 88 91 94 97 
 r: 46 54 8 10 12 16 18 26 28 30 34 36 44 48 52 62 64 66 70 72 80 82 84 88 90 98 100 
 Total col=30, Total row=27
 bc#: 3067
 c: 2 4 7 10 16 19 26 30 32 38 39 45 53 59 62 65 68 71 74 76 80 86 89 94 97 100 
 r: 46 55 10 12 16 19 28 30 34 37 48 52 64 66 70 73 82 84 88 91 100 
 Total col=26, Total row=21
 bc#: 3068
 c: 1 4 9 13 15 16 18 21 24 26 27 32 44 51 57 65 68 71 77 80 82 83 86 88 89 91 94 96 97 
 r: 46 56 2 10 12 14 16 20 28 30 32 34 38 48 50 52 64 66 68 70 74 82 84 86 88 92 100 
 Total col=29, Total row=27
 bc#: 3069
 c: 2 10 13 19 36 39 42 45 48 51 53 54 56 59 62 65 68 71 74 76 80 82 85 86 88 91 94 96 100 
 r: 46 57 3 10 12 13 16 21 28 30 31 34 39 48 49 52 64 66 67 70 75 82 84 85 88 93 100 
 Total col=29, Total row=27
 bc#: 3070
 c: 13 15 30 33 36 39 44 45 50 54 56 59 62 64 80 82 89 97 100 
 r: 46 59 5 10 12 16 23 28 30 34 41 48 52 64 66 70 77 82 84 88 95 100 
 Total col=19, Total row=22
 bc#: 3071
 c: 1 4 7 9 10 15 16 18 19 21 24 26 27 32 38 42 48 51 53 54 57 59 62 64 65 68 70 71 76 82 86 97 
 r: 46 60 6 10 12 16 24 28 30 34 42 48 52 64 66 70 78 82 84 88 96 100 
 Total col=32, Total row=22
 bc#: 3072
 c: 2 4 21 24 27 30 33 36 39 42 45 48 51 54 57 64 70 76 82 88 94 96 100 
 r: 46 61 7 10 12 16 17 25 28 30 34 35 43 48 52 53 64 66 70 71 79 82 84 88 89 97 100 
 Total col=23, Total row=27
 bc#: 3073
 c: 1 4 7 9 10 13 15 16 18 19 27 32 38 42 45 48 51 53 54 56 57 65 70 76 82 85 88 91 94 97 
 r: 46 62 8 10 12 16 18 26 28 30 34 36 44 48 52 54 64 66 70 72 80 82 84 88 90 98 100 
 Total col=30, Total row=27
 bc#: 3074
 c: 1 2 4 7 9 10 13 15 16 18 19 21 24 26 27 30 32 33 36 38 39 42 44 45 48 50 51 53 54 56 57 59 62 64 65 68 70 71 74 76 77 80 82 83 85 86 88 89 91 94 96 97 100 
 r: 46 64 10 12 16 28 30 34 48 52 66 70 82 84 88 100 
 Total col=53, Total row=16
 bc#: 3075
 c: 1 2 4 7 9 10 13 15 16 18 19 21 24 26 27 30 32 33 36 38 39 42 44 45 48 50 51 53 54 56 57 59 62 64 65 68 70 71 74 76 77 80 82 83 85 86 88 89 91 94 96 97 100 
 r: 46 66 10 12 16 28 30 34 48 52 64 70 82 84 88 100 
 Total col=53, Total row=16
 bc#: 3076
 c: 2 10 13 19 36 39 42 45 48 51 53 54 56 59 62 65 68 71 74 76 80 82 85 86 88 91 94 96 100 
 r: 46 67 3 10 12 13 16 21 28 30 31 34 39 48 49 52 57 64 66 70 75 82 84 85 88 93 100 
 Total col=29, Total row=27
 bc#: 3077
 c: 1 4 9 13 15 16 18 21 24 26 27 32 44 51 57 65 68 71 77 80 82 83 86 88 89 91 94 96 97 
 r: 46 68 2 10 12 14 16 20 28 30 32 34 38 48 50 52 56 64 66 70 74 82 84 86 88 92 100 
 Total col=29, Total row=27
 bc#: 3078
 c: 1 2 4 7 9 10 13 15 16 18 19 21 24 26 27 30 32 33 36 38 39 42 44 45 48 50 51 53 54 56 57 59 62 64 65 68 70 71 74 76 77 80 82 83 85 86 88 89 91 94 96 97 100 
 r: 46 70 10 12 16 28 30 34 48 52 64 66 82 84 88 100 
 Total col=53, Total row=16
 bc#: 3079
 c: 2 4 21 24 27 30 33 36 39 42 45 48 51 54 57 64 70 76 82 88 94 96 100 
 r: 46 71 7 10 12 16 17 25 28 30 34 35 43 48 52 53 61 64 66 70 79 82 84 88 89 97 100 
 Total col=23, Total row=27
 bc#: 3080
 c: 1 4 7 9 10 13 15 16 18 19 27 32 38 42 45 48 51 53 54 56 57 65 70 76 82 85 88 91 94 97 
 r: 46 72 8 10 12 16 18 26 28 30 34 36 44 48 52 54 62 64 66 70 80 82 84 88 90 98 100 
 Total col=30, Total row=27
 bc#: 3081
 c: 2 4 7 10 16 19 26 30 32 38 39 45 53 59 62 65 68 71 74 76 80 86 89 94 97 100 
 r: 46 73 10 12 16 19 28 30 34 37 48 52 55 64 66 70 82 84 88 91 100 
 Total col=26, Total row=21
 bc#: 3082
 c: 1 4 9 13 15 16 18 21 24 26 27 32 44 51 57 65 68 71 77 80 82 83 86 88 89 91 94 96 97 
 r: 46 74 2 10 12 14 16 20 28 30 32 34 38 48 50 52 56 64 66 68 70 82 84 86 88 92 100 
 Total col=29, Total row=27
 bc#: 3083
 c: 2 10 13 19 36 39 42 45 48 51 53 54 56 59 62 65 68 71 74 76 80 82 85 86 88 91 94 96 100 
 r: 46 75 3 10 12 13 16 21 28 30 31 34 39 48 49 52 57 64 66 67 70 82 84 85 88 93 100 
 Total col=29, Total row=27
 bc#: 3084
 c: 13 15 30 33 36 39 44 45 50 54 56 59 62 64 80 82 89 97 100 
 r: 46 77 5 10 12 16 23 28 30 34 41 48 52 59 64 66 70 82 84 88 95 100 
 Total col=19, Total row=22
 bc#: 3085
 c: 1 4 7 9 10 15 16 18 19 21 24 26 27 32 38 42 48 51 53 54 57 59 62 64 65 68 70 71 76 82 86 97 
 r: 46 78 6 10 12 16 24 28 30 34 42 48 52 60 64 66 70 82 84 88 96 100 
 Total col=32, Total row=22
 bc#: 3086
 c: 2 4 21 24 27 30 33 36 39 42 45 48 51 54 57 64 70 76 82 88 94 96 100 
 r: 46 79 7 10 12 16 17 25 28 30 34 35 43 48 52 53 61 64 66 70 71 82 84 88 89 97 100 
 Total col=23, Total row=27
 bc#: 3087
 c: 1 4 7 9 10 13 15 16 18 19 27 32 38 42 45 48 51 53 54 56 57 65 70 76 82 85 88 91 94 97 
 r: 46 80 8 10 12 16 18 26 28 30 34 36 44 48 52 54 62 64 66 70 72 82 84 88 90 98 100 
 Total col=30, Total row=27
 bc#: 3088
 c: 1 2 4 7 9 10 13 15 16 18 19 21 24 26 27 30 32 33 36 38 39 42 44 45 48 50 51 53 54 56 57 59 62 64 65 68 70 71 74 76 77 80 82 83 85 86 88 89 91 94 96 97 100 
 r: 46 82 10 12 16 28 30 34 48 52 64 66 70 84 88 100 
 Total col=53, Total row=16
 bc#: 3089
 c: 1 2 4 7 9 10 13 15 16 18 19 21 24 26 27 30 32 33 36 38 39 42 44 45 48 50 51 53 54 56 57 59 62 64 65 68 70 71 74 76 77 80 82 83 85 86 88 89 91 94 96 97 100 
 r: 46 84 10 12 16 28 30 34 48 52 64 66 70 82 88 100 
 Total col=53, Total row=16
 bc#: 3090
 c: 2 10 13 19 36 39 42 45 48 51 53 54 56 59 62 65 68 71 74 76 80 82 85 86 88 91 94 96 100 
 r: 46 85 3 10 12 13 16 21 28 30 31 34 39 48 49 52 57 64 66 67 70 75 82 84 88 93 100 
 Total col=29, Total row=27
 bc#: 3091
 c: 1 4 9 13 15 16 18 21 24 26 27 32 44 51 57 65 68 71 77 80 82 83 86 88 89 91 94 96 97 
 r: 46 86 2 10 12 14 16 20 28 30 32 34 38 48 50 52 56 64 66 68 70 74 82 84 88 92 100 
 Total col=29, Total row=27
 bc#: 3092
 c: 1 2 4 7 9 10 13 15 16 18 19 21 24 26 27 30 32 33 36 38 39 42 44 45 48 50 51 53 54 56 57 59 62 64 65 68 70 71 74 76 77 80 82 83 85 86 88 89 91 94 96 97 100 
 r: 46 88 10 12 16 28 30 34 48 52 64 66 70 82 84 100 
 Total col=53, Total row=16
 bc#: 3093
 c: 2 4 21 24 27 30 33 36 39 42 45 48 51 54 57 64 70 76 82 88 94 96 100 
 r: 46 89 7 10 12 16 17 25 28 30 34 35 43 48 52 53 61 64 66 70 71 79 82 84 88 97 100 
 Total col=23, Total row=27
 bc#: 3094
 c: 1 4 7 9 10 13 15 16 18 19 27 32 38 42 45 48 51 53 54 56 57 65 70 76 82 85 88 91 94 97 
 r: 46 90 8 10 12 16 18 26 28 30 34 36 44 48 52 54 62 64 66 70 72 80 82 84 88 98 100 
 Total col=30, Total row=27
 bc#: 3095
 c: 2 4 7 10 16 19 26 30 32 38 39 45 53 59 62 65 68 71 74 76 80 86 89 94 97 100 
 r: 46 91 10 12 16 19 28 30 34 37 48 52 55 64 66 70 73 82 84 88 100 
 Total col=26, Total row=21
 bc#: 3096
 c: 1 4 9 13 15 16 18 21 24 26 27 32 44 51 57 65 68 71 77 80 82 83 86 88 89 91 94 96 97 
 r: 46 92 2 10 12 14 16 20 28 30 32 34 38 48 50 52 56 64 66 68 70 74 82 84 86 88 100 
 Total col=29, Total row=27
 bc#: 3097
 c: 2 10 13 19 36 39 42 45 48 51 53 54 56 59 62 65 68 71 74 76 80 82 85 86 88 91 94 96 100 
 r: 46 93 3 10 12 13 16 21 28 30 31 34 39 48 49 52 57 64 66 67 70 75 82 84 85 88 100 
 Total col=29, Total row=27
 bc#: 3098
 c: 13 15 30 33 36 39 44 45 50 54 56 59 62 64 80 82 89 97 100 
 r: 46 95 5 10 12 16 23 28 30 34 41 48 52 59 64 66 70 77 82 84 88 100 
 Total col=19, Total row=22
 bc#: 3099
 c: 1 4 7 9 10 15 16 18 19 21 24 26 27 32 38 42 48 51 53 54 57 59 62 64 65 68 70 71 76 82 86 97 
 r: 46 96 6 10 12 16 24 28 30 34 42 48 52 60 64 66 70 78 82 84 88 100 
 Total col=32, Total row=22
 bc#: 3100
 c: 2 4 21 24 27 30 33 36 39 42 45 48 51 54 57 64 70 76 82 88 94 96 100 
 r: 46 97 7 10 12 16 17 25 28 30 34 35 43 48 52 53 61 64 66 70 71 79 82 84 88 89 100 
 Total col=23, Total row=27
 bc#: 3101
 c: 1 4 7 9 10 13 15 16 18 19 27 32 38 42 45 48 51 53 54 56 57 65 70 76 82 85 88 91 94 97 
 r: 46 98 8 10 12 16 18 26 28 30 34 36 44 48 52 54 62 64 66 70 72 80 82 84 88 90 100 
 Total col=30, Total row=27
 bc#: 3102
 c: 1 2 4 7 9 10 13 15 16 18 19 21 24 26 27 30 32 33 36 38 39 42 44 45 48 50 51 53 54 56 57 59 62 64 65 68 70 71 74 76 77 80 82 83 85 86 88 89 91 94 96 97 100 
 r: 46 100 10 12 16 28 30 34 48 52 64 66 70 82 84 88 
 Total col=53, Total row=16
 bc#: 3103
 c: 5 6 8 14 17 22 23 25 28 29 31 34 40 46 60 66 73 79 93 99 
 r: 47 49 3 9 11 13 15 21 27 29 31 33 39 45 51 57 63 65 67 69 75 81 83 85 87 93 99 
 Total col=20, Total row=27
 bc#: 3104
 c: 3 6 11 20 29 34 35 37 40 41 46 47 49 52 55 58 60 63 66 72 75 78 99 
 r: 47 50 2 9 11 14 15 20 27 29 32 33 38 45 51 56 63 65 68 69 74 81 83 86 87 92 99 
 Total col=23, Total row=27
 bc#: 3105
 c: 5 6 8 11 12 14 17 20 22 28 34 40 46 52 58 60 63 66 69 72 75 78 81 84 87 90 93 99 
 r: 47 53 7 9 11 15 17 25 27 29 33 35 43 45 51 61 63 65 69 71 79 81 83 87 89 97 99 
 Total col=28, Total row=27
 bc#: 3106
 c: 22 25 28 31 35 37 41 47 60 63 66 69 73 75 79 81 84 93 98 
 r: 47 54 8 9 11 15 18 26 27 29 33 36 44 45 51 62 63 65 69 72 80 81 83 87 90 98 99 
 Total col=19, Total row=27
 bc#: 3107
 c: 8 11 14 17 22 25 28 31 35 41 43 46 49 52 55 58 60 66 73 79 81 84 87 92 95 
 r: 47 55 9 11 15 19 27 29 33 37 45 51 63 65 69 73 81 83 87 91 99 
 Total col=25, Total row=21
 bc#: 3108
 c: 3 6 11 20 29 34 35 37 40 41 46 47 49 52 55 58 60 63 66 72 75 78 99 
 r: 47 56 2 9 11 14 15 20 27 29 32 33 38 45 50 51 63 65 68 69 74 81 83 86 87 92 99 
 Total col=23, Total row=27
 bc#: 3109
 c: 5 6 8 14 17 22 23 25 28 29 31 34 40 46 60 66 73 79 93 99 
 r: 47 57 3 9 11 13 15 21 27 29 31 33 39 45 49 51 63 65 67 69 75 81 83 85 87 93 99 
 Total col=20, Total row=27
 bc#: 3110
 c: 12 14 29 31 35 37 40 43 46 49 55 58 60 63 66 79 81 93 98 99 
 r: 47 58 4 9 11 15 22 27 29 33 40 45 51 63 65 69 76 81 83 87 94 99 
 Total col=20, Total row=22
 bc#: 3111
 c: 3 5 6 8 11 17 20 22 23 25 28 34 41 47 52 61 67 69 72 73 75 78 84 87 90 92 95 
 r: 47 59 5 9 11 15 23 27 29 33 41 45 51 63 65 69 77 81 83 87 95 99 
 Total col=27, Total row=22
 bc#: 3112
 c: 3 12 29 31 35 37 40 43 46 49 60 73 75 79 81 84 87 90 92 93 95 98 
 r: 47 60 6 9 11 15 24 27 29 33 42 45 51 63 65 69 78 81 83 87 96 99 
 Total col=22, Total row=22
 bc#: 3113
 c: 5 6 8 11 12 14 17 20 22 28 34 40 46 52 58 60 63 66 69 72 75 78 81 84 87 90 93 99 
 r: 47 61 7 9 11 15 17 25 27 29 33 35 43 45 51 53 63 65 69 71 79 81 83 87 89 97 99 
 Total col=28, Total row=27
 bc#: 3114
 c: 22 25 28 31 35 37 41 47 60 63 66 69 73 75 79 81 84 93 98 
 r: 47 62 8 9 11 15 18 26 27 29 33 36 44 45 51 54 63 65 69 72 80 81 83 87 90 98 99 
 Total col=19, Total row=27
 bc#: 3115
 c: 5 6 8 14 17 22 23 25 28 29 31 34 40 46 60 66 73 79 93 99 
 r: 47 67 3 9 11 13 15 21 27 29 31 33 39 45 49 51 57 63 65 69 75 81 83 85 87 93 99 
 Total col=20, Total row=27
 bc#: 3116
 c: 3 6 11 20 29 34 35 37 40 41 46 47 49 52 55 58 60 63 66 72 75 78 99 
 r: 47 68 2 9 11 14 15 20 27 29 32 33 38 45 50 51 56 63 65 69 74 81 83 86 87 92 99 
 Total col=23, Total row=27
 bc#: 3117
 c: 5 6 8 11 12 14 17 20 22 28 34 40 46 52 58 60 63 66 69 72 75 78 81 84 87 90 93 99 
 r: 47 71 7 9 11 15 17 25 27 29 33 35 43 45 51 53 61 63 65 69 79 81 83 87 89 97 99 
 Total col=28, Total row=27
 bc#: 3118
 c: 22 25 28 31 35 37 41 47 60 63 66 69 73 75 79 81 84 93 98 
 r: 47 72 8 9 11 15 18 26 27 29 33 36 44 45 51 54 62 63 65 69 80 81 83 87 90 98 99 
 Total col=19, Total row=27
 bc#: 3119
 c: 8 11 14 17 22 25 28 31 35 41 43 46 49 52 55 58 60 66 73 79 81 84 87 92 95 
 r: 47 73 9 11 15 19 27 29 33 37 45 51 55 63 65 69 81 83 87 91 99 
 Total col=25, Total row=21
 bc#: 3120
 c: 3 6 11 20 29 34 35 37 40 41 46 47 49 52 55 58 60 63 66 72 75 78 99 
 r: 47 74 2 9 11 14 15 20 27 29 32 33 38 45 50 51 56 63 65 68 69 81 83 86 87 92 99 
 Total col=23, Total row=27
 bc#: 3121
 c: 5 6 8 14 17 22 23 25 28 29 31 34 40 46 60 66 73 79 93 99 
 r: 47 75 3 9 11 13 15 21 27 29 31 33 39 45 49 51 57 63 65 67 69 81 83 85 87 93 99 
 Total col=20, Total row=27
 bc#: 3122
 c: 12 14 29 31 35 37 40 43 46 49 55 58 60 63 66 79 81 93 98 99 
 r: 47 76 4 9 11 15 22 27 29 33 40 45 51 58 63 65 69 81 83 87 94 99 
 Total col=20, Total row=22
 bc#: 3123
 c: 3 5 6 8 11 17 20 22 23 25 28 34 41 47 52 61 67 69 72 73 75 78 84 87 90 92 95 
 r: 47 77 5 9 11 15 23 27 29 33 41 45 51 59 63 65 69 81 83 87 95 99 
 Total col=27, Total row=22
 bc#: 3124
 c: 3 12 29 31 35 37 40 43 46 49 60 73 75 79 81 84 87 90 92 93 95 98 
 r: 47 78 6 9 11 15 24 27 29 33 42 45 51 60 63 65 69 81 83 87 96 99 
 Total col=22, Total row=22
 bc#: 3125
 c: 5 6 8 11 12 14 17 20 22 28 34 40 46 52 58 60 63 66 69 72 75 78 81 84 87 90 93 99 
 r: 47 79 7 9 11 15 17 25 27 29 33 35 43 45 51 53 61 63 65 69 71 81 83 87 89 97 99 
 Total col=28, Total row=27
 bc#: 3126
 c: 22 25 28 31 35 37 41 47 60 63 66 69 73 75 79 81 84 93 98 
 r: 47 80 8 9 11 15 18 26 27 29 33 36 44 45 51 54 62 63 65 69 72 81 83 87 90 98 99 
 Total col=19, Total row=27
 bc#: 3127
 c: 5 6 8 14 17 22 23 25 28 29 31 34 40 46 60 66 73 79 93 99 
 r: 47 85 3 9 11 13 15 21 27 29 31 33 39 45 49 51 57 63 65 67 69 75 81 83 87 93 99 
 Total col=20, Total row=27
 bc#: 3128
 c: 3 6 11 20 29 34 35 37 40 41 46 47 49 52 55 58 60 63 66 72 75 78 99 
 r: 47 86 2 9 11 14 15 20 27 29 32 33 38 45 50 51 56 63 65 68 69 74 81 83 87 92 99 
 Total col=23, Total row=27
 bc#: 3129
 c: 5 6 8 11 12 14 17 20 22 28 34 40 46 52 58 60 63 66 69 72 75 78 81 84 87 90 93 99 
 r: 47 89 7 9 11 15 17 25 27 29 33 35 43 45 51 53 61 63 65 69 71 79 81 83 87 97 99 
 Total col=28, Total row=27
 bc#: 3130
 c: 22 25 28 31 35 37 41 47 60 63 66 69 73 75 79 81 84 93 98 
 r: 47 90 8 9 11 15 18 26 27 29 33 36 44 45 51 54 62 63 65 69 72 80 81 83 87 98 99 
 Total col=19, Total row=27
 bc#: 3131
 c: 8 11 14 17 22 25 28 31 35 41 43 46 49 52 55 58 60 66 73 79 81 84 87 92 95 
 r: 47 91 9 11 15 19 27 29 33 37 45 51 55 63 65 69 73 81 83 87 99 
 Total col=25, Total row=21
 bc#: 3132
 c: 3 6 11 20 29 34 35 37 40 41 46 47 49 52 55 58 60 63 66 72 75 78 99 
 r: 47 92 2 9 11 14 15 20 27 29 32 33 38 45 50 51 56 63 65 68 69 74 81 83 86 87 99 
 Total col=23, Total row=27
 bc#: 3133
 c: 5 6 8 14 17 22 23 25 28 29 31 34 40 46 60 66 73 79 93 99 
 r: 47 93 3 9 11 13 15 21 27 29 31 33 39 45 49 51 57 63 65 67 69 75 81 83 85 87 99 
 Total col=20, Total row=27
 bc#: 3134
 c: 12 14 29 31 35 37 40 43 46 49 55 58 60 63 66 79 81 93 98 99 
 r: 47 94 4 9 11 15 22 27 29 33 40 45 51 58 63 65 69 76 81 83 87 99 
 Total col=20, Total row=22
 bc#: 3135
 c: 3 5 6 8 11 17 20 22 23 25 28 34 41 47 52 61 67 69 72 73 75 78 84 87 90 92 95 
 r: 47 95 5 9 11 15 23 27 29 33 41 45 51 59 63 65 69 77 81 83 87 99 
 Total col=27, Total row=22
 bc#: 3136
 c: 3 12 29 31 35 37 40 43 46 49 60 73 75 79 81 84 87 90 92 93 95 98 
 r: 47 96 6 9 11 15 24 27 29 33 42 45 51 60 63 65 69 78 81 83 87 99 
 Total col=22, Total row=22
 bc#: 3137
 c: 5 6 8 11 12 14 17 20 22 28 34 40 46 52 58 60 63 66 69 72 75 78 81 84 87 90 93 99 
 r: 47 97 7 9 11 15 17 25 27 29 33 35 43 45 51 53 61 63 65 69 71 79 81 83 87 89 99 
 Total col=28, Total row=27
 bc#: 3138
 c: 22 25 28 31 35 37 41 47 60 63 66 69 73 75 79 81 84 93 98 
 r: 47 98 8 9 11 15 18 26 27 29 33 36 44 45 51 54 62 63 65 69 72 80 81 83 87 90 99 
 Total col=19, Total row=27
 bc#: 3139
 c: 2 10 13 19 36 39 42 45 48 51 53 54 56 59 62 65 68 71 74 76 80 82 85 86 88 91 94 96 100 
 r: 48 49 3 10 12 13 16 21 28 30 31 34 39 46 52 57 64 66 67 70 75 82 84 85 88 93 100 
 Total col=29, Total row=27
 bc#: 3140
 c: 1 4 9 13 15 16 18 21 24 26 27 32 44 51 57 65 68 71 77 80 82 83 86 88 89 91 94 96 97 
 r: 48 50 2 10 12 14 16 20 28 30 32 34 38 46 52 56 64 66 68 70 74 82 84 86 88 92 100 
 Total col=29, Total row=27
 bc#: 3141
 c: 1 2 4 7 9 10 13 15 16 18 19 21 24 26 27 30 32 33 36 38 39 42 44 45 48 50 51 53 54 56 57 59 62 64 65 68 70 71 74 76 77 80 82 83 85 86 88 89 91 94 96 97 100 
 r: 48 52 10 12 16 28 30 34 46 64 66 70 82 84 88 100 
 Total col=53, Total row=16
 bc#: 3142
 c: 2 4 21 24 27 30 33 36 39 42 45 48 51 54 57 64 70 76 82 88 94 96 100 
 r: 48 53 7 10 12 16 17 25 28 30 34 35 43 46 52 61 64 66 70 71 79 82 84 88 89 97 100 
 Total col=23, Total row=27
 bc#: 3143
 c: 1 4 7 9 10 13 15 16 18 19 27 32 38 42 45 48 51 53 54 56 57 65 70 76 82 85 88 91 94 97 
 r: 48 54 8 10 12 16 18 26 28 30 34 36 44 46 52 62 64 66 70 72 80 82 84 88 90 98 100 
 Total col=30, Total row=27
 bc#: 3144
 c: 2 4 7 10 16 19 26 30 32 38 39 45 53 59 62 65 68 71 74 76 80 86 89 94 97 100 
 r: 48 55 10 12 16 19 28 30 34 37 46 52 64 66 70 73 82 84 88 91 100 
 Total col=26, Total row=21
 bc#: 3145
 c: 1 4 9 13 15 16 18 21 24 26 27 32 44 51 57 65 68 71 77 80 82 83 86 88 89 91 94 96 97 
 r: 48 56 2 10 12 14 16 20 28 30 32 34 38 46 50 52 64 66 68 70 74 82 84 86 88 92 100 
 Total col=29, Total row=27
 bc#: 3146
 c: 2 10 13 19 36 39 42 45 48 51 53 54 56 59 62 65 68 71 74 76 80 82 85 86 88 91 94 96 100 
 r: 48 57 3 10 12 13 16 21 28 30 31 34 39 46 49 52 64 66 67 70 75 82 84 85 88 93 100 
 Total col=29, Total row=27
 bc#: 3147
 c: 13 15 30 33 36 39 44 45 50 54 56 59 62 64 80 82 89 97 100 
 r: 48 59 5 10 12 16 23 28 30 34 41 46 52 64 66 70 77 82 84 88 95 100 
 Total col=19, Total row=22
 bc#: 3148
 c: 1 4 7 9 10 15 16 18 19 21 24 26 27 32 38 42 48 51 53 54 57 59 62 64 65 68 70 71 76 82 86 97 
 r: 48 60 6 10 12 16 24 28 30 34 42 46 52 64 66 70 78 82 84 88 96 100 
 Total col=32, Total row=22
 bc#: 3149
 c: 2 4 21 24 27 30 33 36 39 42 45 48 51 54 57 64 70 76 82 88 94 96 100 
 r: 48 61 7 10 12 16 17 25 28 30 34 35 43 46 52 53 64 66 70 71 79 82 84 88 89 97 100 
 Total col=23, Total row=27
 bc#: 3150
 c: 1 4 7 9 10 13 15 16 18 19 27 32 38 42 45 48 51 53 54 56 57 65 70 76 82 85 88 91 94 97 
 r: 48 62 8 10 12 16 18 26 28 30 34 36 44 46 52 54 64 66 70 72 80 82 84 88 90 98 100 
 Total col=30, Total row=27
 bc#: 3151
 c: 1 2 4 7 9 10 13 15 16 18 19 21 24 26 27 30 32 33 36 38 39 42 44 45 48 50 51 53 54 56 57 59 62 64 65 68 70 71 74 76 77 80 82 83 85 86 88 89 91 94 96 97 100 
 r: 48 64 10 12 16 28 30 34 46 52 66 70 82 84 88 100 
 Total col=53, Total row=16
 bc#: 3152
 c: 1 2 4 7 9 10 13 15 16 18 19 21 24 26 27 30 32 33 36 38 39 42 44 45 48 50 51 53 54 56 57 59 62 64 65 68 70 71 74 76 77 80 82 83 85 86 88 89 91 94 96 97 100 
 r: 48 66 10 12 16 28 30 34 46 52 64 70 82 84 88 100 
 Total col=53, Total row=16
 bc#: 3153
 c: 2 10 13 19 36 39 42 45 48 51 53 54 56 59 62 65 68 71 74 76 80 82 85 86 88 91 94 96 100 
 r: 48 67 3 10 12 13 16 21 28 30 31 34 39 46 49 52 57 64 66 70 75 82 84 85 88 93 100 
 Total col=29, Total row=27
 bc#: 3154
 c: 1 4 9 13 15 16 18 21 24 26 27 32 44 51 57 65 68 71 77 80 82 83 86 88 89 91 94 96 97 
 r: 48 68 2 10 12 14 16 20 28 30 32 34 38 46 50 52 56 64 66 70 74 82 84 86 88 92 100 
 Total col=29, Total row=27
 bc#: 3155
 c: 1 2 4 7 9 10 13 15 16 18 19 21 24 26 27 30 32 33 36 38 39 42 44 45 48 50 51 53 54 56 57 59 62 64 65 68 70 71 74 76 77 80 82 83 85 86 88 89 91 94 96 97 100 
 r: 48 70 10 12 16 28 30 34 46 52 64 66 82 84 88 100 
 Total col=53, Total row=16
 bc#: 3156
 c: 2 4 21 24 27 30 33 36 39 42 45 48 51 54 57 64 70 76 82 88 94 96 100 
 r: 48 71 7 10 12 16 17 25 28 30 34 35 43 46 52 53 61 64 66 70 79 82 84 88 89 97 100 
 Total col=23, Total row=27
 bc#: 3157
 c: 1 4 7 9 10 13 15 16 18 19 27 32 38 42 45 48 51 53 54 56 57 65 70 76 82 85 88 91 94 97 
 r: 48 72 8 10 12 16 18 26 28 30 34 36 44 46 52 54 62 64 66 70 80 82 84 88 90 98 100 
 Total col=30, Total row=27
 bc#: 3158
 c: 2 4 7 10 16 19 26 30 32 38 39 45 53 59 62 65 68 71 74 76 80 86 89 94 97 100 
 r: 48 73 10 12 16 19 28 30 34 37 46 52 55 64 66 70 82 84 88 91 100 
 Total col=26, Total row=21
 bc#: 3159
 c: 1 4 9 13 15 16 18 21 24 26 27 32 44 51 57 65 68 71 77 80 82 83 86 88 89 91 94 96 97 
 r: 48 74 2 10 12 14 16 20 28 30 32 34 38 46 50 52 56 64 66 68 70 82 84 86 88 92 100 
 Total col=29, Total row=27
 bc#: 3160
 c: 2 10 13 19 36 39 42 45 48 51 53 54 56 59 62 65 68 71 74 76 80 82 85 86 88 91 94 96 100 
 r: 48 75 3 10 12 13 16 21 28 30 31 34 39 46 49 52 57 64 66 67 70 82 84 85 88 93 100 
 Total col=29, Total row=27
 bc#: 3161
 c: 13 15 30 33 36 39 44 45 50 54 56 59 62 64 80 82 89 97 100 
 r: 48 77 5 10 12 16 23 28 30 34 41 46 52 59 64 66 70 82 84 88 95 100 
 Total col=19, Total row=22
 bc#: 3162
 c: 1 4 7 9 10 15 16 18 19 21 24 26 27 32 38 42 48 51 53 54 57 59 62 64 65 68 70 71 76 82 86 97 
 r: 48 78 6 10 12 16 24 28 30 34 42 46 52 60 64 66 70 82 84 88 96 100 
 Total col=32, Total row=22
 bc#: 3163
 c: 2 4 21 24 27 30 33 36 39 42 45 48 51 54 57 64 70 76 82 88 94 96 100 
 r: 48 79 7 10 12 16 17 25 28 30 34 35 43 46 52 53 61 64 66 70 71 82 84 88 89 97 100 
 Total col=23, Total row=27
 bc#: 3164
 c: 1 4 7 9 10 13 15 16 18 19 27 32 38 42 45 48 51 53 54 56 57 65 70 76 82 85 88 91 94 97 
 r: 48 80 8 10 12 16 18 26 28 30 34 36 44 46 52 54 62 64 66 70 72 82 84 88 90 98 100 
 Total col=30, Total row=27
 bc#: 3165
 c: 1 2 4 7 9 10 13 15 16 18 19 21 24 26 27 30 32 33 36 38 39 42 44 45 48 50 51 53 54 56 57 59 62 64 65 68 70 71 74 76 77 80 82 83 85 86 88 89 91 94 96 97 100 
 r: 48 82 10 12 16 28 30 34 46 52 64 66 70 84 88 100 
 Total col=53, Total row=16
 bc#: 3166
 c: 1 2 4 7 9 10 13 15 16 18 19 21 24 26 27 30 32 33 36 38 39 42 44 45 48 50 51 53 54 56 57 59 62 64 65 68 70 71 74 76 77 80 82 83 85 86 88 89 91 94 96 97 100 
 r: 48 84 10 12 16 28 30 34 46 52 64 66 70 82 88 100 
 Total col=53, Total row=16
 bc#: 3167
 c: 2 10 13 19 36 39 42 45 48 51 53 54 56 59 62 65 68 71 74 76 80 82 85 86 88 91 94 96 100 
 r: 48 85 3 10 12 13 16 21 28 30 31 34 39 46 49 52 57 64 66 67 70 75 82 84 88 93 100 
 Total col=29, Total row=27
 bc#: 3168
 c: 1 4 9 13 15 16 18 21 24 26 27 32 44 51 57 65 68 71 77 80 82 83 86 88 89 91 94 96 97 
 r: 48 86 2 10 12 14 16 20 28 30 32 34 38 46 50 52 56 64 66 68 70 74 82 84 88 92 100 
 Total col=29, Total row=27
 bc#: 3169
 c: 1 2 4 7 9 10 13 15 16 18 19 21 24 26 27 30 32 33 36 38 39 42 44 45 48 50 51 53 54 56 57 59 62 64 65 68 70 71 74 76 77 80 82 83 85 86 88 89 91 94 96 97 100 
 r: 48 88 10 12 16 28 30 34 46 52 64 66 70 82 84 100 
 Total col=53, Total row=16
 bc#: 3170
 c: 2 4 21 24 27 30 33 36 39 42 45 48 51 54 57 64 70 76 82 88 94 96 100 
 r: 48 89 7 10 12 16 17 25 28 30 34 35 43 46 52 53 61 64 66 70 71 79 82 84 88 97 100 
 Total col=23, Total row=27
 bc#: 3171
 c: 1 4 7 9 10 13 15 16 18 19 27 32 38 42 45 48 51 53 54 56 57 65 70 76 82 85 88 91 94 97 
 r: 48 90 8 10 12 16 18 26 28 30 34 36 44 46 52 54 62 64 66 70 72 80 82 84 88 98 100 
 Total col=30, Total row=27
 bc#: 3172
 c: 2 4 7 10 16 19 26 30 32 38 39 45 53 59 62 65 68 71 74 76 80 86 89 94 97 100 
 r: 48 91 10 12 16 19 28 30 34 37 46 52 55 64 66 70 73 82 84 88 100 
 Total col=26, Total row=21
 bc#: 3173
 c: 1 4 9 13 15 16 18 21 24 26 27 32 44 51 57 65 68 71 77 80 82 83 86 88 89 91 94 96 97 
 r: 48 92 2 10 12 14 16 20 28 30 32 34 38 46 50 52 56 64 66 68 70 74 82 84 86 88 100 
 Total col=29, Total row=27
 bc#: 3174
 c: 2 10 13 19 36 39 42 45 48 51 53 54 56 59 62 65 68 71 74 76 80 82 85 86 88 91 94 96 100 
 r: 48 93 3 10 12 13 16 21 28 30 31 34 39 46 49 52 57 64 66 67 70 75 82 84 85 88 100 
 Total col=29, Total row=27
 bc#: 3175
 c: 13 15 30 33 36 39 44 45 50 54 56 59 62 64 80 82 89 97 100 
 r: 48 95 5 10 12 16 23 28 30 34 41 46 52 59 64 66 70 77 82 84 88 100 
 Total col=19, Total row=22
 bc#: 3176
 c: 1 4 7 9 10 15 16 18 19 21 24 26 27 32 38 42 48 51 53 54 57 59 62 64 65 68 70 71 76 82 86 97 
 r: 48 96 6 10 12 16 24 28 30 34 42 46 52 60 64 66 70 78 82 84 88 100 
 Total col=32, Total row=22
 bc#: 3177
 c: 2 4 21 24 27 30 33 36 39 42 45 48 51 54 57 64 70 76 82 88 94 96 100 
 r: 48 97 7 10 12 16 17 25 28 30 34 35 43 46 52 53 61 64 66 70 71 79 82 84 88 89 100 
 Total col=23, Total row=27
 bc#: 3178
 c: 1 4 7 9 10 13 15 16 18 19 27 32 38 42 45 48 51 53 54 56 57 65 70 76 82 85 88 91 94 97 
 r: 48 98 8 10 12 16 18 26 28 30 34 36 44 46 52 54 62 64 66 70 72 80 82 84 88 90 100 
 Total col=30, Total row=27
 bc#: 3179
 c: 1 2 4 7 9 10 13 15 16 18 19 21 24 26 27 30 32 33 36 38 39 42 44 45 48 50 51 53 54 56 57 59 62 64 65 68 70 71 74 76 77 80 82 83 85 86 88 89 91 94 96 97 100 
 r: 48 100 10 12 16 28 30 34 46 52 64 66 70 82 84 88 
 Total col=53, Total row=16
 bc#: 3180
 c: 6 13 29 34 40 46 51 60 65 66 68 71 80 82 86 88 91 94 96 99 
 r: 49 50 2 3 13 14 20 21 31 32 38 39 56 57 67 68 74 75 85 86 92 93 
 Total col=20, Total row=22
 bc#: 3181
 c: 5 6 8 14 17 22 23 25 28 29 31 34 40 46 60 66 73 79 93 99 
 r: 49 51 3 9 11 13 15 21 27 29 31 33 39 45 47 57 63 65 67 69 75 81 83 85 87 93 99 
 Total col=20, Total row=27
 bc#: 3182
 c: 2 10 13 19 36 39 42 45 48 51 53 54 56 59 62 65 68 71 74 76 80 82 85 86 88 91 94 96 100 
 r: 49 52 3 10 12 13 16 21 28 30 31 34 39 46 48 57 64 66 67 70 75 82 84 85 88 93 100 
 Total col=29, Total row=27
 bc#: 3183
 c: 2 5 6 8 14 17 22 28 34 36 39 40 42 45 46 48 51 54 60 66 76 82 88 93 94 96 99 100 
 r: 49 53 3 7 13 17 21 25 31 35 39 43 57 61 67 71 75 79 85 89 93 97 
 Total col=28, Total row=22
 bc#: 3184
 c: 10 13 19 22 25 28 31 42 45 48 51 53 54 56 60 65 66 73 76 79 82 85 88 91 93 94 
 r: 49 54 3 8 13 18 21 26 31 36 39 44 57 62 67 72 75 80 85 90 93 98 
 Total col=26, Total row=22
 bc#: 3185
 c: 2 8 10 14 17 19 22 25 28 31 39 45 46 53 59 60 62 65 66 68 71 73 74 76 79 80 86 94 100 
 r: 49 55 3 13 19 21 31 37 39 57 67 73 75 85 91 93 
 Total col=29, Total row=16
 bc#: 3186
 c: 6 13 29 34 40 46 51 60 65 66 68 71 80 82 86 88 91 94 96 99 
 r: 49 56 2 3 13 14 20 21 31 32 38 39 50 57 67 68 74 75 85 86 92 93 
 Total col=20, Total row=22
 bc#: 3187
 c: 2 5 6 8 10 13 14 17 19 22 23 25 28 29 31 34 36 39 40 42 45 46 48 51 53 54 56 59 60 62 65 66 68 71 73 74 76 79 80 82 85 86 88 91 93 94 96 99 100 
 r: 49 57 3 13 21 31 39 67 75 85 93 
 Total col=49, Total row=11
 bc#: 3188
 c: 2 10 14 19 29 31 40 42 46 48 51 53 60 65 66 68 71 74 76 79 85 86 88 91 93 94 96 99 
 r: 49 58 3 4 13 21 22 31 39 40 57 67 75 76 85 93 94 
 Total col=28, Total row=17
 bc#: 3189
 c: 5 6 8 13 17 22 23 25 28 34 36 39 45 54 56 59 62 73 80 82 100 
 r: 49 59 3 5 13 21 23 31 39 41 57 67 75 77 85 93 95 
 Total col=21, Total row=17
 bc#: 3190
 c: 10 19 29 31 40 42 46 48 51 53 54 59 60 62 65 68 71 73 76 79 82 86 93 
 r: 49 60 3 6 13 21 24 31 39 42 57 67 75 78 85 93 96 
 Total col=23, Total row=17
 bc#: 3191
 c: 2 5 6 8 14 17 22 28 34 36 39 40 42 45 46 48 51 54 60 66 76 82 88 93 94 96 99 100 
 r: 49 61 3 7 13 17 21 25 31 35 39 43 53 57 67 71 75 79 85 89 93 97 
 Total col=28, Total row=22
 bc#: 3192
 c: 10 13 19 22 25 28 31 42 45 48 51 53 54 56 60 65 66 73 76 79 82 85 88 91 93 94 
 r: 49 62 3 8 13 18 21 26 31 36 39 44 54 57 67 72 75 80 85 90 93 98 
 Total col=26, Total row=22
 bc#: 3193
 c: 5 6 8 14 17 22 23 25 28 29 31 34 40 46 60 66 73 79 93 99 
 r: 49 63 3 9 11 13 15 21 27 29 31 33 39 45 47 51 57 65 67 69 75 81 83 85 87 93 99 
 Total col=20, Total row=27
 bc#: 3194
 c: 2 10 13 19 36 39 42 45 48 51 53 54 56 59 62 65 68 71 74 76 80 82 85 86 88 91 94 96 100 
 r: 49 64 3 10 12 13 16 21 28 30 31 34 39 46 48 52 57 66 67 70 75 82 84 85 88 93 100 
 Total col=29, Total row=27
 bc#: 3195
 c: 5 6 8 14 17 22 23 25 28 29 31 34 40 46 60 66 73 79 93 99 
 r: 49 65 3 9 11 13 15 21 27 29 31 33 39 45 47 51 57 63 67 69 75 81 83 85 87 93 99 
 Total col=20, Total row=27
 bc#: 3196
 c: 2 10 13 19 36 39 42 45 48 51 53 54 56 59 62 65 68 71 74 76 80 82 85 86 88 91 94 96 100 
 r: 49 66 3 10 12 13 16 21 28 30 31 34 39 46 48 52 57 64 67 70 75 82 84 85 88 93 100 
 Total col=29, Total row=27
 bc#: 3197
 c: 2 5 6 8 10 13 14 17 19 22 23 25 28 29 31 34 36 39 40 42 45 46 48 51 53 54 56 59 60 62 65 66 68 71 73 74 76 79 80 82 85 86 88 91 93 94 96 99 100 
 r: 49 67 3 13 21 31 39 57 75 85 93 
 Total col=49, Total row=11
 bc#: 3198
 c: 6 13 29 34 40 46 51 60 65 66 68 71 80 82 86 88 91 94 96 99 
 r: 49 68 2 3 13 14 20 21 31 32 38 39 50 56 57 67 74 75 85 86 92 93 
 Total col=20, Total row=22
 bc#: 3199
 c: 5 6 8 14 17 22 23 25 28 29 31 34 40 46 60 66 73 79 93 99 
 r: 49 69 3 9 11 13 15 21 27 29 31 33 39 45 47 51 57 63 65 67 75 81 83 85 87 93 99 
 Total col=20, Total row=27
 bc#: 3200
 c: 2 10 13 19 36 39 42 45 48 51 53 54 56 59 62 65 68 71 74 76 80 82 85 86 88 91 94 96 100 
 r: 49 70 3 10 12 13 16 21 28 30 31 34 39 46 48 52 57 64 66 67 75 82 84 85 88 93 100 
 Total col=29, Total row=27
 bc#: 3201
 c: 2 5 6 8 14 17 22 28 34 36 39 40 42 45 46 48 51 54 60 66 76 82 88 93 94 96 99 100 
 r: 49 71 3 7 13 17 21 25 31 35 39 43 53 57 61 67 75 79 85 89 93 97 
 Total col=28, Total row=22
 bc#: 3202
 c: 10 13 19 22 25 28 31 42 45 48 51 53 54 56 60 65 66 73 76 79 82 85 88 91 93 94 
 r: 49 72 3 8 13 18 21 26 31 36 39 44 54 57 62 67 75 80 85 90 93 98 
 Total col=26, Total row=22
 bc#: 3203
 c: 2 8 10 14 17 19 22 25 28 31 39 45 46 53 59 60 62 65 66 68 71 73 74 76 79 80 86 94 100 
 r: 49 73 3 13 19 21 31 37 39 55 57 67 75 85 91 93 
 Total col=29, Total row=16
 bc#: 3204
 c: 6 13 29 34 40 46 51 60 65 66 68 71 80 82 86 88 91 94 96 99 
 r: 49 74 2 3 13 14 20 21 31 32 38 39 50 56 57 67 68 75 85 86 92 93 
 Total col=20, Total row=22
 bc#: 3205
 c: 2 5 6 8 10 13 14 17 19 22 23 25 28 29 31 34 36 39 40 42 45 46 48 51 53 54 56 59 60 62 65 66 68 71 73 74 76 79 80 82 85 86 88 91 93 94 96 99 100 
 r: 49 75 3 13 21 31 39 57 67 85 93 
 Total col=49, Total row=11
 bc#: 3206
 c: 2 10 14 19 29 31 40 42 46 48 51 53 60 65 66 68 71 74 76 79 85 86 88 91 93 94 96 99 
 r: 49 76 3 4 13 21 22 31 39 40 57 58 67 75 85 93 94 
 Total col=28, Total row=17
 bc#: 3207
 c: 5 6 8 13 17 22 23 25 28 34 36 39 45 54 56 59 62 73 80 82 100 
 r: 49 77 3 5 13 21 23 31 39 41 57 59 67 75 85 93 95 
 Total col=21, Total row=17
 bc#: 3208
 c: 10 19 29 31 40 42 46 48 51 53 54 59 60 62 65 68 71 73 76 79 82 86 93 
 r: 49 78 3 6 13 21 24 31 39 42 57 60 67 75 85 93 96 
 Total col=23, Total row=17
 bc#: 3209
 c: 2 5 6 8 14 17 22 28 34 36 39 40 42 45 46 48 51 54 60 66 76 82 88 93 94 96 99 100 
 r: 49 79 3 7 13 17 21 25 31 35 39 43 53 57 61 67 71 75 85 89 93 97 
 Total col=28, Total row=22
 bc#: 3210
 c: 10 13 19 22 25 28 31 42 45 48 51 53 54 56 60 65 66 73 76 79 82 85 88 91 93 94 
 r: 49 80 3 8 13 18 21 26 31 36 39 44 54 57 62 67 72 75 85 90 93 98 
 Total col=26, Total row=22
 bc#: 3211
 c: 5 6 8 14 17 22 23 25 28 29 31 34 40 46 60 66 73 79 93 99 
 r: 49 81 3 9 11 13 15 21 27 29 31 33 39 45 47 51 57 63 65 67 69 75 83 85 87 93 99 
 Total col=20, Total row=27
 bc#: 3212
 c: 2 10 13 19 36 39 42 45 48 51 53 54 56 59 62 65 68 71 74 76 80 82 85 86 88 91 94 96 100 
 r: 49 82 3 10 12 13 16 21 28 30 31 34 39 46 48 52 57 64 66 67 70 75 84 85 88 93 100 
 Total col=29, Total row=27
 bc#: 3213
 c: 5 6 8 14 17 22 23 25 28 29 31 34 40 46 60 66 73 79 93 99 
 r: 49 83 3 9 11 13 15 21 27 29 31 33 39 45 47 51 57 63 65 67 69 75 81 85 87 93 99 
 Total col=20, Total row=27
 bc#: 3214
 c: 2 10 13 19 36 39 42 45 48 51 53 54 56 59 62 65 68 71 74 76 80 82 85 86 88 91 94 96 100 
 r: 49 84 3 10 12 13 16 21 28 30 31 34 39 46 48 52 57 64 66 67 70 75 82 85 88 93 100 
 Total col=29, Total row=27
 bc#: 3215
 c: 2 5 6 8 10 13 14 17 19 22 23 25 28 29 31 34 36 39 40 42 45 46 48 51 53 54 56 59 60 62 65 66 68 71 73 74 76 79 80 82 85 86 88 91 93 94 96 99 100 
 r: 49 85 3 13 21 31 39 57 67 75 93 
 Total col=49, Total row=11
 bc#: 3216
 c: 6 13 29 34 40 46 51 60 65 66 68 71 80 82 86 88 91 94 96 99 
 r: 49 86 2 3 13 14 20 21 31 32 38 39 50 56 57 67 68 74 75 85 92 93 
 Total col=20, Total row=22
 bc#: 3217
 c: 5 6 8 14 17 22 23 25 28 29 31 34 40 46 60 66 73 79 93 99 
 r: 49 87 3 9 11 13 15 21 27 29 31 33 39 45 47 51 57 63 65 67 69 75 81 83 85 93 99 
 Total col=20, Total row=27
 bc#: 3218
 c: 2 10 13 19 36 39 42 45 48 51 53 54 56 59 62 65 68 71 74 76 80 82 85 86 88 91 94 96 100 
 r: 49 88 3 10 12 13 16 21 28 30 31 34 39 46 48 52 57 64 66 67 70 75 82 84 85 93 100 
 Total col=29, Total row=27
 bc#: 3219
 c: 2 5 6 8 14 17 22 28 34 36 39 40 42 45 46 48 51 54 60 66 76 82 88 93 94 96 99 100 
 r: 49 89 3 7 13 17 21 25 31 35 39 43 53 57 61 67 71 75 79 85 93 97 
 Total col=28, Total row=22
 bc#: 3220
 c: 10 13 19 22 25 28 31 42 45 48 51 53 54 56 60 65 66 73 76 79 82 85 88 91 93 94 
 r: 49 90 3 8 13 18 21 26 31 36 39 44 54 57 62 67 72 75 80 85 93 98 
 Total col=26, Total row=22
 bc#: 3221
 c: 2 8 10 14 17 19 22 25 28 31 39 45 46 53 59 60 62 65 66 68 71 73 74 76 79 80 86 94 100 
 r: 49 91 3 13 19 21 31 37 39 55 57 67 73 75 85 93 
 Total col=29, Total row=16
 bc#: 3222
 c: 6 13 29 34 40 46 51 60 65 66 68 71 80 82 86 88 91 94 96 99 
 r: 49 92 2 3 13 14 20 21 31 32 38 39 50 56 57 67 68 74 75 85 86 93 
 Total col=20, Total row=22
 bc#: 3223
 c: 2 5 6 8 10 13 14 17 19 22 23 25 28 29 31 34 36 39 40 42 45 46 48 51 53 54 56 59 60 62 65 66 68 71 73 74 76 79 80 82 85 86 88 91 93 94 96 99 100 
 r: 49 93 3 13 21 31 39 57 67 75 85 
 Total col=49, Total row=11
 bc#: 3224
 c: 2 10 14 19 29 31 40 42 46 48 51 53 60 65 66 68 71 74 76 79 85 86 88 91 93 94 96 99 
 r: 49 94 3 4 13 21 22 31 39 40 57 58 67 75 76 85 93 
 Total col=28, Total row=17
 bc#: 3225
 c: 5 6 8 13 17 22 23 25 28 34 36 39 45 54 56 59 62 73 80 82 100 
 r: 49 95 3 5 13 21 23 31 39 41 57 59 67 75 77 85 93 
 Total col=21, Total row=17
 bc#: 3226
 c: 10 19 29 31 40 42 46 48 51 53 54 59 60 62 65 68 71 73 76 79 82 86 93 
 r: 49 96 3 6 13 21 24 31 39 42 57 60 67 75 78 85 93 
 Total col=23, Total row=17
 bc#: 3227
 c: 2 5 6 8 14 17 22 28 34 36 39 40 42 45 46 48 51 54 60 66 76 82 88 93 94 96 99 100 
 r: 49 97 3 7 13 17 21 25 31 35 39 43 53 57 61 67 71 75 79 85 89 93 
 Total col=28, Total row=22
 bc#: 3228
 c: 10 13 19 22 25 28 31 42 45 48 51 53 54 56 60 65 66 73 76 79 82 85 88 91 93 94 
 r: 49 98 3 8 13 18 21 26 31 36 39 44 54 57 62 67 72 75 80 85 90 93 
 Total col=26, Total row=22
 bc#: 3229
 c: 5 6 8 14 17 22 23 25 28 29 31 34 40 46 60 66 73 79 93 99 
 r: 49 99 3 9 11 13 15 21 27 29 31 33 39 45 47 51 57 63 65 67 69 75 81 83 85 87 93 
 Total col=20, Total row=27
 bc#: 3230
 c: 2 10 13 19 36 39 42 45 48 51 53 54 56 59 62 65 68 71 74 76 80 82 85 86 88 91 94 96 100 
 r: 49 100 3 10 12 13 16 21 28 30 31 34 39 46 48 52 57 64 66 67 70 75 82 84 85 88 93 
 Total col=29, Total row=27
 bc#: 3231
 c: 3 6 11 20 29 34 35 37 40 41 46 47 49 52 55 58 60 63 66 72 75 78 99 
 r: 50 51 2 9 11 14 15 20 27 29 32 33 38 45 47 56 63 65 68 69 74 81 83 86 87 92 99 
 Total col=23, Total row=27
 bc#: 3232
 c: 1 4 9 13 15 16 18 21 24 26 27 32 44 51 57 65 68 71 77 80 82 83 86 88 89 91 94 96 97 
 r: 50 52 2 10 12 14 16 20 28 30 32 34 38 46 48 56 64 66 68 70 74 82 84 86 88 92 100 
 Total col=29, Total row=27
 bc#: 3233
 c: 4 6 11 20 21 24 27 34 40 46 51 52 57 58 60 63 66 72 75 78 82 88 94 96 99 
 r: 50 53 2 7 14 17 20 25 32 35 38 43 56 61 68 71 74 79 86 89 92 97 
 Total col=25, Total row=22
 bc#: 3234
 c: 1 4 9 13 15 16 18 27 32 35 37 41 47 51 57 60 63 65 66 75 82 88 91 94 97 
 r: 50 54 2 8 14 18 20 26 32 36 38 44 56 62 68 72 74 80 86 90 92 98 
 Total col=25, Total row=22
 bc#: 3235
 c: 4 11 16 26 32 35 41 46 49 52 55 58 60 65 66 68 71 80 86 89 94 97 
 r: 50 55 2 14 19 20 32 37 38 56 68 73 74 86 91 92 
 Total col=22, Total row=16
 bc#: 3236
 c: 6 13 29 34 40 46 51 60 65 66 68 71 80 82 86 88 91 94 96 99 
 r: 50 57 2 3 13 14 20 21 31 32 38 39 49 56 67 68 74 75 85 86 92 93 
 Total col=20, Total row=22
 bc#: 3237
 c: 3 6 11 13 15 20 34 41 44 47 52 72 75 78 80 82 89 97 
 r: 50 59 2 5 14 20 23 32 38 41 56 68 74 77 86 92 95 
 Total col=18, Total row=17
 bc#: 3238
 c: 1 3 4 9 15 16 18 21 24 26 27 29 32 35 37 40 46 49 51 57 60 65 68 71 75 82 86 97 
 r: 50 60 2 6 14 20 24 32 38 42 56 68 74 78 86 92 96 
 Total col=28, Total row=17
 bc#: 3239
 c: 4 6 11 20 21 24 27 34 40 46 51 52 57 58 60 63 66 72 75 78 82 88 94 96 99 
 r: 50 61 2 7 14 17 20 25 32 35 38 43 53 56 68 71 74 79 86 89 92 97 
 Total col=25, Total row=22
 bc#: 3240
 c: 1 4 9 13 15 16 18 27 32 35 37 41 47 51 57 60 63 65 66 75 82 88 91 94 97 
 r: 50 62 2 8 14 18 20 26 32 36 38 44 54 56 68 72 74 80 86 90 92 98 
 Total col=25, Total row=22
 bc#: 3241
 c: 3 6 11 20 29 34 35 37 40 41 46 47 49 52 55 58 60 63 66 72 75 78 99 
 r: 50 63 2 9 11 14 15 20 27 29 32 33 38 45 47 51 56 65 68 69 74 81 83 86 87 92 99 
 Total col=23, Total row=27
 bc#: 3242
 c: 1 4 9 13 15 16 18 21 24 26 27 32 44 51 57 65 68 71 77 80 82 83 86 88 89 91 94 96 97 
 r: 50 64 2 10 12 14 16 20 28 30 32 34 38 46 48 52 56 66 68 70 74 82 84 86 88 92 100 
 Total col=29, Total row=27
 bc#: 3243
 c: 3 6 11 20 29 34 35 37 40 41 46 47 49 52 55 58 60 63 66 72 75 78 99 
 r: 50 65 2 9 11 14 15 20 27 29 32 33 38 45 47 51 56 63 68 69 74 81 83 86 87 92 99 
 Total col=23, Total row=27
 bc#: 3244
 c: 1 4 9 13 15 16 18 21 24 26 27 32 44 51 57 65 68 71 77 80 82 83 86 88 89 91 94 96 97 
 r: 50 66 2 10 12 14 16 20 28 30 32 34 38 46 48 52 56 64 68 70 74 82 84 86 88 92 100 
 Total col=29, Total row=27
 bc#: 3245
 c: 6 13 29 34 40 46 51 60 65 66 68 71 80 82 86 88 91 94 96 99 
 r: 50 67 2 3 13 14 20 21 31 32 38 39 49 56 57 68 74 75 85 86 92 93 
 Total col=20, Total row=22
 bc#: 3246
 c: 3 6 11 20 29 34 35 37 40 41 46 47 49 52 55 58 60 63 66 72 75 78 99 
 r: 50 69 2 9 11 14 15 20 27 29 32 33 38 45 47 51 56 63 65 68 74 81 83 86 87 92 99 
 Total col=23, Total row=27
 bc#: 3247
 c: 1 4 9 13 15 16 18 21 24 26 27 32 44 51 57 65 68 71 77 80 82 83 86 88 89 91 94 96 97 
 r: 50 70 2 10 12 14 16 20 28 30 32 34 38 46 48 52 56 64 66 68 74 82 84 86 88 92 100 
 Total col=29, Total row=27
 bc#: 3248
 c: 4 6 11 20 21 24 27 34 40 46 51 52 57 58 60 63 66 72 75 78 82 88 94 96 99 
 r: 50 71 2 7 14 17 20 25 32 35 38 43 53 56 61 68 74 79 86 89 92 97 
 Total col=25, Total row=22
 bc#: 3249
 c: 1 4 9 13 15 16 18 27 32 35 37 41 47 51 57 60 63 65 66 75 82 88 91 94 97 
 r: 50 72 2 8 14 18 20 26 32 36 38 44 54 56 62 68 74 80 86 90 92 98 
 Total col=25, Total row=22
 bc#: 3250
 c: 4 11 16 26 32 35 41 46 49 52 55 58 60 65 66 68 71 80 86 89 94 97 
 r: 50 73 2 14 19 20 32 37 38 55 56 68 74 86 91 92 
 Total col=22, Total row=16
 bc#: 3251
 c: 6 13 29 34 40 46 51 60 65 66 68 71 80 82 86 88 91 94 96 99 
 r: 50 75 2 3 13 14 20 21 31 32 38 39 49 56 57 67 68 74 85 86 92 93 
 Total col=20, Total row=22
 bc#: 3252
 c: 3 6 11 13 15 20 34 41 44 47 52 72 75 78 80 82 89 97 
 r: 50 77 2 5 14 20 23 32 38 41 56 59 68 74 86 92 95 
 Total col=18, Total row=17
 bc#: 3253
 c: 1 3 4 9 15 16 18 21 24 26 27 29 32 35 37 40 46 49 51 57 60 65 68 71 75 82 86 97 
 r: 50 78 2 6 14 20 24 32 38 42 56 60 68 74 86 92 96 
 Total col=28, Total row=17
 bc#: 3254
 c: 4 6 11 20 21 24 27 34 40 46 51 52 57 58 60 63 66 72 75 78 82 88 94 96 99 
 r: 50 79 2 7 14 17 20 25 32 35 38 43 53 56 61 68 71 74 86 89 92 97 
 Total col=25, Total row=22
 bc#: 3255
 c: 1 4 9 13 15 16 18 27 32 35 37 41 47 51 57 60 63 65 66 75 82 88 91 94 97 
 r: 50 80 2 8 14 18 20 26 32 36 38 44 54 56 62 68 72 74 86 90 92 98 
 Total col=25, Total row=22
 bc#: 3256
 c: 3 6 11 20 29 34 35 37 40 41 46 47 49 52 55 58 60 63 66 72 75 78 99 
 r: 50 81 2 9 11 14 15 20 27 29 32 33 38 45 47 51 56 63 65 68 69 74 83 86 87 92 99 
 Total col=23, Total row=27
 bc#: 3257
 c: 1 4 9 13 15 16 18 21 24 26 27 32 44 51 57 65 68 71 77 80 82 83 86 88 89 91 94 96 97 
 r: 50 82 2 10 12 14 16 20 28 30 32 34 38 46 48 52 56 64 66 68 70 74 84 86 88 92 100 
 Total col=29, Total row=27
 bc#: 3258
 c: 3 6 11 20 29 34 35 37 40 41 46 47 49 52 55 58 60 63 66 72 75 78 99 
 r: 50 83 2 9 11 14 15 20 27 29 32 33 38 45 47 51 56 63 65 68 69 74 81 86 87 92 99 
 Total col=23, Total row=27
 bc#: 3259
 c: 1 4 9 13 15 16 18 21 24 26 27 32 44 51 57 65 68 71 77 80 82 83 86 88 89 91 94 96 97 
 r: 50 84 2 10 12 14 16 20 28 30 32 34 38 46 48 52 56 64 66 68 70 74 82 86 88 92 100 
 Total col=29, Total row=27
 bc#: 3260
 c: 6 13 29 34 40 46 51 60 65 66 68 71 80 82 86 88 91 94 96 99 
 r: 50 85 2 3 13 14 20 21 31 32 38 39 49 56 57 67 68 74 75 86 92 93 
 Total col=20, Total row=22
 bc#: 3261
 c: 3 6 11 20 29 34 35 37 40 41 46 47 49 52 55 58 60 63 66 72 75 78 99 
 r: 50 87 2 9 11 14 15 20 27 29 32 33 38 45 47 51 56 63 65 68 69 74 81 83 86 92 99 
 Total col=23, Total row=27
 bc#: 3262
 c: 1 4 9 13 15 16 18 21 24 26 27 32 44 51 57 65 68 71 77 80 82 83 86 88 89 91 94 96 97 
 r: 50 88 2 10 12 14 16 20 28 30 32 34 38 46 48 52 56 64 66 68 70 74 82 84 86 92 100 
 Total col=29, Total row=27
 bc#: 3263
 c: 4 6 11 20 21 24 27 34 40 46 51 52 57 58 60 63 66 72 75 78 82 88 94 96 99 
 r: 50 89 2 7 14 17 20 25 32 35 38 43 53 56 61 68 71 74 79 86 92 97 
 Total col=25, Total row=22
 bc#: 3264
 c: 1 4 9 13 15 16 18 27 32 35 37 41 47 51 57 60 63 65 66 75 82 88 91 94 97 
 r: 50 90 2 8 14 18 20 26 32 36 38 44 54 56 62 68 72 74 80 86 92 98 
 Total col=25, Total row=22
 bc#: 3265
 c: 4 11 16 26 32 35 41 46 49 52 55 58 60 65 66 68 71 80 86 89 94 97 
 r: 50 91 2 14 19 20 32 37 38 55 56 68 73 74 86 92 
 Total col=22, Total row=16
 bc#: 3266
 c: 6 13 29 34 40 46 51 60 65 66 68 71 80 82 86 88 91 94 96 99 
 r: 50 93 2 3 13 14 20 21 31 32 38 39 49 56 57 67 68 74 75 85 86 92 
 Total col=20, Total row=22
 bc#: 3267
 c: 3 6 11 13 15 20 34 41 44 47 52 72 75 78 80 82 89 97 
 r: 50 95 2 5 14 20 23 32 38 41 56 59 68 74 77 86 92 
 Total col=18, Total row=17
 bc#: 3268
 c: 1 3 4 9 15 16 18 21 24 26 27 29 32 35 37 40 46 49 51 57 60 65 68 71 75 82 86 97 
 r: 50 96 2 6 14 20 24 32 38 42 56 60 68 74 78 86 92 
 Total col=28, Total row=17
 bc#: 3269
 c: 4 6 11 20 21 24 27 34 40 46 51 52 57 58 60 63 66 72 75 78 82 88 94 96 99 
 r: 50 97 2 7 14 17 20 25 32 35 38 43 53 56 61 68 71 74 79 86 89 92 
 Total col=25, Total row=22
 bc#: 3270
 c: 1 4 9 13 15 16 18 27 32 35 37 41 47 51 57 60 63 65 66 75 82 88 91 94 97 
 r: 50 98 2 8 14 18 20 26 32 36 38 44 54 56 62 68 72 74 80 86 90 92 
 Total col=25, Total row=22
 bc#: 3271
 c: 3 6 11 20 29 34 35 37 40 41 46 47 49 52 55 58 60 63 66 72 75 78 99 
 r: 50 99 2 9 11 14 15 20 27 29 32 33 38 45 47 51 56 63 65 68 69 74 81 83 86 87 92 
 Total col=23, Total row=27
 bc#: 3272
 c: 1 4 9 13 15 16 18 21 24 26 27 32 44 51 57 65 68 71 77 80 82 83 86 88 89 91 94 96 97 
 r: 50 100 2 10 12 14 16 20 28 30 32 34 38 46 48 52 56 64 66 68 70 74 82 84 86 88 92 
 Total col=29, Total row=27
 bc#: 3273
 c: 5 6 8 11 12 14 17 20 22 28 34 40 46 52 58 60 63 66 69 72 75 78 81 84 87 90 93 99 
 r: 51 53 7 9 11 15 17 25 27 29 33 35 43 45 47 61 63 65 69 71 79 81 83 87 89 97 99 
 Total col=28, Total row=27
 bc#: 3274
 c: 22 25 28 31 35 37 41 47 60 63 66 69 73 75 79 81 84 93 98 
 r: 51 54 8 9 11 15 18 26 27 29 33 36 44 45 47 62 63 65 69 72 80 81 83 87 90 98 99 
 Total col=19, Total row=27
 bc#: 3275
 c: 8 11 14 17 22 25 28 31 35 41 43 46 49 52 55 58 60 66 73 79 81 84 87 92 95 
 r: 51 55 9 11 15 19 27 29 33 37 45 47 63 65 69 73 81 83 87 91 99 
 Total col=25, Total row=21
 bc#: 3276
 c: 3 6 11 20 29 34 35 37 40 41 46 47 49 52 55 58 60 63 66 72 75 78 99 
 r: 51 56 2 9 11 14 15 20 27 29 32 33 38 45 47 50 63 65 68 69 74 81 83 86 87 92 99 
 Total col=23, Total row=27
 bc#: 3277
 c: 5 6 8 14 17 22 23 25 28 29 31 34 40 46 60 66 73 79 93 99 
 r: 51 57 3 9 11 13 15 21 27 29 31 33 39 45 47 49 63 65 67 69 75 81 83 85 87 93 99 
 Total col=20, Total row=27
 bc#: 3278
 c: 12 14 29 31 35 37 40 43 46 49 55 58 60 63 66 79 81 93 98 99 
 r: 51 58 4 9 11 15 22 27 29 33 40 45 47 63 65 69 76 81 83 87 94 99 
 Total col=20, Total row=22
 bc#: 3279
 c: 3 5 6 8 11 17 20 22 23 25 28 34 41 47 52 61 67 69 72 73 75 78 84 87 90 92 95 
 r: 51 59 5 9 11 15 23 27 29 33 41 45 47 63 65 69 77 81 83 87 95 99 
 Total col=27, Total row=22
 bc#: 3280
 c: 3 12 29 31 35 37 40 43 46 49 60 73 75 79 81 84 87 90 92 93 95 98 
 r: 51 60 6 9 11 15 24 27 29 33 42 45 47 63 65 69 78 81 83 87 96 99 
 Total col=22, Total row=22
 bc#: 3281
 c: 5 6 8 11 12 14 17 20 22 28 34 40 46 52 58 60 63 66 69 72 75 78 81 84 87 90 93 99 
 r: 51 61 7 9 11 15 17 25 27 29 33 35 43 45 47 53 63 65 69 71 79 81 83 87 89 97 99 
 Total col=28, Total row=27
 bc#: 3282
 c: 22 25 28 31 35 37 41 47 60 63 66 69 73 75 79 81 84 93 98 
 r: 51 62 8 9 11 15 18 26 27 29 33 36 44 45 47 54 63 65 69 72 80 81 83 87 90 98 99 
 Total col=19, Total row=27
 bc#: 3283
 c: 5 6 8 14 17 22 23 25 28 29 31 34 40 46 60 66 73 79 93 99 
 r: 51 67 3 9 11 13 15 21 27 29 31 33 39 45 47 49 57 63 65 69 75 81 83 85 87 93 99 
 Total col=20, Total row=27
 bc#: 3284
 c: 3 6 11 20 29 34 35 37 40 41 46 47 49 52 55 58 60 63 66 72 75 78 99 
 r: 51 68 2 9 11 14 15 20 27 29 32 33 38 45 47 50 56 63 65 69 74 81 83 86 87 92 99 
 Total col=23, Total row=27
 bc#: 3285
 c: 5 6 8 11 12 14 17 20 22 28 34 40 46 52 58 60 63 66 69 72 75 78 81 84 87 90 93 99 
 r: 51 71 7 9 11 15 17 25 27 29 33 35 43 45 47 53 61 63 65 69 79 81 83 87 89 97 99 
 Total col=28, Total row=27
 bc#: 3286
 c: 22 25 28 31 35 37 41 47 60 63 66 69 73 75 79 81 84 93 98 
 r: 51 72 8 9 11 15 18 26 27 29 33 36 44 45 47 54 62 63 65 69 80 81 83 87 90 98 99 
 Total col=19, Total row=27
 bc#: 3287
 c: 8 11 14 17 22 25 28 31 35 41 43 46 49 52 55 58 60 66 73 79 81 84 87 92 95 
 r: 51 73 9 11 15 19 27 29 33 37 45 47 55 63 65 69 81 83 87 91 99 
 Total col=25, Total row=21
 bc#: 3288
 c: 3 6 11 20 29 34 35 37 40 41 46 47 49 52 55 58 60 63 66 72 75 78 99 
 r: 51 74 2 9 11 14 15 20 27 29 32 33 38 45 47 50 56 63 65 68 69 81 83 86 87 92 99 
 Total col=23, Total row=27
 bc#: 3289
 c: 5 6 8 14 17 22 23 25 28 29 31 34 40 46 60 66 73 79 93 99 
 r: 51 75 3 9 11 13 15 21 27 29 31 33 39 45 47 49 57 63 65 67 69 81 83 85 87 93 99 
 Total col=20, Total row=27
 bc#: 3290
 c: 12 14 29 31 35 37 40 43 46 49 55 58 60 63 66 79 81 93 98 99 
 r: 51 76 4 9 11 15 22 27 29 33 40 45 47 58 63 65 69 81 83 87 94 99 
 Total col=20, Total row=22
 bc#: 3291
 c: 3 5 6 8 11 17 20 22 23 25 28 34 41 47 52 61 67 69 72 73 75 78 84 87 90 92 95 
 r: 51 77 5 9 11 15 23 27 29 33 41 45 47 59 63 65 69 81 83 87 95 99 
 Total col=27, Total row=22
 bc#: 3292
 c: 3 12 29 31 35 37 40 43 46 49 60 73 75 79 81 84 87 90 92 93 95 98 
 r: 51 78 6 9 11 15 24 27 29 33 42 45 47 60 63 65 69 81 83 87 96 99 
 Total col=22, Total row=22
 bc#: 3293
 c: 5 6 8 11 12 14 17 20 22 28 34 40 46 52 58 60 63 66 69 72 75 78 81 84 87 90 93 99 
 r: 51 79 7 9 11 15 17 25 27 29 33 35 43 45 47 53 61 63 65 69 71 81 83 87 89 97 99 
 Total col=28, Total row=27
 bc#: 3294
 c: 22 25 28 31 35 37 41 47 60 63 66 69 73 75 79 81 84 93 98 
 r: 51 80 8 9 11 15 18 26 27 29 33 36 44 45 47 54 62 63 65 69 72 81 83 87 90 98 99 
 Total col=19, Total row=27
 bc#: 3295
 c: 5 6 8 14 17 22 23 25 28 29 31 34 40 46 60 66 73 79 93 99 
 r: 51 85 3 9 11 13 15 21 27 29 31 33 39 45 47 49 57 63 65 67 69 75 81 83 87 93 99 
 Total col=20, Total row=27
 bc#: 3296
 c: 3 6 11 20 29 34 35 37 40 41 46 47 49 52 55 58 60 63 66 72 75 78 99 
 r: 51 86 2 9 11 14 15 20 27 29 32 33 38 45 47 50 56 63 65 68 69 74 81 83 87 92 99 
 Total col=23, Total row=27
 bc#: 3297
 c: 5 6 8 11 12 14 17 20 22 28 34 40 46 52 58 60 63 66 69 72 75 78 81 84 87 90 93 99 
 r: 51 89 7 9 11 15 17 25 27 29 33 35 43 45 47 53 61 63 65 69 71 79 81 83 87 97 99 
 Total col=28, Total row=27
 bc#: 3298
 c: 22 25 28 31 35 37 41 47 60 63 66 69 73 75 79 81 84 93 98 
 r: 51 90 8 9 11 15 18 26 27 29 33 36 44 45 47 54 62 63 65 69 72 80 81 83 87 98 99 
 Total col=19, Total row=27
 bc#: 3299
 c: 8 11 14 17 22 25 28 31 35 41 43 46 49 52 55 58 60 66 73 79 81 84 87 92 95 
 r: 51 91 9 11 15 19 27 29 33 37 45 47 55 63 65 69 73 81 83 87 99 
 Total col=25, Total row=21
 bc#: 3300
 c: 3 6 11 20 29 34 35 37 40 41 46 47 49 52 55 58 60 63 66 72 75 78 99 
 r: 51 92 2 9 11 14 15 20 27 29 32 33 38 45 47 50 56 63 65 68 69 74 81 83 86 87 99 
 Total col=23, Total row=27
 bc#: 3301
 c: 5 6 8 14 17 22 23 25 28 29 31 34 40 46 60 66 73 79 93 99 
 r: 51 93 3 9 11 13 15 21 27 29 31 33 39 45 47 49 57 63 65 67 69 75 81 83 85 87 99 
 Total col=20, Total row=27
 bc#: 3302
 c: 12 14 29 31 35 37 40 43 46 49 55 58 60 63 66 79 81 93 98 99 
 r: 51 94 4 9 11 15 22 27 29 33 40 45 47 58 63 65 69 76 81 83 87 99 
 Total col=20, Total row=22
 bc#: 3303
 c: 3 5 6 8 11 17 20 22 23 25 28 34 41 47 52 61 67 69 72 73 75 78 84 87 90 92 95 
 r: 51 95 5 9 11 15 23 27 29 33 41 45 47 59 63 65 69 77 81 83 87 99 
 Total col=27, Total row=22
 bc#: 3304
 c: 3 12 29 31 35 37 40 43 46 49 60 73 75 79 81 84 87 90 92 93 95 98 
 r: 51 96 6 9 11 15 24 27 29 33 42 45 47 60 63 65 69 78 81 83 87 99 
 Total col=22, Total row=22
 bc#: 3305
 c: 5 6 8 11 12 14 17 20 22 28 34 40 46 52 58 60 63 66 69 72 75 78 81 84 87 90 93 99 
 r: 51 97 7 9 11 15 17 25 27 29 33 35 43 45 47 53 61 63 65 69 71 79 81 83 87 89 99 
 Total col=28, Total row=27
 bc#: 3306
 c: 22 25 28 31 35 37 41 47 60 63 66 69 73 75 79 81 84 93 98 
 r: 51 98 8 9 11 15 18 26 27 29 33 36 44 45 47 54 62 63 65 69 72 80 81 83 87 90 99 
 Total col=19, Total row=27
 bc#: 3307
 c: 2 4 21 24 27 30 33 36 39 42 45 48 51 54 57 64 70 76 82 88 94 96 100 
 r: 52 53 7 10 12 16 17 25 28 30 34 35 43 46 48 61 64 66 70 71 79 82 84 88 89 97 100 
 Total col=23, Total row=27
 bc#: 3308
 c: 1 4 7 9 10 13 15 16 18 19 27 32 38 42 45 48 51 53 54 56 57 65 70 76 82 85 88 91 94 97 
 r: 52 54 8 10 12 16 18 26 28 30 34 36 44 46 48 62 64 66 70 72 80 82 84 88 90 98 100 
 Total col=30, Total row=27
 bc#: 3309
 c: 2 4 7 10 16 19 26 30 32 38 39 45 53 59 62 65 68 71 74 76 80 86 89 94 97 100 
 r: 52 55 10 12 16 19 28 30 34 37 46 48 64 66 70 73 82 84 88 91 100 
 Total col=26, Total row=21
 bc#: 3310
 c: 1 4 9 13 15 16 18 21 24 26 27 32 44 51 57 65 68 71 77 80 82 83 86 88 89 91 94 96 97 
 r: 52 56 2 10 12 14 16 20 28 30 32 34 38 46 48 50 64 66 68 70 74 82 84 86 88 92 100 
 Total col=29, Total row=27
 bc#: 3311
 c: 2 10 13 19 36 39 42 45 48 51 53 54 56 59 62 65 68 71 74 76 80 82 85 86 88 91 94 96 100 
 r: 52 57 3 10 12 13 16 21 28 30 31 34 39 46 48 49 64 66 67 70 75 82 84 85 88 93 100 
 Total col=29, Total row=27
 bc#: 3312
 c: 13 15 30 33 36 39 44 45 50 54 56 59 62 64 80 82 89 97 100 
 r: 52 59 5 10 12 16 23 28 30 34 41 46 48 64 66 70 77 82 84 88 95 100 
 Total col=19, Total row=22
 bc#: 3313
 c: 1 4 7 9 10 15 16 18 19 21 24 26 27 32 38 42 48 51 53 54 57 59 62 64 65 68 70 71 76 82 86 97 
 r: 52 60 6 10 12 16 24 28 30 34 42 46 48 64 66 70 78 82 84 88 96 100 
 Total col=32, Total row=22
 bc#: 3314
 c: 2 4 21 24 27 30 33 36 39 42 45 48 51 54 57 64 70 76 82 88 94 96 100 
 r: 52 61 7 10 12 16 17 25 28 30 34 35 43 46 48 53 64 66 70 71 79 82 84 88 89 97 100 
 Total col=23, Total row=27
 bc#: 3315
 c: 1 4 7 9 10 13 15 16 18 19 27 32 38 42 45 48 51 53 54 56 57 65 70 76 82 85 88 91 94 97 
 r: 52 62 8 10 12 16 18 26 28 30 34 36 44 46 48 54 64 66 70 72 80 82 84 88 90 98 100 
 Total col=30, Total row=27
 bc#: 3316
 c: 1 2 4 7 9 10 13 15 16 18 19 21 24 26 27 30 32 33 36 38 39 42 44 45 48 50 51 53 54 56 57 59 62 64 65 68 70 71 74 76 77 80 82 83 85 86 88 89 91 94 96 97 100 
 r: 52 64 10 12 16 28 30 34 46 48 66 70 82 84 88 100 
 Total col=53, Total row=16
 bc#: 3317
 c: 1 2 4 7 9 10 13 15 16 18 19 21 24 26 27 30 32 33 36 38 39 42 44 45 48 50 51 53 54 56 57 59 62 64 65 68 70 71 74 76 77 80 82 83 85 86 88 89 91 94 96 97 100 
 r: 52 66 10 12 16 28 30 34 46 48 64 70 82 84 88 100 
 Total col=53, Total row=16
 bc#: 3318
 c: 2 10 13 19 36 39 42 45 48 51 53 54 56 59 62 65 68 71 74 76 80 82 85 86 88 91 94 96 100 
 r: 52 67 3 10 12 13 16 21 28 30 31 34 39 46 48 49 57 64 66 70 75 82 84 85 88 93 100 
 Total col=29, Total row=27
 bc#: 3319
 c: 1 4 9 13 15 16 18 21 24 26 27 32 44 51 57 65 68 71 77 80 82 83 86 88 89 91 94 96 97 
 r: 52 68 2 10 12 14 16 20 28 30 32 34 38 46 48 50 56 64 66 70 74 82 84 86 88 92 100 
 Total col=29, Total row=27
 bc#: 3320
 c: 1 2 4 7 9 10 13 15 16 18 19 21 24 26 27 30 32 33 36 38 39 42 44 45 48 50 51 53 54 56 57 59 62 64 65 68 70 71 74 76 77 80 82 83 85 86 88 89 91 94 96 97 100 
 r: 52 70 10 12 16 28 30 34 46 48 64 66 82 84 88 100 
 Total col=53, Total row=16
 bc#: 3321
 c: 2 4 21 24 27 30 33 36 39 42 45 48 51 54 57 64 70 76 82 88 94 96 100 
 r: 52 71 7 10 12 16 17 25 28 30 34 35 43 46 48 53 61 64 66 70 79 82 84 88 89 97 100 
 Total col=23, Total row=27
 bc#: 3322
 c: 1 4 7 9 10 13 15 16 18 19 27 32 38 42 45 48 51 53 54 56 57 65 70 76 82 85 88 91 94 97 
 r: 52 72 8 10 12 16 18 26 28 30 34 36 44 46 48 54 62 64 66 70 80 82 84 88 90 98 100 
 Total col=30, Total row=27
 bc#: 3323
 c: 2 4 7 10 16 19 26 30 32 38 39 45 53 59 62 65 68 71 74 76 80 86 89 94 97 100 
 r: 52 73 10 12 16 19 28 30 34 37 46 48 55 64 66 70 82 84 88 91 100 
 Total col=26, Total row=21
 bc#: 3324
 c: 1 4 9 13 15 16 18 21 24 26 27 32 44 51 57 65 68 71 77 80 82 83 86 88 89 91 94 96 97 
 r: 52 74 2 10 12 14 16 20 28 30 32 34 38 46 48 50 56 64 66 68 70 82 84 86 88 92 100 
 Total col=29, Total row=27
 bc#: 3325
 c: 2 10 13 19 36 39 42 45 48 51 53 54 56 59 62 65 68 71 74 76 80 82 85 86 88 91 94 96 100 
 r: 52 75 3 10 12 13 16 21 28 30 31 34 39 46 48 49 57 64 66 67 70 82 84 85 88 93 100 
 Total col=29, Total row=27
 bc#: 3326
 c: 13 15 30 33 36 39 44 45 50 54 56 59 62 64 80 82 89 97 100 
 r: 52 77 5 10 12 16 23 28 30 34 41 46 48 59 64 66 70 82 84 88 95 100 
 Total col=19, Total row=22
 bc#: 3327
 c: 1 4 7 9 10 15 16 18 19 21 24 26 27 32 38 42 48 51 53 54 57 59 62 64 65 68 70 71 76 82 86 97 
 r: 52 78 6 10 12 16 24 28 30 34 42 46 48 60 64 66 70 82 84 88 96 100 
 Total col=32, Total row=22
 bc#: 3328
 c: 2 4 21 24 27 30 33 36 39 42 45 48 51 54 57 64 70 76 82 88 94 96 100 
 r: 52 79 7 10 12 16 17 25 28 30 34 35 43 46 48 53 61 64 66 70 71 82 84 88 89 97 100 
 Total col=23, Total row=27
 bc#: 3329
 c: 1 4 7 9 10 13 15 16 18 19 27 32 38 42 45 48 51 53 54 56 57 65 70 76 82 85 88 91 94 97 
 r: 52 80 8 10 12 16 18 26 28 30 34 36 44 46 48 54 62 64 66 70 72 82 84 88 90 98 100 
 Total col=30, Total row=27
 bc#: 3330
 c: 1 2 4 7 9 10 13 15 16 18 19 21 24 26 27 30 32 33 36 38 39 42 44 45 48 50 51 53 54 56 57 59 62 64 65 68 70 71 74 76 77 80 82 83 85 86 88 89 91 94 96 97 100 
 r: 52 82 10 12 16 28 30 34 46 48 64 66 70 84 88 100 
 Total col=53, Total row=16
 bc#: 3331
 c: 1 2 4 7 9 10 13 15 16 18 19 21 24 26 27 30 32 33 36 38 39 42 44 45 48 50 51 53 54 56 57 59 62 64 65 68 70 71 74 76 77 80 82 83 85 86 88 89 91 94 96 97 100 
 r: 52 84 10 12 16 28 30 34 46 48 64 66 70 82 88 100 
 Total col=53, Total row=16
 bc#: 3332
 c: 2 10 13 19 36 39 42 45 48 51 53 54 56 59 62 65 68 71 74 76 80 82 85 86 88 91 94 96 100 
 r: 52 85 3 10 12 13 16 21 28 30 31 34 39 46 48 49 57 64 66 67 70 75 82 84 88 93 100 
 Total col=29, Total row=27
 bc#: 3333
 c: 1 4 9 13 15 16 18 21 24 26 27 32 44 51 57 65 68 71 77 80 82 83 86 88 89 91 94 96 97 
 r: 52 86 2 10 12 14 16 20 28 30 32 34 38 46 48 50 56 64 66 68 70 74 82 84 88 92 100 
 Total col=29, Total row=27
 bc#: 3334
 c: 1 2 4 7 9 10 13 15 16 18 19 21 24 26 27 30 32 33 36 38 39 42 44 45 48 50 51 53 54 56 57 59 62 64 65 68 70 71 74 76 77 80 82 83 85 86 88 89 91 94 96 97 100 
 r: 52 88 10 12 16 28 30 34 46 48 64 66 70 82 84 100 
 Total col=53, Total row=16
 bc#: 3335
 c: 2 4 21 24 27 30 33 36 39 42 45 48 51 54 57 64 70 76 82 88 94 96 100 
 r: 52 89 7 10 12 16 17 25 28 30 34 35 43 46 48 53 61 64 66 70 71 79 82 84 88 97 100 
 Total col=23, Total row=27
 bc#: 3336
 c: 1 4 7 9 10 13 15 16 18 19 27 32 38 42 45 48 51 53 54 56 57 65 70 76 82 85 88 91 94 97 
 r: 52 90 8 10 12 16 18 26 28 30 34 36 44 46 48 54 62 64 66 70 72 80 82 84 88 98 100 
 Total col=30, Total row=27
 bc#: 3337
 c: 2 4 7 10 16 19 26 30 32 38 39 45 53 59 62 65 68 71 74 76 80 86 89 94 97 100 
 r: 52 91 10 12 16 19 28 30 34 37 46 48 55 64 66 70 73 82 84 88 100 
 Total col=26, Total row=21
 bc#: 3338
 c: 1 4 9 13 15 16 18 21 24 26 27 32 44 51 57 65 68 71 77 80 82 83 86 88 89 91 94 96 97 
 r: 52 92 2 10 12 14 16 20 28 30 32 34 38 46 48 50 56 64 66 68 70 74 82 84 86 88 100 
 Total col=29, Total row=27
 bc#: 3339
 c: 2 10 13 19 36 39 42 45 48 51 53 54 56 59 62 65 68 71 74 76 80 82 85 86 88 91 94 96 100 
 r: 52 93 3 10 12 13 16 21 28 30 31 34 39 46 48 49 57 64 66 67 70 75 82 84 85 88 100 
 Total col=29, Total row=27
 bc#: 3340
 c: 13 15 30 33 36 39 44 45 50 54 56 59 62 64 80 82 89 97 100 
 r: 52 95 5 10 12 16 23 28 30 34 41 46 48 59 64 66 70 77 82 84 88 100 
 Total col=19, Total row=22
 bc#: 3341
 c: 1 4 7 9 10 15 16 18 19 21 24 26 27 32 38 42 48 51 53 54 57 59 62 64 65 68 70 71 76 82 86 97 
 r: 52 96 6 10 12 16 24 28 30 34 42 46 48 60 64 66 70 78 82 84 88 100 
 Total col=32, Total row=22
 bc#: 3342
 c: 2 4 21 24 27 30 33 36 39 42 45 48 51 54 57 64 70 76 82 88 94 96 100 
 r: 52 97 7 10 12 16 17 25 28 30 34 35 43 46 48 53 61 64 66 70 71 79 82 84 88 89 100 
 Total col=23, Total row=27
 bc#: 3343
 c: 1 4 7 9 10 13 15 16 18 19 27 32 38 42 45 48 51 53 54 56 57 65 70 76 82 85 88 91 94 97 
 r: 52 98 8 10 12 16 18 26 28 30 34 36 44 46 48 54 62 64 66 70 72 80 82 84 88 90 100 
 Total col=30, Total row=27
 bc#: 3344
 c: 1 2 4 7 9 10 13 15 16 18 19 21 24 26 27 30 32 33 36 38 39 42 44 45 48 50 51 53 54 56 57 59 62 64 65 68 70 71 74 76 77 80 82 83 85 86 88 89 91 94 96 97 100 
 r: 52 100 10 12 16 28 30 34 46 48 64 66 70 82 84 88 
 Total col=53, Total row=16
 bc#: 3345
 c: 2 4 8 11 14 17 22 28 30 39 45 46 52 58 60 66 76 81 84 87 94 100 
 r: 53 55 7 17 19 25 35 37 43 61 71 73 79 89 91 97 
 Total col=22, Total row=16
 bc#: 3346
 c: 4 6 11 20 21 24 27 34 40 46 51 52 57 58 60 63 66 72 75 78 82 88 94 96 99 
 r: 53 56 2 7 14 17 20 25 32 35 38 43 50 61 68 71 74 79 86 89 92 97 
 Total col=25, Total row=22
 bc#: 3347
 c: 2 5 6 8 14 17 22 28 34 36 39 40 42 45 46 48 51 54 60 66 76 82 88 93 94 96 99 100 
 r: 53 57 3 7 13 17 21 25 31 35 39 43 49 61 67 71 75 79 85 89 93 97 
 Total col=28, Total row=22
 bc#: 3348
 c: 2 4 12 14 21 24 27 40 42 46 48 51 57 58 60 63 66 70 76 81 88 93 94 96 99 
 r: 53 58 4 7 17 22 25 35 40 43 61 71 76 79 89 94 97 
 Total col=25, Total row=17
 bc#: 3349
 c: 5 6 8 11 17 20 22 28 30 33 34 36 39 45 52 54 64 69 72 75 78 82 84 87 90 100 
 r: 53 59 5 7 17 23 25 35 41 43 61 71 77 79 89 95 97 
 Total col=26, Total row=17
 bc#: 3350
 c: 4 12 21 24 27 40 42 46 48 51 54 57 60 64 70 75 76 81 82 84 87 90 93 
 r: 53 60 6 7 17 24 25 35 42 43 61 71 78 79 89 96 97 
 Total col=23, Total row=17
 bc#: 3351
 c: 5 6 8 11 12 14 17 20 22 28 34 40 46 52 58 60 63 66 69 72 75 78 81 84 87 90 93 99 
 r: 53 63 7 9 11 15 17 25 27 29 33 35 43 45 47 51 61 65 69 71 79 81 83 87 89 97 99 
 Total col=28, Total row=27
 bc#: 3352
 c: 2 4 21 24 27 30 33 36 39 42 45 48 51 54 57 64 70 76 82 88 94 96 100 
 r: 53 64 7 10 12 16 17 25 28 30 34 35 43 46 48 52 61 66 70 71 79 82 84 88 89 97 100 
 Total col=23, Total row=27
 bc#: 3353
 c: 5 6 8 11 12 14 17 20 22 28 34 40 46 52 58 60 63 66 69 72 75 78 81 84 87 90 93 99 
 r: 53 65 7 9 11 15 17 25 27 29 33 35 43 45 47 51 61 63 69 71 79 81 83 87 89 97 99 
 Total col=28, Total row=27
 bc#: 3354
 c: 2 4 21 24 27 30 33 36 39 42 45 48 51 54 57 64 70 76 82 88 94 96 100 
 r: 53 66 7 10 12 16 17 25 28 30 34 35 43 46 48 52 61 64 70 71 79 82 84 88 89 97 100 
 Total col=23, Total row=27
 bc#: 3355
 c: 2 5 6 8 14 17 22 28 34 36 39 40 42 45 46 48 51 54 60 66 76 82 88 93 94 96 99 100 
 r: 53 67 3 7 13 17 21 25 31 35 39 43 49 57 61 71 75 79 85 89 93 97 
 Total col=28, Total row=22
 bc#: 3356
 c: 4 6 11 20 21 24 27 34 40 46 51 52 57 58 60 63 66 72 75 78 82 88 94 96 99 
 r: 53 68 2 7 14 17 20 25 32 35 38 43 50 56 61 71 74 79 86 89 92 97 
 Total col=25, Total row=22
 bc#: 3357
 c: 5 6 8 11 12 14 17 20 22 28 34 40 46 52 58 60 63 66 69 72 75 78 81 84 87 90 93 99 
 r: 53 69 7 9 11 15 17 25 27 29 33 35 43 45 47 51 61 63 65 71 79 81 83 87 89 97 99 
 Total col=28, Total row=27
 bc#: 3358
 c: 2 4 21 24 27 30 33 36 39 42 45 48 51 54 57 64 70 76 82 88 94 96 100 
 r: 53 70 7 10 12 16 17 25 28 30 34 35 43 46 48 52 61 64 66 71 79 82 84 88 89 97 100 
 Total col=23, Total row=27
 bc#: 3359
 c: 2 4 8 11 14 17 22 28 30 39 45 46 52 58 60 66 76 81 84 87 94 100 
 r: 53 73 7 17 19 25 35 37 43 55 61 71 79 89 91 97 
 Total col=22, Total row=16
 bc#: 3360
 c: 4 6 11 20 21 24 27 34 40 46 51 52 57 58 60 63 66 72 75 78 82 88 94 96 99 
 r: 53 74 2 7 14 17 20 25 32 35 38 43 50 56 61 68 71 79 86 89 92 97 
 Total col=25, Total row=22
 bc#: 3361
 c: 2 5 6 8 14 17 22 28 34 36 39 40 42 45 46 48 51 54 60 66 76 82 88 93 94 96 99 100 
 r: 53 75 3 7 13 17 21 25 31 35 39 43 49 57 61 67 71 79 85 89 93 97 
 Total col=28, Total row=22
 bc#: 3362
 c: 2 4 12 14 21 24 27 40 42 46 48 51 57 58 60 63 66 70 76 81 88 93 94 96 99 
 r: 53 76 4 7 17 22 25 35 40 43 58 61 71 79 89 94 97 
 Total col=25, Total row=17
 bc#: 3363
 c: 5 6 8 11 17 20 22 28 30 33 34 36 39 45 52 54 64 69 72 75 78 82 84 87 90 100 
 r: 53 77 5 7 17 23 25 35 41 43 59 61 71 79 89 95 97 
 Total col=26, Total row=17
 bc#: 3364
 c: 4 12 21 24 27 40 42 46 48 51 54 57 60 64 70 75 76 81 82 84 87 90 93 
 r: 53 78 6 7 17 24 25 35 42 43 60 61 71 79 89 96 97 
 Total col=23, Total row=17
 bc#: 3365
 c: 5 6 8 11 12 14 17 20 22 28 34 40 46 52 58 60 63 66 69 72 75 78 81 84 87 90 93 99 
 r: 53 81 7 9 11 15 17 25 27 29 33 35 43 45 47 51 61 63 65 69 71 79 83 87 89 97 99 
 Total col=28, Total row=27
 bc#: 3366
 c: 2 4 21 24 27 30 33 36 39 42 45 48 51 54 57 64 70 76 82 88 94 96 100 
 r: 53 82 7 10 12 16 17 25 28 30 34 35 43 46 48 52 61 64 66 70 71 79 84 88 89 97 100 
 Total col=23, Total row=27
 bc#: 3367
 c: 5 6 8 11 12 14 17 20 22 28 34 40 46 52 58 60 63 66 69 72 75 78 81 84 87 90 93 99 
 r: 53 83 7 9 11 15 17 25 27 29 33 35 43 45 47 51 61 63 65 69 71 79 81 87 89 97 99 
 Total col=28, Total row=27
 bc#: 3368
 c: 2 4 21 24 27 30 33 36 39 42 45 48 51 54 57 64 70 76 82 88 94 96 100 
 r: 53 84 7 10 12 16 17 25 28 30 34 35 43 46 48 52 61 64 66 70 71 79 82 88 89 97 100 
 Total col=23, Total row=27
 bc#: 3369
 c: 2 5 6 8 14 17 22 28 34 36 39 40 42 45 46 48 51 54 60 66 76 82 88 93 94 96 99 100 
 r: 53 85 3 7 13 17 21 25 31 35 39 43 49 57 61 67 71 75 79 89 93 97 
 Total col=28, Total row=22
 bc#: 3370
 c: 4 6 11 20 21 24 27 34 40 46 51 52 57 58 60 63 66 72 75 78 82 88 94 96 99 
 r: 53 86 2 7 14 17 20 25 32 35 38 43 50 56 61 68 71 74 79 89 92 97 
 Total col=25, Total row=22
 bc#: 3371
 c: 5 6 8 11 12 14 17 20 22 28 34 40 46 52 58 60 63 66 69 72 75 78 81 84 87 90 93 99 
 r: 53 87 7 9 11 15 17 25 27 29 33 35 43 45 47 51 61 63 65 69 71 79 81 83 89 97 99 
 Total col=28, Total row=27
 bc#: 3372
 c: 2 4 21 24 27 30 33 36 39 42 45 48 51 54 57 64 70 76 82 88 94 96 100 
 r: 53 88 7 10 12 16 17 25 28 30 34 35 43 46 48 52 61 64 66 70 71 79 82 84 89 97 100 
 Total col=23, Total row=27
 bc#: 3373
 c: 2 4 8 11 14 17 22 28 30 39 45 46 52 58 60 66 76 81 84 87 94 100 
 r: 53 91 7 17 19 25 35 37 43 55 61 71 73 79 89 97 
 Total col=22, Total row=16
 bc#: 3374
 c: 4 6 11 20 21 24 27 34 40 46 51 52 57 58 60 63 66 72 75 78 82 88 94 96 99 
 r: 53 92 2 7 14 17 20 25 32 35 38 43 50 56 61 68 71 74 79 86 89 97 
 Total col=25, Total row=22
 bc#: 3375
 c: 2 5 6 8 14 17 22 28 34 36 39 40 42 45 46 48 51 54 60 66 76 82 88 93 94 96 99 100 
 r: 53 93 3 7 13 17 21 25 31 35 39 43 49 57 61 67 71 75 79 85 89 97 
 Total col=28, Total row=22
 bc#: 3376
 c: 2 4 12 14 21 24 27 40 42 46 48 51 57 58 60 63 66 70 76 81 88 93 94 96 99 
 r: 53 94 4 7 17 22 25 35 40 43 58 61 71 76 79 89 97 
 Total col=25, Total row=17
 bc#: 3377
 c: 5 6 8 11 17 20 22 28 30 33 34 36 39 45 52 54 64 69 72 75 78 82 84 87 90 100 
 r: 53 95 5 7 17 23 25 35 41 43 59 61 71 77 79 89 97 
 Total col=26, Total row=17
 bc#: 3378
 c: 4 12 21 24 27 40 42 46 48 51 54 57 60 64 70 75 76 81 82 84 87 90 93 
 r: 53 96 6 7 17 24 25 35 42 43 60 61 71 78 79 89 97 
 Total col=23, Total row=17
 bc#: 3379
 c: 5 6 8 11 12 14 17 20 22 28 34 40 46 52 58 60 63 66 69 72 75 78 81 84 87 90 93 99 
 r: 53 99 7 9 11 15 17 25 27 29 33 35 43 45 47 51 61 63 65 69 71 79 81 83 87 89 97 
 Total col=28, Total row=27
 bc#: 3380
 c: 2 4 21 24 27 30 33 36 39 42 45 48 51 54 57 64 70 76 82 88 94 96 100 
 r: 53 100 7 10 12 16 17 25 28 30 34 35 43 46 48 52 61 64 66 70 71 79 82 84 88 89 97 
 Total col=23, Total row=27
 bc#: 3381
 c: 4 7 10 16 19 22 25 28 31 32 35 38 41 45 53 60 65 66 73 76 79 81 84 94 97 
 r: 54 55 8 18 19 26 36 37 44 62 72 73 80 90 91 98 
 Total col=25, Total row=16
 bc#: 3382
 c: 1 4 9 13 15 16 18 27 32 35 37 41 47 51 57 60 63 65 66 75 82 88 91 94 97 
 r: 54 56 2 8 14 18 20 26 32 36 38 44 50 62 68 72 74 80 86 90 92 98 
 Total col=25, Total row=22
 bc#: 3383
 c: 10 13 19 22 25 28 31 42 45 48 51 53 54 56 60 65 66 73 76 79 82 85 88 91 93 94 
 r: 54 57 3 8 13 18 21 26 31 36 39 44 49 62 67 72 75 80 85 90 93 98 
 Total col=26, Total row=22
 bc#: 3384
 c: 1 4 7 9 10 16 18 19 27 31 32 35 37 38 42 48 51 53 57 60 63 65 66 70 76 79 81 85 88 91 93 94 98 
 r: 54 58 4 8 18 22 26 36 40 44 62 72 76 80 90 94 98 
 Total col=33, Total row=17
 bc#: 3385
 c: 13 15 22 25 28 41 45 47 54 56 69 73 75 82 84 97 
 r: 54 59 5 8 18 23 26 36 41 44 62 72 77 80 90 95 98 
 Total col=16, Total row=17
 bc#: 3386
 c: 1 4 7 9 10 15 16 18 19 27 31 32 35 37 38 42 48 51 53 54 57 60 65 70 73 75 76 79 81 82 84 93 97 98 
 r: 54 60 6 8 18 24 26 36 42 44 62 72 78 80 90 96 98 
 Total col=34, Total row=17
 bc#: 3387
 c: 22 25 28 31 35 37 41 47 60 63 66 69 73 75 79 81 84 93 98 
 r: 54 63 8 9 11 15 18 26 27 29 33 36 44 45 47 51 62 65 69 72 80 81 83 87 90 98 99 
 Total col=19, Total row=27
 bc#: 3388
 c: 1 4 7 9 10 13 15 16 18 19 27 32 38 42 45 48 51 53 54 56 57 65 70 76 82 85 88 91 94 97 
 r: 54 64 8 10 12 16 18 26 28 30 34 36 44 46 48 52 62 66 70 72 80 82 84 88 90 98 100 
 Total col=30, Total row=27
 bc#: 3389
 c: 22 25 28 31 35 37 41 47 60 63 66 69 73 75 79 81 84 93 98 
 r: 54 65 8 9 11 15 18 26 27 29 33 36 44 45 47 51 62 63 69 72 80 81 83 87 90 98 99 
 Total col=19, Total row=27
 bc#: 3390
 c: 1 4 7 9 10 13 15 16 18 19 27 32 38 42 45 48 51 53 54 56 57 65 70 76 82 85 88 91 94 97 
 r: 54 66 8 10 12 16 18 26 28 30 34 36 44 46 48 52 62 64 70 72 80 82 84 88 90 98 100 
 Total col=30, Total row=27
 bc#: 3391
 c: 10 13 19 22 25 28 31 42 45 48 51 53 54 56 60 65 66 73 76 79 82 85 88 91 93 94 
 r: 54 67 3 8 13 18 21 26 31 36 39 44 49 57 62 72 75 80 85 90 93 98 
 Total col=26, Total row=22
 bc#: 3392
 c: 1 4 9 13 15 16 18 27 32 35 37 41 47 51 57 60 63 65 66 75 82 88 91 94 97 
 r: 54 68 2 8 14 18 20 26 32 36 38 44 50 56 62 72 74 80 86 90 92 98 
 Total col=25, Total row=22
 bc#: 3393
 c: 22 25 28 31 35 37 41 47 60 63 66 69 73 75 79 81 84 93 98 
 r: 54 69 8 9 11 15 18 26 27 29 33 36 44 45 47 51 62 63 65 72 80 81 83 87 90 98 99 
 Total col=19, Total row=27
 bc#: 3394
 c: 1 4 7 9 10 13 15 16 18 19 27 32 38 42 45 48 51 53 54 56 57 65 70 76 82 85 88 91 94 97 
 r: 54 70 8 10 12 16 18 26 28 30 34 36 44 46 48 52 62 64 66 72 80 82 84 88 90 98 100 
 Total col=30, Total row=27
 bc#: 3395
 c: 4 7 10 16 19 22 25 28 31 32 35 38 41 45 53 60 65 66 73 76 79 81 84 94 97 
 r: 54 73 8 18 19 26 36 37 44 55 62 72 80 90 91 98 
 Total col=25, Total row=16
 bc#: 3396
 c: 1 4 9 13 15 16 18 27 32 35 37 41 47 51 57 60 63 65 66 75 82 88 91 94 97 
 r: 54 74 2 8 14 18 20 26 32 36 38 44 50 56 62 68 72 80 86 90 92 98 
 Total col=25, Total row=22
 bc#: 3397
 c: 10 13 19 22 25 28 31 42 45 48 51 53 54 56 60 65 66 73 76 79 82 85 88 91 93 94 
 r: 54 75 3 8 13 18 21 26 31 36 39 44 49 57 62 67 72 80 85 90 93 98 
 Total col=26, Total row=22
 bc#: 3398
 c: 1 4 7 9 10 16 18 19 27 31 32 35 37 38 42 48 51 53 57 60 63 65 66 70 76 79 81 85 88 91 93 94 98 
 r: 54 76 4 8 18 22 26 36 40 44 58 62 72 80 90 94 98 
 Total col=33, Total row=17
 bc#: 3399
 c: 13 15 22 25 28 41 45 47 54 56 69 73 75 82 84 97 
 r: 54 77 5 8 18 23 26 36 41 44 59 62 72 80 90 95 98 
 Total col=16, Total row=17
 bc#: 3400
 c: 1 4 7 9 10 15 16 18 19 27 31 32 35 37 38 42 48 51 53 54 57 60 65 70 73 75 76 79 81 82 84 93 97 98 
 r: 54 78 6 8 18 24 26 36 42 44 60 62 72 80 90 96 98 
 Total col=34, Total row=17
 bc#: 3401
 c: 22 25 28 31 35 37 41 47 60 63 66 69 73 75 79 81 84 93 98 
 r: 54 81 8 9 11 15 18 26 27 29 33 36 44 45 47 51 62 63 65 69 72 80 83 87 90 98 99 
 Total col=19, Total row=27
 bc#: 3402
 c: 1 4 7 9 10 13 15 16 18 19 27 32 38 42 45 48 51 53 54 56 57 65 70 76 82 85 88 91 94 97 
 r: 54 82 8 10 12 16 18 26 28 30 34 36 44 46 48 52 62 64 66 70 72 80 84 88 90 98 100 
 Total col=30, Total row=27
 bc#: 3403
 c: 22 25 28 31 35 37 41 47 60 63 66 69 73 75 79 81 84 93 98 
 r: 54 83 8 9 11 15 18 26 27 29 33 36 44 45 47 51 62 63 65 69 72 80 81 87 90 98 99 
 Total col=19, Total row=27
 bc#: 3404
 c: 1 4 7 9 10 13 15 16 18 19 27 32 38 42 45 48 51 53 54 56 57 65 70 76 82 85 88 91 94 97 
 r: 54 84 8 10 12 16 18 26 28 30 34 36 44 46 48 52 62 64 66 70 72 80 82 88 90 98 100 
 Total col=30, Total row=27
 bc#: 3405
 c: 10 13 19 22 25 28 31 42 45 48 51 53 54 56 60 65 66 73 76 79 82 85 88 91 93 94 
 r: 54 85 3 8 13 18 21 26 31 36 39 44 49 57 62 67 72 75 80 90 93 98 
 Total col=26, Total row=22
 bc#: 3406
 c: 1 4 9 13 15 16 18 27 32 35 37 41 47 51 57 60 63 65 66 75 82 88 91 94 97 
 r: 54 86 2 8 14 18 20 26 32 36 38 44 50 56 62 68 72 74 80 90 92 98 
 Total col=25, Total row=22
 bc#: 3407
 c: 22 25 28 31 35 37 41 47 60 63 66 69 73 75 79 81 84 93 98 
 r: 54 87 8 9 11 15 18 26 27 29 33 36 44 45 47 51 62 63 65 69 72 80 81 83 90 98 99 
 Total col=19, Total row=27
 bc#: 3408
 c: 1 4 7 9 10 13 15 16 18 19 27 32 38 42 45 48 51 53 54 56 57 65 70 76 82 85 88 91 94 97 
 r: 54 88 8 10 12 16 18 26 28 30 34 36 44 46 48 52 62 64 66 70 72 80 82 84 90 98 100 
 Total col=30, Total row=27
 bc#: 3409
 c: 4 7 10 16 19 22 25 28 31 32 35 38 41 45 53 60 65 66 73 76 79 81 84 94 97 
 r: 54 91 8 18 19 26 36 37 44 55 62 72 73 80 90 98 
 Total col=25, Total row=16
 bc#: 3410
 c: 1 4 9 13 15 16 18 27 32 35 37 41 47 51 57 60 63 65 66 75 82 88 91 94 97 
 r: 54 92 2 8 14 18 20 26 32 36 38 44 50 56 62 68 72 74 80 86 90 98 
 Total col=25, Total row=22
 bc#: 3411
 c: 10 13 19 22 25 28 31 42 45 48 51 53 54 56 60 65 66 73 76 79 82 85 88 91 93 94 
 r: 54 93 3 8 13 18 21 26 31 36 39 44 49 57 62 67 72 75 80 85 90 98 
 Total col=26, Total row=22
 bc#: 3412
 c: 1 4 7 9 10 16 18 19 27 31 32 35 37 38 42 48 51 53 57 60 63 65 66 70 76 79 81 85 88 91 93 94 98 
 r: 54 94 4 8 18 22 26 36 40 44 58 62 72 76 80 90 98 
 Total col=33, Total row=17
 bc#: 3413
 c: 13 15 22 25 28 41 45 47 54 56 69 73 75 82 84 97 
 r: 54 95 5 8 18 23 26 36 41 44 59 62 72 77 80 90 98 
 Total col=16, Total row=17
 bc#: 3414
 c: 1 4 7 9 10 15 16 18 19 27 31 32 35 37 38 42 48 51 53 54 57 60 65 70 73 75 76 79 81 82 84 93 97 98 
 r: 54 96 6 8 18 24 26 36 42 44 60 62 72 78 80 90 98 
 Total col=34, Total row=17
 bc#: 3415
 c: 22 25 28 31 35 37 41 47 60 63 66 69 73 75 79 81 84 93 98 
 r: 54 99 8 9 11 15 18 26 27 29 33 36 44 45 47 51 62 63 65 69 72 80 81 83 87 90 98 
 Total col=19, Total row=27
 bc#: 3416
 c: 1 4 7 9 10 13 15 16 18 19 27 32 38 42 45 48 51 53 54 56 57 65 70 76 82 85 88 91 94 97 
 r: 54 100 8 10 12 16 18 26 28 30 34 36 44 46 48 52 62 64 66 70 72 80 82 84 88 90 98 
 Total col=30, Total row=27
 bc#: 3417
 c: 4 11 16 26 32 35 41 46 49 52 55 58 60 65 66 68 71 80 86 89 94 97 
 r: 55 56 2 14 19 20 32 37 38 50 68 73 74 86 91 92 
 Total col=22, Total row=16
 bc#: 3418
 c: 2 8 10 14 17 19 22 25 28 31 39 45 46 53 59 60 62 65 66 68 71 73 74 76 79 80 86 94 100 
 r: 55 57 3 13 19 21 31 37 39 49 67 73 75 85 91 93 
 Total col=29, Total row=16
 bc#: 3419
 c: 2 4 7 10 14 16 19 26 31 32 35 38 43 46 49 53 55 58 60 65 66 68 71 74 76 79 81 86 94 
 r: 55 58 4 19 22 37 40 73 76 91 94 
 Total col=29, Total row=11
 bc#: 3420
 c: 8 11 17 22 25 28 30 39 41 45 52 59 62 73 80 84 87 89 92 95 97 100 
 r: 55 59 5 19 23 37 41 73 77 91 95 
 Total col=22, Total row=11
 bc#: 3421
 c: 4 7 10 16 19 26 31 32 35 38 43 46 49 53 59 60 62 65 68 71 73 76 79 81 84 86 87 92 95 97 
 r: 55 60 6 19 24 37 42 73 78 91 96 
 Total col=30, Total row=11
 bc#: 3422
 c: 2 4 8 11 14 17 22 28 30 39 45 46 52 58 60 66 76 81 84 87 94 100 
 r: 55 61 7 17 19 25 35 37 43 53 71 73 79 89 91 97 
 Total col=22, Total row=16
 bc#: 3423
 c: 4 7 10 16 19 22 25 28 31 32 35 38 41 45 53 60 65 66 73 76 79 81 84 94 97 
 r: 55 62 8 18 19 26 36 37 44 54 72 73 80 90 91 98 
 Total col=25, Total row=16
 bc#: 3424
 c: 8 11 14 17 22 25 28 31 35 41 43 46 49 52 55 58 60 66 73 79 81 84 87 92 95 
 r: 55 63 9 11 15 19 27 29 33 37 45 47 51 65 69 73 81 83 87 91 99 
 Total col=25, Total row=21
 bc#: 3425
 c: 2 4 7 10 16 19 26 30 32 38 39 45 53 59 62 65 68 71 74 76 80 86 89 94 97 100 
 r: 55 64 10 12 16 19 28 30 34 37 46 48 52 66 70 73 82 84 88 91 100 
 Total col=26, Total row=21
 bc#: 3426
 c: 8 11 14 17 22 25 28 31 35 41 43 46 49 52 55 58 60 66 73 79 81 84 87 92 95 
 r: 55 65 9 11 15 19 27 29 33 37 45 47 51 63 69 73 81 83 87 91 99 
 Total col=25, Total row=21
 bc#: 3427
 c: 2 4 7 10 16 19 26 30 32 38 39 45 53 59 62 65 68 71 74 76 80 86 89 94 97 100 
 r: 55 66 10 12 16 19 28 30 34 37 46 48 52 64 70 73 82 84 88 91 100 
 Total col=26, Total row=21
 bc#: 3428
 c: 2 8 10 14 17 19 22 25 28 31 39 45 46 53 59 60 62 65 66 68 71 73 74 76 79 80 86 94 100 
 r: 55 67 3 13 19 21 31 37 39 49 57 73 75 85 91 93 
 Total col=29, Total row=16
 bc#: 3429
 c: 4 11 16 26 32 35 41 46 49 52 55 58 60 65 66 68 71 80 86 89 94 97 
 r: 55 68 2 14 19 20 32 37 38 50 56 73 74 86 91 92 
 Total col=22, Total row=16
 bc#: 3430
 c: 8 11 14 17 22 25 28 31 35 41 43 46 49 52 55 58 60 66 73 79 81 84 87 92 95 
 r: 55 69 9 11 15 19 27 29 33 37 45 47 51 63 65 73 81 83 87 91 99 
 Total col=25, Total row=21
 bc#: 3431
 c: 2 4 7 10 16 19 26 30 32 38 39 45 53 59 62 65 68 71 74 76 80 86 89 94 97 100 
 r: 55 70 10 12 16 19 28 30 34 37 46 48 52 64 66 73 82 84 88 91 100 
 Total col=26, Total row=21
 bc#: 3432
 c: 2 4 8 11 14 17 22 28 30 39 45 46 52 58 60 66 76 81 84 87 94 100 
 r: 55 71 7 17 19 25 35 37 43 53 61 73 79 89 91 97 
 Total col=22, Total row=16
 bc#: 3433
 c: 4 7 10 16 19 22 25 28 31 32 35 38 41 45 53 60 65 66 73 76 79 81 84 94 97 
 r: 55 72 8 18 19 26 36 37 44 54 62 73 80 90 91 98 
 Total col=25, Total row=16
 bc#: 3434
 c: 4 11 16 26 32 35 41 46 49 52 55 58 60 65 66 68 71 80 86 89 94 97 
 r: 55 74 2 14 19 20 32 37 38 50 56 68 73 86 91 92 
 Total col=22, Total row=16
 bc#: 3435
 c: 2 8 10 14 17 19 22 25 28 31 39 45 46 53 59 60 62 65 66 68 71 73 74 76 79 80 86 94 100 
 r: 55 75 3 13 19 21 31 37 39 49 57 67 73 85 91 93 
 Total col=29, Total row=16
 bc#: 3436
 c: 2 4 7 10 14 16 19 26 31 32 35 38 43 46 49 53 55 58 60 65 66 68 71 74 76 79 81 86 94 
 r: 55 76 4 19 22 37 40 58 73 91 94 
 Total col=29, Total row=11
 bc#: 3437
 c: 8 11 17 22 25 28 30 39 41 45 52 59 62 73 80 84 87 89 92 95 97 100 
 r: 55 77 5 19 23 37 41 59 73 91 95 
 Total col=22, Total row=11
 bc#: 3438
 c: 4 7 10 16 19 26 31 32 35 38 43 46 49 53 59 60 62 65 68 71 73 76 79 81 84 86 87 92 95 97 
 r: 55 78 6 19 24 37 42 60 73 91 96 
 Total col=30, Total row=11
 bc#: 3439
 c: 2 4 8 11 14 17 22 28 30 39 45 46 52 58 60 66 76 81 84 87 94 100 
 r: 55 79 7 17 19 25 35 37 43 53 61 71 73 89 91 97 
 Total col=22, Total row=16
 bc#: 3440
 c: 4 7 10 16 19 22 25 28 31 32 35 38 41 45 53 60 65 66 73 76 79 81 84 94 97 
 r: 55 80 8 18 19 26 36 37 44 54 62 72 73 90 91 98 
 Total col=25, Total row=16
 bc#: 3441
 c: 8 11 14 17 22 25 28 31 35 41 43 46 49 52 55 58 60 66 73 79 81 84 87 92 95 
 r: 55 81 9 11 15 19 27 29 33 37 45 47 51 63 65 69 73 83 87 91 99 
 Total col=25, Total row=21
 bc#: 3442
 c: 2 4 7 10 16 19 26 30 32 38 39 45 53 59 62 65 68 71 74 76 80 86 89 94 97 100 
 r: 55 82 10 12 16 19 28 30 34 37 46 48 52 64 66 70 73 84 88 91 100 
 Total col=26, Total row=21
 bc#: 3443
 c: 8 11 14 17 22 25 28 31 35 41 43 46 49 52 55 58 60 66 73 79 81 84 87 92 95 
 r: 55 83 9 11 15 19 27 29 33 37 45 47 51 63 65 69 73 81 87 91 99 
 Total col=25, Total row=21
 bc#: 3444
 c: 2 4 7 10 16 19 26 30 32 38 39 45 53 59 62 65 68 71 74 76 80 86 89 94 97 100 
 r: 55 84 10 12 16 19 28 30 34 37 46 48 52 64 66 70 73 82 88 91 100 
 Total col=26, Total row=21
 bc#: 3445
 c: 2 8 10 14 17 19 22 25 28 31 39 45 46 53 59 60 62 65 66 68 71 73 74 76 79 80 86 94 100 
 r: 55 85 3 13 19 21 31 37 39 49 57 67 73 75 91 93 
 Total col=29, Total row=16
 bc#: 3446
 c: 4 11 16 26 32 35 41 46 49 52 55 58 60 65 66 68 71 80 86 89 94 97 
 r: 55 86 2 14 19 20 32 37 38 50 56 68 73 74 91 92 
 Total col=22, Total row=16
 bc#: 3447
 c: 8 11 14 17 22 25 28 31 35 41 43 46 49 52 55 58 60 66 73 79 81 84 87 92 95 
 r: 55 87 9 11 15 19 27 29 33 37 45 47 51 63 65 69 73 81 83 91 99 
 Total col=25, Total row=21
 bc#: 3448
 c: 2 4 7 10 16 19 26 30 32 38 39 45 53 59 62 65 68 71 74 76 80 86 89 94 97 100 
 r: 55 88 10 12 16 19 28 30 34 37 46 48 52 64 66 70 73 82 84 91 100 
 Total col=26, Total row=21
 bc#: 3449
 c: 2 4 8 11 14 17 22 28 30 39 45 46 52 58 60 66 76 81 84 87 94 100 
 r: 55 89 7 17 19 25 35 37 43 53 61 71 73 79 91 97 
 Total col=22, Total row=16
 bc#: 3450
 c: 4 7 10 16 19 22 25 28 31 32 35 38 41 45 53 60 65 66 73 76 79 81 84 94 97 
 r: 55 90 8 18 19 26 36 37 44 54 62 72 73 80 91 98 
 Total col=25, Total row=16
 bc#: 3451
 c: 4 11 16 26 32 35 41 46 49 52 55 58 60 65 66 68 71 80 86 89 94 97 
 r: 55 92 2 14 19 20 32 37 38 50 56 68 73 74 86 91 
 Total col=22, Total row=16
 bc#: 3452
 c: 2 8 10 14 17 19 22 25 28 31 39 45 46 53 59 60 62 65 66 68 71 73 74 76 79 80 86 94 100 
 r: 55 93 3 13 19 21 31 37 39 49 57 67 73 75 85 91 
 Total col=29, Total row=16
 bc#: 3453
 c: 2 4 7 10 14 16 19 26 31 32 35 38 43 46 49 53 55 58 60 65 66 68 71 74 76 79 81 86 94 
 r: 55 94 4 19 22 37 40 58 73 76 91 
 Total col=29, Total row=11
 bc#: 3454
 c: 8 11 17 22 25 28 30 39 41 45 52 59 62 73 80 84 87 89 92 95 97 100 
 r: 55 95 5 19 23 37 41 59 73 77 91 
 Total col=22, Total row=11
 bc#: 3455
 c: 4 7 10 16 19 26 31 32 35 38 43 46 49 53 59 60 62 65 68 71 73 76 79 81 84 86 87 92 95 97 
 r: 55 96 6 19 24 37 42 60 73 78 91 
 Total col=30, Total row=11
 bc#: 3456
 c: 2 4 8 11 14 17 22 28 30 39 45 46 52 58 60 66 76 81 84 87 94 100 
 r: 55 97 7 17 19 25 35 37 43 53 61 71 73 79 89 91 
 Total col=22, Total row=16
 bc#: 3457
 c: 4 7 10 16 19 22 25 28 31 32 35 38 41 45 53 60 65 66 73 76 79 81 84 94 97 
 r: 55 98 8 18 19 26 36 37 44 54 62 72 73 80 90 91 
 Total col=25, Total row=16
 bc#: 3458
 c: 8 11 14 17 22 25 28 31 35 41 43 46 49 52 55 58 60 66 73 79 81 84 87 92 95 
 r: 55 99 9 11 15 19 27 29 33 37 45 47 51 63 65 69 73 81 83 87 91 
 Total col=25, Total row=21
 bc#: 3459
 c: 2 4 7 10 16 19 26 30 32 38 39 45 53 59 62 65 68 71 74 76 80 86 89 94 97 100 
 r: 55 100 10 12 16 19 28 30 34 37 46 48 52 64 66 70 73 82 84 88 91 
 Total col=26, Total row=21
 bc#: 3460
 c: 6 13 29 34 40 46 51 60 65 66 68 71 80 82 86 88 91 94 96 99 
 r: 56 57 2 3 13 14 20 21 31 32 38 39 49 50 67 68 74 75 85 86 92 93 
 Total col=20, Total row=22
 bc#: 3461
 c: 3 6 11 13 15 20 34 41 44 47 52 72 75 78 80 82 89 97 
 r: 56 59 2 5 14 20 23 32 38 41 50 68 74 77 86 92 95 
 Total col=18, Total row=17
 bc#: 3462
 c: 1 3 4 9 15 16 18 21 24 26 27 29 32 35 37 40 46 49 51 57 60 65 68 71 75 82 86 97 
 r: 56 60 2 6 14 20 24 32 38 42 50 68 74 78 86 92 96 
 Total col=28, Total row=17
 bc#: 3463
 c: 4 6 11 20 21 24 27 34 40 46 51 52 57 58 60 63 66 72 75 78 82 88 94 96 99 
 r: 56 61 2 7 14 17 20 25 32 35 38 43 50 53 68 71 74 79 86 89 92 97 
 Total col=25, Total row=22
 bc#: 3464
 c: 1 4 9 13 15 16 18 27 32 35 37 41 47 51 57 60 63 65 66 75 82 88 91 94 97 
 r: 56 62 2 8 14 18 20 26 32 36 38 44 50 54 68 72 74 80 86 90 92 98 
 Total col=25, Total row=22
 bc#: 3465
 c: 3 6 11 20 29 34 35 37 40 41 46 47 49 52 55 58 60 63 66 72 75 78 99 
 r: 56 63 2 9 11 14 15 20 27 29 32 33 38 45 47 50 51 65 68 69 74 81 83 86 87 92 99 
 Total col=23, Total row=27
 bc#: 3466
 c: 1 4 9 13 15 16 18 21 24 26 27 32 44 51 57 65 68 71 77 80 82 83 86 88 89 91 94 96 97 
 r: 56 64 2 10 12 14 16 20 28 30 32 34 38 46 48 50 52 66 68 70 74 82 84 86 88 92 100 
 Total col=29, Total row=27
 bc#: 3467
 c: 3 6 11 20 29 34 35 37 40 41 46 47 49 52 55 58 60 63 66 72 75 78 99 
 r: 56 65 2 9 11 14 15 20 27 29 32 33 38 45 47 50 51 63 68 69 74 81 83 86 87 92 99 
 Total col=23, Total row=27
 bc#: 3468
 c: 1 4 9 13 15 16 18 21 24 26 27 32 44 51 57 65 68 71 77 80 82 83 86 88 89 91 94 96 97 
 r: 56 66 2 10 12 14 16 20 28 30 32 34 38 46 48 50 52 64 68 70 74 82 84 86 88 92 100 
 Total col=29, Total row=27
 bc#: 3469
 c: 6 13 29 34 40 46 51 60 65 66 68 71 80 82 86 88 91 94 96 99 
 r: 56 67 2 3 13 14 20 21 31 32 38 39 49 50 57 68 74 75 85 86 92 93 
 Total col=20, Total row=22
 bc#: 3470
 c: 3 6 11 20 29 34 35 37 40 41 46 47 49 52 55 58 60 63 66 72 75 78 99 
 r: 56 69 2 9 11 14 15 20 27 29 32 33 38 45 47 50 51 63 65 68 74 81 83 86 87 92 99 
 Total col=23, Total row=27
 bc#: 3471
 c: 1 4 9 13 15 16 18 21 24 26 27 32 44 51 57 65 68 71 77 80 82 83 86 88 89 91 94 96 97 
 r: 56 70 2 10 12 14 16 20 28 30 32 34 38 46 48 50 52 64 66 68 74 82 84 86 88 92 100 
 Total col=29, Total row=27
 bc#: 3472
 c: 4 6 11 20 21 24 27 34 40 46 51 52 57 58 60 63 66 72 75 78 82 88 94 96 99 
 r: 56 71 2 7 14 17 20 25 32 35 38 43 50 53 61 68 74 79 86 89 92 97 
 Total col=25, Total row=22
 bc#: 3473
 c: 1 4 9 13 15 16 18 27 32 35 37 41 47 51 57 60 63 65 66 75 82 88 91 94 97 
 r: 56 72 2 8 14 18 20 26 32 36 38 44 50 54 62 68 74 80 86 90 92 98 
 Total col=25, Total row=22
 bc#: 3474
 c: 4 11 16 26 32 35 41 46 49 52 55 58 60 65 66 68 71 80 86 89 94 97 
 r: 56 73 2 14 19 20 32 37 38 50 55 68 74 86 91 92 
 Total col=22, Total row=16
 bc#: 3475
 c: 6 13 29 34 40 46 51 60 65 66 68 71 80 82 86 88 91 94 96 99 
 r: 56 75 2 3 13 14 20 21 31 32 38 39 49 50 57 67 68 74 85 86 92 93 
 Total col=20, Total row=22
 bc#: 3476
 c: 3 6 11 13 15 20 34 41 44 47 52 72 75 78 80 82 89 97 
 r: 56 77 2 5 14 20 23 32 38 41 50 59 68 74 86 92 95 
 Total col=18, Total row=17
 bc#: 3477
 c: 1 3 4 9 15 16 18 21 24 26 27 29 32 35 37 40 46 49 51 57 60 65 68 71 75 82 86 97 
 r: 56 78 2 6 14 20 24 32 38 42 50 60 68 74 86 92 96 
 Total col=28, Total row=17
 bc#: 3478
 c: 4 6 11 20 21 24 27 34 40 46 51 52 57 58 60 63 66 72 75 78 82 88 94 96 99 
 r: 56 79 2 7 14 17 20 25 32 35 38 43 50 53 61 68 71 74 86 89 92 97 
 Total col=25, Total row=22
 bc#: 3479
 c: 1 4 9 13 15 16 18 27 32 35 37 41 47 51 57 60 63 65 66 75 82 88 91 94 97 
 r: 56 80 2 8 14 18 20 26 32 36 38 44 50 54 62 68 72 74 86 90 92 98 
 Total col=25, Total row=22
 bc#: 3480
 c: 3 6 11 20 29 34 35 37 40 41 46 47 49 52 55 58 60 63 66 72 75 78 99 
 r: 56 81 2 9 11 14 15 20 27 29 32 33 38 45 47 50 51 63 65 68 69 74 83 86 87 92 99 
 Total col=23, Total row=27
 bc#: 3481
 c: 1 4 9 13 15 16 18 21 24 26 27 32 44 51 57 65 68 71 77 80 82 83 86 88 89 91 94 96 97 
 r: 56 82 2 10 12 14 16 20 28 30 32 34 38 46 48 50 52 64 66 68 70 74 84 86 88 92 100 
 Total col=29, Total row=27
 bc#: 3482
 c: 3 6 11 20 29 34 35 37 40 41 46 47 49 52 55 58 60 63 66 72 75 78 99 
 r: 56 83 2 9 11 14 15 20 27 29 32 33 38 45 47 50 51 63 65 68 69 74 81 86 87 92 99 
 Total col=23, Total row=27
 bc#: 3483
 c: 1 4 9 13 15 16 18 21 24 26 27 32 44 51 57 65 68 71 77 80 82 83 86 88 89 91 94 96 97 
 r: 56 84 2 10 12 14 16 20 28 30 32 34 38 46 48 50 52 64 66 68 70 74 82 86 88 92 100 
 Total col=29, Total row=27
 bc#: 3484
 c: 6 13 29 34 40 46 51 60 65 66 68 71 80 82 86 88 91 94 96 99 
 r: 56 85 2 3 13 14 20 21 31 32 38 39 49 50 57 67 68 74 75 86 92 93 
 Total col=20, Total row=22
 bc#: 3485
 c: 3 6 11 20 29 34 35 37 40 41 46 47 49 52 55 58 60 63 66 72 75 78 99 
 r: 56 87 2 9 11 14 15 20 27 29 32 33 38 45 47 50 51 63 65 68 69 74 81 83 86 92 99 
 Total col=23, Total row=27
 bc#: 3486
 c: 1 4 9 13 15 16 18 21 24 26 27 32 44 51 57 65 68 71 77 80 82 83 86 88 89 91 94 96 97 
 r: 56 88 2 10 12 14 16 20 28 30 32 34 38 46 48 50 52 64 66 68 70 74 82 84 86 92 100 
 Total col=29, Total row=27
 bc#: 3487
 c: 4 6 11 20 21 24 27 34 40 46 51 52 57 58 60 63 66 72 75 78 82 88 94 96 99 
 r: 56 89 2 7 14 17 20 25 32 35 38 43 50 53 61 68 71 74 79 86 92 97 
 Total col=25, Total row=22
 bc#: 3488
 c: 1 4 9 13 15 16 18 27 32 35 37 41 47 51 57 60 63 65 66 75 82 88 91 94 97 
 r: 56 90 2 8 14 18 20 26 32 36 38 44 50 54 62 68 72 74 80 86 92 98 
 Total col=25, Total row=22
 bc#: 3489
 c: 4 11 16 26 32 35 41 46 49 52 55 58 60 65 66 68 71 80 86 89 94 97 
 r: 56 91 2 14 19 20 32 37 38 50 55 68 73 74 86 92 
 Total col=22, Total row=16
 bc#: 3490
 c: 6 13 29 34 40 46 51 60 65 66 68 71 80 82 86 88 91 94 96 99 
 r: 56 93 2 3 13 14 20 21 31 32 38 39 49 50 57 67 68 74 75 85 86 92 
 Total col=20, Total row=22
 bc#: 3491
 c: 3 6 11 13 15 20 34 41 44 47 52 72 75 78 80 82 89 97 
 r: 56 95 2 5 14 20 23 32 38 41 50 59 68 74 77 86 92 
 Total col=18, Total row=17
 bc#: 3492
 c: 1 3 4 9 15 16 18 21 24 26 27 29 32 35 37 40 46 49 51 57 60 65 68 71 75 82 86 97 
 r: 56 96 2 6 14 20 24 32 38 42 50 60 68 74 78 86 92 
 Total col=28, Total row=17
 bc#: 3493
 c: 4 6 11 20 21 24 27 34 40 46 51 52 57 58 60 63 66 72 75 78 82 88 94 96 99 
 r: 56 97 2 7 14 17 20 25 32 35 38 43 50 53 61 68 71 74 79 86 89 92 
 Total col=25, Total row=22
 bc#: 3494
 c: 1 4 9 13 15 16 18 27 32 35 37 41 47 51 57 60 63 65 66 75 82 88 91 94 97 
 r: 56 98 2 8 14 18 20 26 32 36 38 44 50 54 62 68 72 74 80 86 90 92 
 Total col=25, Total row=22
 bc#: 3495
 c: 3 6 11 20 29 34 35 37 40 41 46 47 49 52 55 58 60 63 66 72 75 78 99 
 r: 56 99 2 9 11 14 15 20 27 29 32 33 38 45 47 50 51 63 65 68 69 74 81 83 86 87 92 
 Total col=23, Total row=27
 bc#: 3496
 c: 1 4 9 13 15 16 18 21 24 26 27 32 44 51 57 65 68 71 77 80 82 83 86 88 89 91 94 96 97 
 r: 56 100 2 10 12 14 16 20 28 30 32 34 38 46 48 50 52 64 66 68 70 74 82 84 86 88 92 
 Total col=29, Total row=27
 bc#: 3497
 c: 2 10 14 19 29 31 40 42 46 48 51 53 60 65 66 68 71 74 76 79 85 86 88 91 93 94 96 99 
 r: 57 58 3 4 13 21 22 31 39 40 49 67 75 76 85 93 94 
 Total col=28, Total row=17
 bc#: 3498
 c: 5 6 8 13 17 22 23 25 28 34 36 39 45 54 56 59 62 73 80 82 100 
 r: 57 59 3 5 13 21 23 31 39 41 49 67 75 77 85 93 95 
 Total col=21, Total row=17
 bc#: 3499
 c: 10 19 29 31 40 42 46 48 51 53 54 59 60 62 65 68 71 73 76 79 82 86 93 
 r: 57 60 3 6 13 21 24 31 39 42 49 67 75 78 85 93 96 
 Total col=23, Total row=17
 bc#: 3500
 c: 2 5 6 8 14 17 22 28 34 36 39 40 42 45 46 48 51 54 60 66 76 82 88 93 94 96 99 100 
 r: 57 61 3 7 13 17 21 25 31 35 39 43 49 53 67 71 75 79 85 89 93 97 
 Total col=28, Total row=22
 bc#: 3501
 c: 10 13 19 22 25 28 31 42 45 48 51 53 54 56 60 65 66 73 76 79 82 85 88 91 93 94 
 r: 57 62 3 8 13 18 21 26 31 36 39 44 49 54 67 72 75 80 85 90 93 98 
 Total col=26, Total row=22
 bc#: 3502
 c: 5 6 8 14 17 22 23 25 28 29 31 34 40 46 60 66 73 79 93 99 
 r: 57 63 3 9 11 13 15 21 27 29 31 33 39 45 47 49 51 65 67 69 75 81 83 85 87 93 99 
 Total col=20, Total row=27
 bc#: 3503
 c: 2 10 13 19 36 39 42 45 48 51 53 54 56 59 62 65 68 71 74 76 80 82 85 86 88 91 94 96 100 
 r: 57 64 3 10 12 13 16 21 28 30 31 34 39 46 48 49 52 66 67 70 75 82 84 85 88 93 100 
 Total col=29, Total row=27
 bc#: 3504
 c: 5 6 8 14 17 22 23 25 28 29 31 34 40 46 60 66 73 79 93 99 
 r: 57 65 3 9 11 13 15 21 27 29 31 33 39 45 47 49 51 63 67 69 75 81 83 85 87 93 99 
 Total col=20, Total row=27
 bc#: 3505
 c: 2 10 13 19 36 39 42 45 48 51 53 54 56 59 62 65 68 71 74 76 80 82 85 86 88 91 94 96 100 
 r: 57 66 3 10 12 13 16 21 28 30 31 34 39 46 48 49 52 64 67 70 75 82 84 85 88 93 100 
 Total col=29, Total row=27
 bc#: 3506
 c: 2 5 6 8 10 13 14 17 19 22 23 25 28 29 31 34 36 39 40 42 45 46 48 51 53 54 56 59 60 62 65 66 68 71 73 74 76 79 80 82 85 86 88 91 93 94 96 99 100 
 r: 57 67 3 13 21 31 39 49 75 85 93 
 Total col=49, Total row=11
 bc#: 3507
 c: 6 13 29 34 40 46 51 60 65 66 68 71 80 82 86 88 91 94 96 99 
 r: 57 68 2 3 13 14 20 21 31 32 38 39 49 50 56 67 74 75 85 86 92 93 
 Total col=20, Total row=22
 bc#: 3508
 c: 5 6 8 14 17 22 23 25 28 29 31 34 40 46 60 66 73 79 93 99 
 r: 57 69 3 9 11 13 15 21 27 29 31 33 39 45 47 49 51 63 65 67 75 81 83 85 87 93 99 
 Total col=20, Total row=27
 bc#: 3509
 c: 2 10 13 19 36 39 42 45 48 51 53 54 56 59 62 65 68 71 74 76 80 82 85 86 88 91 94 96 100 
 r: 57 70 3 10 12 13 16 21 28 30 31 34 39 46 48 49 52 64 66 67 75 82 84 85 88 93 100 
 Total col=29, Total row=27
 bc#: 3510
 c: 2 5 6 8 14 17 22 28 34 36 39 40 42 45 46 48 51 54 60 66 76 82 88 93 94 96 99 100 
 r: 57 71 3 7 13 17 21 25 31 35 39 43 49 53 61 67 75 79 85 89 93 97 
 Total col=28, Total row=22
 bc#: 3511
 c: 10 13 19 22 25 28 31 42 45 48 51 53 54 56 60 65 66 73 76 79 82 85 88 91 93 94 
 r: 57 72 3 8 13 18 21 26 31 36 39 44 49 54 62 67 75 80 85 90 93 98 
 Total col=26, Total row=22
 bc#: 3512
 c: 2 8 10 14 17 19 22 25 28 31 39 45 46 53 59 60 62 65 66 68 71 73 74 76 79 80 86 94 100 
 r: 57 73 3 13 19 21 31 37 39 49 55 67 75 85 91 93 
 Total col=29, Total row=16
 bc#: 3513
 c: 6 13 29 34 40 46 51 60 65 66 68 71 80 82 86 88 91 94 96 99 
 r: 57 74 2 3 13 14 20 21 31 32 38 39 49 50 56 67 68 75 85 86 92 93 
 Total col=20, Total row=22
 bc#: 3514
 c: 2 5 6 8 10 13 14 17 19 22 23 25 28 29 31 34 36 39 40 42 45 46 48 51 53 54 56 59 60 62 65 66 68 71 73 74 76 79 80 82 85 86 88 91 93 94 96 99 100 
 r: 57 75 3 13 21 31 39 49 67 85 93 
 Total col=49, Total row=11
 bc#: 3515
 c: 2 10 14 19 29 31 40 42 46 48 51 53 60 65 66 68 71 74 76 79 85 86 88 91 93 94 96 99 
 r: 57 76 3 4 13 21 22 31 39 40 49 58 67 75 85 93 94 
 Total col=28, Total row=17
 bc#: 3516
 c: 5 6 8 13 17 22 23 25 28 34 36 39 45 54 56 59 62 73 80 82 100 
 r: 57 77 3 5 13 21 23 31 39 41 49 59 67 75 85 93 95 
 Total col=21, Total row=17
 bc#: 3517
 c: 10 19 29 31 40 42 46 48 51 53 54 59 60 62 65 68 71 73 76 79 82 86 93 
 r: 57 78 3 6 13 21 24 31 39 42 49 60 67 75 85 93 96 
 Total col=23, Total row=17
 bc#: 3518
 c: 2 5 6 8 14 17 22 28 34 36 39 40 42 45 46 48 51 54 60 66 76 82 88 93 94 96 99 100 
 r: 57 79 3 7 13 17 21 25 31 35 39 43 49 53 61 67 71 75 85 89 93 97 
 Total col=28, Total row=22
 bc#: 3519
 c: 10 13 19 22 25 28 31 42 45 48 51 53 54 56 60 65 66 73 76 79 82 85 88 91 93 94 
 r: 57 80 3 8 13 18 21 26 31 36 39 44 49 54 62 67 72 75 85 90 93 98 
 Total col=26, Total row=22
 bc#: 3520
 c: 5 6 8 14 17 22 23 25 28 29 31 34 40 46 60 66 73 79 93 99 
 r: 57 81 3 9 11 13 15 21 27 29 31 33 39 45 47 49 51 63 65 67 69 75 83 85 87 93 99 
 Total col=20, Total row=27
 bc#: 3521
 c: 2 10 13 19 36 39 42 45 48 51 53 54 56 59 62 65 68 71 74 76 80 82 85 86 88 91 94 96 100 
 r: 57 82 3 10 12 13 16 21 28 30 31 34 39 46 48 49 52 64 66 67 70 75 84 85 88 93 100 
 Total col=29, Total row=27
 bc#: 3522
 c: 5 6 8 14 17 22 23 25 28 29 31 34 40 46 60 66 73 79 93 99 
 r: 57 83 3 9 11 13 15 21 27 29 31 33 39 45 47 49 51 63 65 67 69 75 81 85 87 93 99 
 Total col=20, Total row=27
 bc#: 3523
 c: 2 10 13 19 36 39 42 45 48 51 53 54 56 59 62 65 68 71 74 76 80 82 85 86 88 91 94 96 100 
 r: 57 84 3 10 12 13 16 21 28 30 31 34 39 46 48 49 52 64 66 67 70 75 82 85 88 93 100 
 Total col=29, Total row=27
 bc#: 3524
 c: 2 5 6 8 10 13 14 17 19 22 23 25 28 29 31 34 36 39 40 42 45 46 48 51 53 54 56 59 60 62 65 66 68 71 73 74 76 79 80 82 85 86 88 91 93 94 96 99 100 
 r: 57 85 3 13 21 31 39 49 67 75 93 
 Total col=49, Total row=11
 bc#: 3525
 c: 6 13 29 34 40 46 51 60 65 66 68 71 80 82 86 88 91 94 96 99 
 r: 57 86 2 3 13 14 20 21 31 32 38 39 49 50 56 67 68 74 75 85 92 93 
 Total col=20, Total row=22
 bc#: 3526
 c: 5 6 8 14 17 22 23 25 28 29 31 34 40 46 60 66 73 79 93 99 
 r: 57 87 3 9 11 13 15 21 27 29 31 33 39 45 47 49 51 63 65 67 69 75 81 83 85 93 99 
 Total col=20, Total row=27
 bc#: 3527
 c: 2 10 13 19 36 39 42 45 48 51 53 54 56 59 62 65 68 71 74 76 80 82 85 86 88 91 94 96 100 
 r: 57 88 3 10 12 13 16 21 28 30 31 34 39 46 48 49 52 64 66 67 70 75 82 84 85 93 100 
 Total col=29, Total row=27
 bc#: 3528
 c: 2 5 6 8 14 17 22 28 34 36 39 40 42 45 46 48 51 54 60 66 76 82 88 93 94 96 99 100 
 r: 57 89 3 7 13 17 21 25 31 35 39 43 49 53 61 67 71 75 79 85 93 97 
 Total col=28, Total row=22
 bc#: 3529
 c: 10 13 19 22 25 28 31 42 45 48 51 53 54 56 60 65 66 73 76 79 82 85 88 91 93 94 
 r: 57 90 3 8 13 18 21 26 31 36 39 44 49 54 62 67 72 75 80 85 93 98 
 Total col=26, Total row=22
 bc#: 3530
 c: 2 8 10 14 17 19 22 25 28 31 39 45 46 53 59 60 62 65 66 68 71 73 74 76 79 80 86 94 100 
 r: 57 91 3 13 19 21 31 37 39 49 55 67 73 75 85 93 
 Total col=29, Total row=16
 bc#: 3531
 c: 6 13 29 34 40 46 51 60 65 66 68 71 80 82 86 88 91 94 96 99 
 r: 57 92 2 3 13 14 20 21 31 32 38 39 49 50 56 67 68 74 75 85 86 93 
 Total col=20, Total row=22
 bc#: 3532
 c: 2 5 6 8 10 13 14 17 19 22 23 25 28 29 31 34 36 39 40 42 45 46 48 51 53 54 56 59 60 62 65 66 68 71 73 74 76 79 80 82 85 86 88 91 93 94 96 99 100 
 r: 57 93 3 13 21 31 39 49 67 75 85 
 Total col=49, Total row=11
 bc#: 3533
 c: 2 10 14 19 29 31 40 42 46 48 51 53 60 65 66 68 71 74 76 79 85 86 88 91 93 94 96 99 
 r: 57 94 3 4 13 21 22 31 39 40 49 58 67 75 76 85 93 
 Total col=28, Total row=17
 bc#: 3534
 c: 5 6 8 13 17 22 23 25 28 34 36 39 45 54 56 59 62 73 80 82 100 
 r: 57 95 3 5 13 21 23 31 39 41 49 59 67 75 77 85 93 
 Total col=21, Total row=17
 bc#: 3535
 c: 10 19 29 31 40 42 46 48 51 53 54 59 60 62 65 68 71 73 76 79 82 86 93 
 r: 57 96 3 6 13 21 24 31 39 42 49 60 67 75 78 85 93 
 Total col=23, Total row=17
 bc#: 3536
 c: 2 5 6 8 14 17 22 28 34 36 39 40 42 45 46 48 51 54 60 66 76 82 88 93 94 96 99 100 
 r: 57 97 3 7 13 17 21 25 31 35 39 43 49 53 61 67 71 75 79 85 89 93 
 Total col=28, Total row=22
 bc#: 3537
 c: 10 13 19 22 25 28 31 42 45 48 51 53 54 56 60 65 66 73 76 79 82 85 88 91 93 94 
 r: 57 98 3 8 13 18 21 26 31 36 39 44 49 54 62 67 72 75 80 85 90 93 
 Total col=26, Total row=22
 bc#: 3538
 c: 5 6 8 14 17 22 23 25 28 29 31 34 40 46 60 66 73 79 93 99 
 r: 57 99 3 9 11 13 15 21 27 29 31 33 39 45 47 49 51 63 65 67 69 75 81 83 85 87 93 
 Total col=20, Total row=27
 bc#: 3539
 c: 2 10 13 19 36 39 42 45 48 51 53 54 56 59 62 65 68 71 74 76 80 82 85 86 88 91 94 96 100 
 r: 57 100 3 10 12 13 16 21 28 30 31 34 39 46 48 49 52 64 66 67 70 75 82 84 85 88 93 
 Total col=29, Total row=27
 bc#: 3540
 c: 2 4 12 14 21 24 27 40 42 46 48 51 57 58 60 63 66 70 76 81 88 93 94 96 99 
 r: 58 61 4 7 17 22 25 35 40 43 53 71 76 79 89 94 97 
 Total col=25, Total row=17
 bc#: 3541
 c: 1 4 7 9 10 16 18 19 27 31 32 35 37 38 42 48 51 53 57 60 63 65 66 70 76 79 81 85 88 91 93 94 98 
 r: 58 62 4 8 18 22 26 36 40 44 54 72 76 80 90 94 98 
 Total col=33, Total row=17
 bc#: 3542
 c: 12 14 29 31 35 37 40 43 46 49 55 58 60 63 66 79 81 93 98 99 
 r: 58 63 4 9 11 15 22 27 29 33 40 45 47 51 65 69 76 81 83 87 94 99 
 Total col=20, Total row=22
 bc#: 3543
 c: 12 14 29 31 35 37 40 43 46 49 55 58 60 63 66 79 81 93 98 99 
 r: 58 65 4 9 11 15 22 27 29 33 40 45 47 51 63 69 76 81 83 87 94 99 
 Total col=20, Total row=22
 bc#: 3544
 c: 2 10 14 19 29 31 40 42 46 48 51 53 60 65 66 68 71 74 76 79 85 86 88 91 93 94 96 99 
 r: 58 67 3 4 13 21 22 31 39 40 49 57 75 76 85 93 94 
 Total col=28, Total row=17
 bc#: 3545
 c: 12 14 29 31 35 37 40 43 46 49 55 58 60 63 66 79 81 93 98 99 
 r: 58 69 4 9 11 15 22 27 29 33 40 45 47 51 63 65 76 81 83 87 94 99 
 Total col=20, Total row=22
 bc#: 3546
 c: 2 4 12 14 21 24 27 40 42 46 48 51 57 58 60 63 66 70 76 81 88 93 94 96 99 
 r: 58 71 4 7 17 22 25 35 40 43 53 61 76 79 89 94 97 
 Total col=25, Total row=17
 bc#: 3547
 c: 1 4 7 9 10 16 18 19 27 31 32 35 37 38 42 48 51 53 57 60 63 65 66 70 76 79 81 85 88 91 93 94 98 
 r: 58 72 4 8 18 22 26 36 40 44 54 62 76 80 90 94 98 
 Total col=33, Total row=17
 bc#: 3548
 c: 2 4 7 10 14 16 19 26 31 32 35 38 43 46 49 53 55 58 60 65 66 68 71 74 76 79 81 86 94 
 r: 58 73 4 19 22 37 40 55 76 91 94 
 Total col=29, Total row=11
 bc#: 3549
 c: 2 10 14 19 29 31 40 42 46 48 51 53 60 65 66 68 71 74 76 79 85 86 88 91 93 94 96 99 
 r: 58 75 3 4 13 21 22 31 39 40 49 57 67 76 85 93 94 
 Total col=28, Total row=17
 bc#: 3550
 c: 2 4 12 14 21 24 27 40 42 46 48 51 57 58 60 63 66 70 76 81 88 93 94 96 99 
 r: 58 79 4 7 17 22 25 35 40 43 53 61 71 76 89 94 97 
 Total col=25, Total row=17
 bc#: 3551
 c: 1 4 7 9 10 16 18 19 27 31 32 35 37 38 42 48 51 53 57 60 63 65 66 70 76 79 81 85 88 91 93 94 98 
 r: 58 80 4 8 18 22 26 36 40 44 54 62 72 76 90 94 98 
 Total col=33, Total row=17
 bc#: 3552
 c: 12 14 29 31 35 37 40 43 46 49 55 58 60 63 66 79 81 93 98 99 
 r: 58 81 4 9 11 15 22 27 29 33 40 45 47 51 63 65 69 76 83 87 94 99 
 Total col=20, Total row=22
 bc#: 3553
 c: 12 14 29 31 35 37 40 43 46 49 55 58 60 63 66 79 81 93 98 99 
 r: 58 83 4 9 11 15 22 27 29 33 40 45 47 51 63 65 69 76 81 87 94 99 
 Total col=20, Total row=22
 bc#: 3554
 c: 2 10 14 19 29 31 40 42 46 48 51 53 60 65 66 68 71 74 76 79 85 86 88 91 93 94 96 99 
 r: 58 85 3 4 13 21 22 31 39 40 49 57 67 75 76 93 94 
 Total col=28, Total row=17
 bc#: 3555
 c: 12 14 29 31 35 37 40 43 46 49 55 58 60 63 66 79 81 93 98 99 
 r: 58 87 4 9 11 15 22 27 29 33 40 45 47 51 63 65 69 76 81 83 94 99 
 Total col=20, Total row=22
 bc#: 3556
 c: 2 4 12 14 21 24 27 40 42 46 48 51 57 58 60 63 66 70 76 81 88 93 94 96 99 
 r: 58 89 4 7 17 22 25 35 40 43 53 61 71 76 79 94 97 
 Total col=25, Total row=17
 bc#: 3557
 c: 1 4 7 9 10 16 18 19 27 31 32 35 37 38 42 48 51 53 57 60 63 65 66 70 76 79 81 85 88 91 93 94 98 
 r: 58 90 4 8 18 22 26 36 40 44 54 62 72 76 80 94 98 
 Total col=33, Total row=17
 bc#: 3558
 c: 2 4 7 10 14 16 19 26 31 32 35 38 43 46 49 53 55 58 60 65 66 68 71 74 76 79 81 86 94 
 r: 58 91 4 19 22 37 40 55 73 76 94 
 Total col=29, Total row=11
 bc#: 3559
 c: 2 10 14 19 29 31 40 42 46 48 51 53 60 65 66 68 71 74 76 79 85 86 88 91 93 94 96 99 
 r: 58 93 3 4 13 21 22 31 39 40 49 57 67 75 76 85 94 
 Total col=28, Total row=17
 bc#: 3560
 c: 2 4 12 14 21 24 27 40 42 46 48 51 57 58 60 63 66 70 76 81 88 93 94 96 99 
 r: 58 97 4 7 17 22 25 35 40 43 53 61 71 76 79 89 94 
 Total col=25, Total row=17
 bc#: 3561
 c: 1 4 7 9 10 16 18 19 27 31 32 35 37 38 42 48 51 53 57 60 63 65 66 70 76 79 81 85 88 91 93 94 98 
 r: 58 98 4 8 18 22 26 36 40 44 54 62 72 76 80 90 94 
 Total col=33, Total row=17
 bc#: 3562
 c: 12 14 29 31 35 37 40 43 46 49 55 58 60 63 66 79 81 93 98 99 
 r: 58 99 4 9 11 15 22 27 29 33 40 45 47 51 63 65 69 76 81 83 87 94 
 Total col=20, Total row=22
 bc#: 3563
 c: 3 15 54 59 62 64 73 75 82 84 87 90 92 95 97 
 r: 59 60 5 6 23 24 41 42 77 78 95 96 
 Total col=15, Total row=12
 bc#: 3564
 c: 5 6 8 11 17 20 22 28 30 33 34 36 39 45 52 54 64 69 72 75 78 82 84 87 90 100 
 r: 59 61 5 7 17 23 25 35 41 43 53 71 77 79 89 95 97 
 Total col=26, Total row=17
 bc#: 3565
 c: 13 15 22 25 28 41 45 47 54 56 69 73 75 82 84 97 
 r: 59 62 5 8 18 23 26 36 41 44 54 72 77 80 90 95 98 
 Total col=16, Total row=17
 bc#: 3566
 c: 3 5 6 8 11 17 20 22 23 25 28 34 41 47 52 61 67 69 72 73 75 78 84 87 90 92 95 
 r: 59 63 5 9 11 15 23 27 29 33 41 45 47 51 65 69 77 81 83 87 95 99 
 Total col=27, Total row=22
 bc#: 3567
 c: 13 15 30 33 36 39 44 45 50 54 56 59 62 64 80 82 89 97 100 
 r: 59 64 5 10 12 16 23 28 30 34 41 46 48 52 66 70 77 82 84 88 95 100 
 Total col=19, Total row=22
 bc#: 3568
 c: 3 5 6 8 11 17 20 22 23 25 28 34 41 47 52 61 67 69 72 73 75 78 84 87 90 92 95 
 r: 59 65 5 9 11 15 23 27 29 33 41 45 47 51 63 69 77 81 83 87 95 99 
 Total col=27, Total row=22
 bc#: 3569
 c: 13 15 30 33 36 39 44 45 50 54 56 59 62 64 80 82 89 97 100 
 r: 59 66 5 10 12 16 23 28 30 34 41 46 48 52 64 70 77 82 84 88 95 100 
 Total col=19, Total row=22
 bc#: 3570
 c: 5 6 8 13 17 22 23 25 28 34 36 39 45 54 56 59 62 73 80 82 100 
 r: 59 67 3 5 13 21 23 31 39 41 49 57 75 77 85 93 95 
 Total col=21, Total row=17
 bc#: 3571
 c: 3 6 11 13 15 20 34 41 44 47 52 72 75 78 80 82 89 97 
 r: 59 68 2 5 14 20 23 32 38 41 50 56 74 77 86 92 95 
 Total col=18, Total row=17
 bc#: 3572
 c: 3 5 6 8 11 17 20 22 23 25 28 34 41 47 52 61 67 69 72 73 75 78 84 87 90 92 95 
 r: 59 69 5 9 11 15 23 27 29 33 41 45 47 51 63 65 77 81 83 87 95 99 
 Total col=27, Total row=22
 bc#: 3573
 c: 13 15 30 33 36 39 44 45 50 54 56 59 62 64 80 82 89 97 100 
 r: 59 70 5 10 12 16 23 28 30 34 41 46 48 52 64 66 77 82 84 88 95 100 
 Total col=19, Total row=22
 bc#: 3574
 c: 5 6 8 11 17 20 22 28 30 33 34 36 39 45 52 54 64 69 72 75 78 82 84 87 90 100 
 r: 59 71 5 7 17 23 25 35 41 43 53 61 77 79 89 95 97 
 Total col=26, Total row=17
 bc#: 3575
 c: 13 15 22 25 28 41 45 47 54 56 69 73 75 82 84 97 
 r: 59 72 5 8 18 23 26 36 41 44 54 62 77 80 90 95 98 
 Total col=16, Total row=17
 bc#: 3576
 c: 8 11 17 22 25 28 30 39 41 45 52 59 62 73 80 84 87 89 92 95 97 100 
 r: 59 73 5 19 23 37 41 55 77 91 95 
 Total col=22, Total row=11
 bc#: 3577
 c: 3 6 11 13 15 20 34 41 44 47 52 72 75 78 80 82 89 97 
 r: 59 74 2 5 14 20 23 32 38 41 50 56 68 77 86 92 95 
 Total col=18, Total row=17
 bc#: 3578
 c: 5 6 8 13 17 22 23 25 28 34 36 39 45 54 56 59 62 73 80 82 100 
 r: 59 75 3 5 13 21 23 31 39 41 49 57 67 77 85 93 95 
 Total col=21, Total row=17
 bc#: 3579
 c: 3 5 6 8 11 13 15 17 20 22 23 25 28 30 33 34 36 39 41 44 45 47 50 52 54 56 59 61 62 64 67 69 72 73 75 78 80 82 84 87 89 90 92 95 97 100 
 r: 59 77 5 23 41 95 
 Total col=46, Total row=6
 bc#: 3580
 c: 3 15 54 59 62 64 73 75 82 84 87 90 92 95 97 
 r: 59 78 5 6 23 24 41 42 60 77 95 96 
 Total col=15, Total row=12
 bc#: 3581
 c: 5 6 8 11 17 20 22 28 30 33 34 36 39 45 52 54 64 69 72 75 78 82 84 87 90 100 
 r: 59 79 5 7 17 23 25 35 41 43 53 61 71 77 89 95 97 
 Total col=26, Total row=17
 bc#: 3582
 c: 13 15 22 25 28 41 45 47 54 56 69 73 75 82 84 97 
 r: 59 80 5 8 18 23 26 36 41 44 54 62 72 77 90 95 98 
 Total col=16, Total row=17
 bc#: 3583
 c: 3 5 6 8 11 17 20 22 23 25 28 34 41 47 52 61 67 69 72 73 75 78 84 87 90 92 95 
 r: 59 81 5 9 11 15 23 27 29 33 41 45 47 51 63 65 69 77 83 87 95 99 
 Total col=27, Total row=22
 bc#: 3584
 c: 13 15 30 33 36 39 44 45 50 54 56 59 62 64 80 82 89 97 100 
 r: 59 82 5 10 12 16 23 28 30 34 41 46 48 52 64 66 70 77 84 88 95 100 
 Total col=19, Total row=22
 bc#: 3585
 c: 3 5 6 8 11 17 20 22 23 25 28 34 41 47 52 61 67 69 72 73 75 78 84 87 90 92 95 
 r: 59 83 5 9 11 15 23 27 29 33 41 45 47 51 63 65 69 77 81 87 95 99 
 Total col=27, Total row=22
 bc#: 3586
 c: 13 15 30 33 36 39 44 45 50 54 56 59 62 64 80 82 89 97 100 
 r: 59 84 5 10 12 16 23 28 30 34 41 46 48 52 64 66 70 77 82 88 95 100 
 Total col=19, Total row=22
 bc#: 3587
 c: 5 6 8 13 17 22 23 25 28 34 36 39 45 54 56 59 62 73 80 82 100 
 r: 59 85 3 5 13 21 23 31 39 41 49 57 67 75 77 93 95 
 Total col=21, Total row=17
 bc#: 3588
 c: 3 6 11 13 15 20 34 41 44 47 52 72 75 78 80 82 89 97 
 r: 59 86 2 5 14 20 23 32 38 41 50 56 68 74 77 92 95 
 Total col=18, Total row=17
 bc#: 3589
 c: 3 5 6 8 11 17 20 22 23 25 28 34 41 47 52 61 67 69 72 73 75 78 84 87 90 92 95 
 r: 59 87 5 9 11 15 23 27 29 33 41 45 47 51 63 65 69 77 81 83 95 99 
 Total col=27, Total row=22
 bc#: 3590
 c: 13 15 30 33 36 39 44 45 50 54 56 59 62 64 80 82 89 97 100 
 r: 59 88 5 10 12 16 23 28 30 34 41 46 48 52 64 66 70 77 82 84 95 100 
 Total col=19, Total row=22
 bc#: 3591
 c: 5 6 8 11 17 20 22 28 30 33 34 36 39 45 52 54 64 69 72 75 78 82 84 87 90 100 
 r: 59 89 5 7 17 23 25 35 41 43 53 61 71 77 79 95 97 
 Total col=26, Total row=17
 bc#: 3592
 c: 13 15 22 25 28 41 45 47 54 56 69 73 75 82 84 97 
 r: 59 90 5 8 18 23 26 36 41 44 54 62 72 77 80 95 98 
 Total col=16, Total row=17
 bc#: 3593
 c: 8 11 17 22 25 28 30 39 41 45 52 59 62 73 80 84 87 89 92 95 97 100 
 r: 59 91 5 19 23 37 41 55 73 77 95 
 Total col=22, Total row=11
 bc#: 3594
 c: 3 6 11 13 15 20 34 41 44 47 52 72 75 78 80 82 89 97 
 r: 59 92 2 5 14 20 23 32 38 41 50 56 68 74 77 86 95 
 Total col=18, Total row=17
 bc#: 3595
 c: 5 6 8 13 17 22 23 25 28 34 36 39 45 54 56 59 62 73 80 82 100 
 r: 59 93 3 5 13 21 23 31 39 41 49 57 67 75 77 85 95 
 Total col=21, Total row=17
 bc#: 3596
 c: 3 5 6 8 11 13 15 17 20 22 23 25 28 30 33 34 36 39 41 44 45 47 50 52 54 56 59 61 62 64 67 69 72 73 75 78 80 82 84 87 89 90 92 95 97 100 
 r: 59 95 5 23 41 77 
 Total col=46, Total row=6
 bc#: 3597
 c: 3 15 54 59 62 64 73 75 82 84 87 90 92 95 97 
 r: 59 96 5 6 23 24 41 42 60 77 78 95 
 Total col=15, Total row=12
 bc#: 3598
 c: 5 6 8 11 17 20 22 28 30 33 34 36 39 45 52 54 64 69 72 75 78 82 84 87 90 100 
 r: 59 97 5 7 17 23 25 35 41 43 53 61 71 77 79 89 95 
 Total col=26, Total row=17
 bc#: 3599
 c: 13 15 22 25 28 41 45 47 54 56 69 73 75 82 84 97 
 r: 59 98 5 8 18 23 26 36 41 44 54 62 72 77 80 90 95 
 Total col=16, Total row=17
 bc#: 3600
 c: 3 5 6 8 11 17 20 22 23 25 28 34 41 47 52 61 67 69 72 73 75 78 84 87 90 92 95 
 r: 59 99 5 9 11 15 23 27 29 33 41 45 47 51 63 65 69 77 81 83 87 95 
 Total col=27, Total row=22
 bc#: 3601
 c: 13 15 30 33 36 39 44 45 50 54 56 59 62 64 80 82 89 97 100 
 r: 59 100 5 10 12 16 23 28 30 34 41 46 48 52 64 66 70 77 82 84 88 95 
 Total col=19, Total row=22
 bc#: 3602
 c: 4 12 21 24 27 40 42 46 48 51 54 57 60 64 70 75 76 81 82 84 87 90 93 
 r: 60 61 6 7 17 24 25 35 42 43 53 71 78 79 89 96 97 
 Total col=23, Total row=17
 bc#: 3603
 c: 1 4 7 9 10 15 16 18 19 27 31 32 35 37 38 42 48 51 53 54 57 60 65 70 73 75 76 79 81 82 84 93 97 98 
 r: 60 62 6 8 18 24 26 36 42 44 54 72 78 80 90 96 98 
 Total col=34, Total row=17
 bc#: 3604
 c: 3 12 29 31 35 37 40 43 46 49 60 73 75 79 81 84 87 90 92 93 95 98 
 r: 60 63 6 9 11 15 24 27 29 33 42 45 47 51 65 69 78 81 83 87 96 99 
 Total col=22, Total row=22
 bc#: 3605
 c: 1 4 7 9 10 15 16 18 19 21 24 26 27 32 38 42 48 51 53 54 57 59 62 64 65 68 70 71 76 82 86 97 
 r: 60 64 6 10 12 16 24 28 30 34 42 46 48 52 66 70 78 82 84 88 96 100 
 Total col=32, Total row=22
 bc#: 3606
 c: 3 12 29 31 35 37 40 43 46 49 60 73 75 79 81 84 87 90 92 93 95 98 
 r: 60 65 6 9 11 15 24 27 29 33 42 45 47 51 63 69 78 81 83 87 96 99 
 Total col=22, Total row=22
 bc#: 3607
 c: 1 4 7 9 10 15 16 18 19 21 24 26 27 32 38 42 48 51 53 54 57 59 62 64 65 68 70 71 76 82 86 97 
 r: 60 66 6 10 12 16 24 28 30 34 42 46 48 52 64 70 78 82 84 88 96 100 
 Total col=32, Total row=22
 bc#: 3608
 c: 10 19 29 31 40 42 46 48 51 53 54 59 60 62 65 68 71 73 76 79 82 86 93 
 r: 60 67 3 6 13 21 24 31 39 42 49 57 75 78 85 93 96 
 Total col=23, Total row=17
 bc#: 3609
 c: 1 3 4 9 15 16 18 21 24 26 27 29 32 35 37 40 46 49 51 57 60 65 68 71 75 82 86 97 
 r: 60 68 2 6 14 20 24 32 38 42 50 56 74 78 86 92 96 
 Total col=28, Total row=17
 bc#: 3610
 c: 3 12 29 31 35 37 40 43 46 49 60 73 75 79 81 84 87 90 92 93 95 98 
 r: 60 69 6 9 11 15 24 27 29 33 42 45 47 51 63 65 78 81 83 87 96 99 
 Total col=22, Total row=22
 bc#: 3611
 c: 1 4 7 9 10 15 16 18 19 21 24 26 27 32 38 42 48 51 53 54 57 59 62 64 65 68 70 71 76 82 86 97 
 r: 60 70 6 10 12 16 24 28 30 34 42 46 48 52 64 66 78 82 84 88 96 100 
 Total col=32, Total row=22
 bc#: 3612
 c: 4 12 21 24 27 40 42 46 48 51 54 57 60 64 70 75 76 81 82 84 87 90 93 
 r: 60 71 6 7 17 24 25 35 42 43 53 61 78 79 89 96 97 
 Total col=23, Total row=17
 bc#: 3613
 c: 1 4 7 9 10 15 16 18 19 27 31 32 35 37 38 42 48 51 53 54 57 60 65 70 73 75 76 79 81 82 84 93 97 98 
 r: 60 72 6 8 18 24 26 36 42 44 54 62 78 80 90 96 98 
 Total col=34, Total row=17
 bc#: 3614
 c: 4 7 10 16 19 26 31 32 35 38 43 46 49 53 59 60 62 65 68 71 73 76 79 81 84 86 87 92 95 97 
 r: 60 73 6 19 24 37 42 55 78 91 96 
 Total col=30, Total row=11
 bc#: 3615
 c: 1 3 4 9 15 16 18 21 24 26 27 29 32 35 37 40 46 49 51 57 60 65 68 71 75 82 86 97 
 r: 60 74 2 6 14 20 24 32 38 42 50 56 68 78 86 92 96 
 Total col=28, Total row=17
 bc#: 3616
 c: 10 19 29 31 40 42 46 48 51 53 54 59 60 62 65 68 71 73 76 79 82 86 93 
 r: 60 75 3 6 13 21 24 31 39 42 49 57 67 78 85 93 96 
 Total col=23, Total row=17
 bc#: 3617
 c: 3 15 54 59 62 64 73 75 82 84 87 90 92 95 97 
 r: 60 77 5 6 23 24 41 42 59 78 95 96 
 Total col=15, Total row=12
 bc#: 3618
 c: 1 3 4 7 9 10 12 15 16 18 19 21 24 26 27 29 31 32 35 37 38 40 42 43 46 48 49 51 53 54 57 59 60 62 64 65 68 70 71 73 75 76 79 81 82 84 86 87 90 92 93 95 97 98 
 r: 60 78 6 24 42 96 
 Total col=54, Total row=6
 bc#: 3619
 c: 4 12 21 24 27 40 42 46 48 51 54 57 60 64 70 75 76 81 82 84 87 90 93 
 r: 60 79 6 7 17 24 25 35 42 43 53 61 71 78 89 96 97 
 Total col=23, Total row=17
 bc#: 3620
 c: 1 4 7 9 10 15 16 18 19 27 31 32 35 37 38 42 48 51 53 54 57 60 65 70 73 75 76 79 81 82 84 93 97 98 
 r: 60 80 6 8 18 24 26 36 42 44 54 62 72 78 90 96 98 
 Total col=34, Total row=17
 bc#: 3621
 c: 3 12 29 31 35 37 40 43 46 49 60 73 75 79 81 84 87 90 92 93 95 98 
 r: 60 81 6 9 11 15 24 27 29 33 42 45 47 51 63 65 69 78 83 87 96 99 
 Total col=22, Total row=22
 bc#: 3622
 c: 1 4 7 9 10 15 16 18 19 21 24 26 27 32 38 42 48 51 53 54 57 59 62 64 65 68 70 71 76 82 86 97 
 r: 60 82 6 10 12 16 24 28 30 34 42 46 48 52 64 66 70 78 84 88 96 100 
 Total col=32, Total row=22
 bc#: 3623
 c: 3 12 29 31 35 37 40 43 46 49 60 73 75 79 81 84 87 90 92 93 95 98 
 r: 60 83 6 9 11 15 24 27 29 33 42 45 47 51 63 65 69 78 81 87 96 99 
 Total col=22, Total row=22
 bc#: 3624
 c: 1 4 7 9 10 15 16 18 19 21 24 26 27 32 38 42 48 51 53 54 57 59 62 64 65 68 70 71 76 82 86 97 
 r: 60 84 6 10 12 16 24 28 30 34 42 46 48 52 64 66 70 78 82 88 96 100 
 Total col=32, Total row=22
 bc#: 3625
 c: 10 19 29 31 40 42 46 48 51 53 54 59 60 62 65 68 71 73 76 79 82 86 93 
 r: 60 85 3 6 13 21 24 31 39 42 49 57 67 75 78 93 96 
 Total col=23, Total row=17
 bc#: 3626
 c: 1 3 4 9 15 16 18 21 24 26 27 29 32 35 37 40 46 49 51 57 60 65 68 71 75 82 86 97 
 r: 60 86 2 6 14 20 24 32 38 42 50 56 68 74 78 92 96 
 Total col=28, Total row=17
 bc#: 3627
 c: 3 12 29 31 35 37 40 43 46 49 60 73 75 79 81 84 87 90 92 93 95 98 
 r: 60 87 6 9 11 15 24 27 29 33 42 45 47 51 63 65 69 78 81 83 96 99 
 Total col=22, Total row=22
 bc#: 3628
 c: 1 4 7 9 10 15 16 18 19 21 24 26 27 32 38 42 48 51 53 54 57 59 62 64 65 68 70 71 76 82 86 97 
 r: 60 88 6 10 12 16 24 28 30 34 42 46 48 52 64 66 70 78 82 84 96 100 
 Total col=32, Total row=22
 bc#: 3629
 c: 4 12 21 24 27 40 42 46 48 51 54 57 60 64 70 75 76 81 82 84 87 90 93 
 r: 60 89 6 7 17 24 25 35 42 43 53 61 71 78 79 96 97 
 Total col=23, Total row=17
 bc#: 3630
 c: 1 4 7 9 10 15 16 18 19 27 31 32 35 37 38 42 48 51 53 54 57 60 65 70 73 75 76 79 81 82 84 93 97 98 
 r: 60 90 6 8 18 24 26 36 42 44 54 62 72 78 80 96 98 
 Total col=34, Total row=17
 bc#: 3631
 c: 4 7 10 16 19 26 31 32 35 38 43 46 49 53 59 60 62 65 68 71 73 76 79 81 84 86 87 92 95 97 
 r: 60 91 6 19 24 37 42 55 73 78 96 
 Total col=30, Total row=11
 bc#: 3632
 c: 1 3 4 9 15 16 18 21 24 26 27 29 32 35 37 40 46 49 51 57 60 65 68 71 75 82 86 97 
 r: 60 92 2 6 14 20 24 32 38 42 50 56 68 74 78 86 96 
 Total col=28, Total row=17
 bc#: 3633
 c: 10 19 29 31 40 42 46 48 51 53 54 59 60 62 65 68 71 73 76 79 82 86 93 
 r: 60 93 3 6 13 21 24 31 39 42 49 57 67 75 78 85 96 
 Total col=23, Total row=17
 bc#: 3634
 c: 3 15 54 59 62 64 73 75 82 84 87 90 92 95 97 
 r: 60 95 5 6 23 24 41 42 59 77 78 96 
 Total col=15, Total row=12
 bc#: 3635
 c: 1 3 4 7 9 10 12 15 16 18 19 21 24 26 27 29 31 32 35 37 38 40 42 43 46 48 49 51 53 54 57 59 60 62 64 65 68 70 71 73 75 76 79 81 82 84 86 87 90 92 93 95 97 98 
 r: 60 96 6 24 42 78 
 Total col=54, Total row=6
 bc#: 3636
 c: 4 12 21 24 27 40 42 46 48 51 54 57 60 64 70 75 76 81 82 84 87 90 93 
 r: 60 97 6 7 17 24 25 35 42 43 53 61 71 78 79 89 96 
 Total col=23, Total row=17
 bc#: 3637
 c: 1 4 7 9 10 15 16 18 19 27 31 32 35 37 38 42 48 51 53 54 57 60 65 70 73 75 76 79 81 82 84 93 97 98 
 r: 60 98 6 8 18 24 26 36 42 44 54 62 72 78 80 90 96 
 Total col=34, Total row=17
 bc#: 3638
 c: 3 12 29 31 35 37 40 43 46 49 60 73 75 79 81 84 87 90 92 93 95 98 
 r: 60 99 6 9 11 15 24 27 29 33 42 45 47 51 63 65 69 78 81 83 87 96 
 Total col=22, Total row=22
 bc#: 3639
 c: 1 4 7 9 10 15 16 18 19 21 24 26 27 32 38 42 48 51 53 54 57 59 62 64 65 68 70 71 76 82 86 97 
 r: 60 100 6 10 12 16 24 28 30 34 42 46 48 52 64 66 70 78 82 84 88 96 
 Total col=32, Total row=22
 bc#: 3640
 c: 5 6 8 11 12 14 17 20 22 28 34 40 46 52 58 60 63 66 69 72 75 78 81 84 87 90 93 99 
 r: 61 63 7 9 11 15 17 25 27 29 33 35 43 45 47 51 53 65 69 71 79 81 83 87 89 97 99 
 Total col=28, Total row=27
 bc#: 3641
 c: 2 4 21 24 27 30 33 36 39 42 45 48 51 54 57 64 70 76 82 88 94 96 100 
 r: 61 64 7 10 12 16 17 25 28 30 34 35 43 46 48 52 53 66 70 71 79 82 84 88 89 97 100 
 Total col=23, Total row=27
 bc#: 3642
 c: 5 6 8 11 12 14 17 20 22 28 34 40 46 52 58 60 63 66 69 72 75 78 81 84 87 90 93 99 
 r: 61 65 7 9 11 15 17 25 27 29 33 35 43 45 47 51 53 63 69 71 79 81 83 87 89 97 99 
 Total col=28, Total row=27
 bc#: 3643
 c: 2 4 21 24 27 30 33 36 39 42 45 48 51 54 57 64 70 76 82 88 94 96 100 
 r: 61 66 7 10 12 16 17 25 28 30 34 35 43 46 48 52 53 64 70 71 79 82 84 88 89 97 100 
 Total col=23, Total row=27
 bc#: 3644
 c: 2 5 6 8 14 17 22 28 34 36 39 40 42 45 46 48 51 54 60 66 76 82 88 93 94 96 99 100 
 r: 61 67 3 7 13 17 21 25 31 35 39 43 49 53 57 71 75 79 85 89 93 97 
 Total col=28, Total row=22
 bc#: 3645
 c: 4 6 11 20 21 24 27 34 40 46 51 52 57 58 60 63 66 72 75 78 82 88 94 96 99 
 r: 61 68 2 7 14 17 20 25 32 35 38 43 50 53 56 71 74 79 86 89 92 97 
 Total col=25, Total row=22
 bc#: 3646
 c: 5 6 8 11 12 14 17 20 22 28 34 40 46 52 58 60 63 66 69 72 75 78 81 84 87 90 93 99 
 r: 61 69 7 9 11 15 17 25 27 29 33 35 43 45 47 51 53 63 65 71 79 81 83 87 89 97 99 
 Total col=28, Total row=27
 bc#: 3647
 c: 2 4 21 24 27 30 33 36 39 42 45 48 51 54 57 64 70 76 82 88 94 96 100 
 r: 61 70 7 10 12 16 17 25 28 30 34 35 43 46 48 52 53 64 66 71 79 82 84 88 89 97 100 
 Total col=23, Total row=27
 bc#: 3648
 c: 2 4 8 11 14 17 22 28 30 39 45 46 52 58 60 66 76 81 84 87 94 100 
 r: 61 73 7 17 19 25 35 37 43 53 55 71 79 89 91 97 
 Total col=22, Total row=16
 bc#: 3649
 c: 4 6 11 20 21 24 27 34 40 46 51 52 57 58 60 63 66 72 75 78 82 88 94 96 99 
 r: 61 74 2 7 14 17 20 25 32 35 38 43 50 53 56 68 71 79 86 89 92 97 
 Total col=25, Total row=22
 bc#: 3650
 c: 2 5 6 8 14 17 22 28 34 36 39 40 42 45 46 48 51 54 60 66 76 82 88 93 94 96 99 100 
 r: 61 75 3 7 13 17 21 25 31 35 39 43 49 53 57 67 71 79 85 89 93 97 
 Total col=28, Total row=22
 bc#: 3651
 c: 2 4 12 14 21 24 27 40 42 46 48 51 57 58 60 63 66 70 76 81 88 93 94 96 99 
 r: 61 76 4 7 17 22 25 35 40 43 53 58 71 79 89 94 97 
 Total col=25, Total row=17
 bc#: 3652
 c: 5 6 8 11 17 20 22 28 30 33 34 36 39 45 52 54 64 69 72 75 78 82 84 87 90 100 
 r: 61 77 5 7 17 23 25 35 41 43 53 59 71 79 89 95 97 
 Total col=26, Total row=17
 bc#: 3653
 c: 4 12 21 24 27 40 42 46 48 51 54 57 60 64 70 75 76 81 82 84 87 90 93 
 r: 61 78 6 7 17 24 25 35 42 43 53 60 71 79 89 96 97 
 Total col=23, Total row=17
 bc#: 3654
 c: 5 6 8 11 12 14 17 20 22 28 34 40 46 52 58 60 63 66 69 72 75 78 81 84 87 90 93 99 
 r: 61 81 7 9 11 15 17 25 27 29 33 35 43 45 47 51 53 63 65 69 71 79 83 87 89 97 99 
 Total col=28, Total row=27
 bc#: 3655
 c: 2 4 21 24 27 30 33 36 39 42 45 48 51 54 57 64 70 76 82 88 94 96 100 
 r: 61 82 7 10 12 16 17 25 28 30 34 35 43 46 48 52 53 64 66 70 71 79 84 88 89 97 100 
 Total col=23, Total row=27
 bc#: 3656
 c: 5 6 8 11 12 14 17 20 22 28 34 40 46 52 58 60 63 66 69 72 75 78 81 84 87 90 93 99 
 r: 61 83 7 9 11 15 17 25 27 29 33 35 43 45 47 51 53 63 65 69 71 79 81 87 89 97 99 
 Total col=28, Total row=27
 bc#: 3657
 c: 2 4 21 24 27 30 33 36 39 42 45 48 51 54 57 64 70 76 82 88 94 96 100 
 r: 61 84 7 10 12 16 17 25 28 30 34 35 43 46 48 52 53 64 66 70 71 79 82 88 89 97 100 
 Total col=23, Total row=27
 bc#: 3658
 c: 2 5 6 8 14 17 22 28 34 36 39 40 42 45 46 48 51 54 60 66 76 82 88 93 94 96 99 100 
 r: 61 85 3 7 13 17 21 25 31 35 39 43 49 53 57 67 71 75 79 89 93 97 
 Total col=28, Total row=22
 bc#: 3659
 c: 4 6 11 20 21 24 27 34 40 46 51 52 57 58 60 63 66 72 75 78 82 88 94 96 99 
 r: 61 86 2 7 14 17 20 25 32 35 38 43 50 53 56 68 71 74 79 89 92 97 
 Total col=25, Total row=22
 bc#: 3660
 c: 5 6 8 11 12 14 17 20 22 28 34 40 46 52 58 60 63 66 69 72 75 78 81 84 87 90 93 99 
 r: 61 87 7 9 11 15 17 25 27 29 33 35 43 45 47 51 53 63 65 69 71 79 81 83 89 97 99 
 Total col=28, Total row=27
 bc#: 3661
 c: 2 4 21 24 27 30 33 36 39 42 45 48 51 54 57 64 70 76 82 88 94 96 100 
 r: 61 88 7 10 12 16 17 25 28 30 34 35 43 46 48 52 53 64 66 70 71 79 82 84 89 97 100 
 Total col=23, Total row=27
 bc#: 3662
 c: 2 4 8 11 14 17 22 28 30 39 45 46 52 58 60 66 76 81 84 87 94 100 
 r: 61 91 7 17 19 25 35 37 43 53 55 71 73 79 89 97 
 Total col=22, Total row=16
 bc#: 3663
 c: 4 6 11 20 21 24 27 34 40 46 51 52 57 58 60 63 66 72 75 78 82 88 94 96 99 
 r: 61 92 2 7 14 17 20 25 32 35 38 43 50 53 56 68 71 74 79 86 89 97 
 Total col=25, Total row=22
 bc#: 3664
 c: 2 5 6 8 14 17 22 28 34 36 39 40 42 45 46 48 51 54 60 66 76 82 88 93 94 96 99 100 
 r: 61 93 3 7 13 17 21 25 31 35 39 43 49 53 57 67 71 75 79 85 89 97 
 Total col=28, Total row=22
 bc#: 3665
 c: 2 4 12 14 21 24 27 40 42 46 48 51 57 58 60 63 66 70 76 81 88 93 94 96 99 
 r: 61 94 4 7 17 22 25 35 40 43 53 58 71 76 79 89 97 
 Total col=25, Total row=17
 bc#: 3666
 c: 5 6 8 11 17 20 22 28 30 33 34 36 39 45 52 54 64 69 72 75 78 82 84 87 90 100 
 r: 61 95 5 7 17 23 25 35 41 43 53 59 71 77 79 89 97 
 Total col=26, Total row=17
 bc#: 3667
 c: 4 12 21 24 27 40 42 46 48 51 54 57 60 64 70 75 76 81 82 84 87 90 93 
 r: 61 96 6 7 17 24 25 35 42 43 53 60 71 78 79 89 97 
 Total col=23, Total row=17
 bc#: 3668
 c: 5 6 8 11 12 14 17 20 22 28 34 40 46 52 58 60 63 66 69 72 75 78 81 84 87 90 93 99 
 r: 61 99 7 9 11 15 17 25 27 29 33 35 43 45 47 51 53 63 65 69 71 79 81 83 87 89 97 
 Total col=28, Total row=27
 bc#: 3669
 c: 2 4 21 24 27 30 33 36 39 42 45 48 51 54 57 64 70 76 82 88 94 96 100 
 r: 61 100 7 10 12 16 17 25 28 30 34 35 43 46 48 52 53 64 66 70 71 79 82 84 88 89 97 
 Total col=23, Total row=27
 bc#: 3670
 c: 22 25 28 31 35 37 41 47 60 63 66 69 73 75 79 81 84 93 98 
 r: 62 63 8 9 11 15 18 26 27 29 33 36 44 45 47 51 54 65 69 72 80 81 83 87 90 98 99 
 Total col=19, Total row=27
 bc#: 3671
 c: 1 4 7 9 10 13 15 16 18 19 27 32 38 42 45 48 51 53 54 56 57 65 70 76 82 85 88 91 94 97 
 r: 62 64 8 10 12 16 18 26 28 30 34 36 44 46 48 52 54 66 70 72 80 82 84 88 90 98 100 
 Total col=30, Total row=27
 bc#: 3672
 c: 22 25 28 31 35 37 41 47 60 63 66 69 73 75 79 81 84 93 98 
 r: 62 65 8 9 11 15 18 26 27 29 33 36 44 45 47 51 54 63 69 72 80 81 83 87 90 98 99 
 Total col=19, Total row=27
 bc#: 3673
 c: 1 4 7 9 10 13 15 16 18 19 27 32 38 42 45 48 51 53 54 56 57 65 70 76 82 85 88 91 94 97 
 r: 62 66 8 10 12 16 18 26 28 30 34 36 44 46 48 52 54 64 70 72 80 82 84 88 90 98 100 
 Total col=30, Total row=27
 bc#: 3674
 c: 10 13 19 22 25 28 31 42 45 48 51 53 54 56 60 65 66 73 76 79 82 85 88 91 93 94 
 r: 62 67 3 8 13 18 21 26 31 36 39 44 49 54 57 72 75 80 85 90 93 98 
 Total col=26, Total row=22
 bc#: 3675
 c: 1 4 9 13 15 16 18 27 32 35 37 41 47 51 57 60 63 65 66 75 82 88 91 94 97 
 r: 62 68 2 8 14 18 20 26 32 36 38 44 50 54 56 72 74 80 86 90 92 98 
 Total col=25, Total row=22
 bc#: 3676
 c: 22 25 28 31 35 37 41 47 60 63 66 69 73 75 79 81 84 93 98 
 r: 62 69 8 9 11 15 18 26 27 29 33 36 44 45 47 51 54 63 65 72 80 81 83 87 90 98 99 
 Total col=19, Total row=27
 bc#: 3677
 c: 1 4 7 9 10 13 15 16 18 19 27 32 38 42 45 48 51 53 54 56 57 65 70 76 82 85 88 91 94 97 
 r: 62 70 8 10 12 16 18 26 28 30 34 36 44 46 48 52 54 64 66 72 80 82 84 88 90 98 100 
 Total col=30, Total row=27
 bc#: 3678
 c: 4 7 10 16 19 22 25 28 31 32 35 38 41 45 53 60 65 66 73 76 79 81 84 94 97 
 r: 62 73 8 18 19 26 36 37 44 54 55 72 80 90 91 98 
 Total col=25, Total row=16
 bc#: 3679
 c: 1 4 9 13 15 16 18 27 32 35 37 41 47 51 57 60 63 65 66 75 82 88 91 94 97 
 r: 62 74 2 8 14 18 20 26 32 36 38 44 50 54 56 68 72 80 86 90 92 98 
 Total col=25, Total row=22
 bc#: 3680
 c: 10 13 19 22 25 28 31 42 45 48 51 53 54 56 60 65 66 73 76 79 82 85 88 91 93 94 
 r: 62 75 3 8 13 18 21 26 31 36 39 44 49 54 57 67 72 80 85 90 93 98 
 Total col=26, Total row=22
 bc#: 3681
 c: 1 4 7 9 10 16 18 19 27 31 32 35 37 38 42 48 51 53 57 60 63 65 66 70 76 79 81 85 88 91 93 94 98 
 r: 62 76 4 8 18 22 26 36 40 44 54 58 72 80 90 94 98 
 Total col=33, Total row=17
 bc#: 3682
 c: 13 15 22 25 28 41 45 47 54 56 69 73 75 82 84 97 
 r: 62 77 5 8 18 23 26 36 41 44 54 59 72 80 90 95 98 
 Total col=16, Total row=17
 bc#: 3683
 c: 1 4 7 9 10 15 16 18 19 27 31 32 35 37 38 42 48 51 53 54 57 60 65 70 73 75 76 79 81 82 84 93 97 98 
 r: 62 78 6 8 18 24 26 36 42 44 54 60 72 80 90 96 98 
 Total col=34, Total row=17
 bc#: 3684
 c: 22 25 28 31 35 37 41 47 60 63 66 69 73 75 79 81 84 93 98 
 r: 62 81 8 9 11 15 18 26 27 29 33 36 44 45 47 51 54 63 65 69 72 80 83 87 90 98 99 
 Total col=19, Total row=27
 bc#: 3685
 c: 1 4 7 9 10 13 15 16 18 19 27 32 38 42 45 48 51 53 54 56 57 65 70 76 82 85 88 91 94 97 
 r: 62 82 8 10 12 16 18 26 28 30 34 36 44 46 48 52 54 64 66 70 72 80 84 88 90 98 100 
 Total col=30, Total row=27
 bc#: 3686
 c: 22 25 28 31 35 37 41 47 60 63 66 69 73 75 79 81 84 93 98 
 r: 62 83 8 9 11 15 18 26 27 29 33 36 44 45 47 51 54 63 65 69 72 80 81 87 90 98 99 
 Total col=19, Total row=27
 bc#: 3687
 c: 1 4 7 9 10 13 15 16 18 19 27 32 38 42 45 48 51 53 54 56 57 65 70 76 82 85 88 91 94 97 
 r: 62 84 8 10 12 16 18 26 28 30 34 36 44 46 48 52 54 64 66 70 72 80 82 88 90 98 100 
 Total col=30, Total row=27
 bc#: 3688
 c: 10 13 19 22 25 28 31 42 45 48 51 53 54 56 60 65 66 73 76 79 82 85 88 91 93 94 
 r: 62 85 3 8 13 18 21 26 31 36 39 44 49 54 57 67 72 75 80 90 93 98 
 Total col=26, Total row=22
 bc#: 3689
 c: 1 4 9 13 15 16 18 27 32 35 37 41 47 51 57 60 63 65 66 75 82 88 91 94 97 
 r: 62 86 2 8 14 18 20 26 32 36 38 44 50 54 56 68 72 74 80 90 92 98 
 Total col=25, Total row=22
 bc#: 3690
 c: 22 25 28 31 35 37 41 47 60 63 66 69 73 75 79 81 84 93 98 
 r: 62 87 8 9 11 15 18 26 27 29 33 36 44 45 47 51 54 63 65 69 72 80 81 83 90 98 99 
 Total col=19, Total row=27
 bc#: 3691
 c: 1 4 7 9 10 13 15 16 18 19 27 32 38 42 45 48 51 53 54 56 57 65 70 76 82 85 88 91 94 97 
 r: 62 88 8 10 12 16 18 26 28 30 34 36 44 46 48 52 54 64 66 70 72 80 82 84 90 98 100 
 Total col=30, Total row=27
 bc#: 3692
 c: 4 7 10 16 19 22 25 28 31 32 35 38 41 45 53 60 65 66 73 76 79 81 84 94 97 
 r: 62 91 8 18 19 26 36 37 44 54 55 72 73 80 90 98 
 Total col=25, Total row=16
 bc#: 3693
 c: 1 4 9 13 15 16 18 27 32 35 37 41 47 51 57 60 63 65 66 75 82 88 91 94 97 
 r: 62 92 2 8 14 18 20 26 32 36 38 44 50 54 56 68 72 74 80 86 90 98 
 Total col=25, Total row=22
 bc#: 3694
 c: 10 13 19 22 25 28 31 42 45 48 51 53 54 56 60 65 66 73 76 79 82 85 88 91 93 94 
 r: 62 93 3 8 13 18 21 26 31 36 39 44 49 54 57 67 72 75 80 85 90 98 
 Total col=26, Total row=22
 bc#: 3695
 c: 1 4 7 9 10 16 18 19 27 31 32 35 37 38 42 48 51 53 57 60 63 65 66 70 76 79 81 85 88 91 93 94 98 
 r: 62 94 4 8 18 22 26 36 40 44 54 58 72 76 80 90 98 
 Total col=33, Total row=17
 bc#: 3696
 c: 13 15 22 25 28 41 45 47 54 56 69 73 75 82 84 97 
 r: 62 95 5 8 18 23 26 36 41 44 54 59 72 77 80 90 98 
 Total col=16, Total row=17
 bc#: 3697
 c: 1 4 7 9 10 15 16 18 19 27 31 32 35 37 38 42 48 51 53 54 57 60 65 70 73 75 76 79 81 82 84 93 97 98 
 r: 62 96 6 8 18 24 26 36 42 44 54 60 72 78 80 90 98 
 Total col=34, Total row=17
 bc#: 3698
 c: 22 25 28 31 35 37 41 47 60 63 66 69 73 75 79 81 84 93 98 
 r: 62 99 8 9 11 15 18 26 27 29 33 36 44 45 47 51 54 63 65 69 72 80 81 83 87 90 98 
 Total col=19, Total row=27
 bc#: 3699
 c: 1 4 7 9 10 13 15 16 18 19 27 32 38 42 45 48 51 53 54 56 57 65 70 76 82 85 88 91 94 97 
 r: 62 100 8 10 12 16 18 26 28 30 34 36 44 46 48 52 54 64 66 70 72 80 82 84 88 90 98 
 Total col=30, Total row=27
 bc#: 3700
 c: 5 6 8 14 17 22 23 25 28 29 31 34 40 46 60 66 73 79 93 99 
 r: 63 67 3 9 11 13 15 21 27 29 31 33 39 45 47 49 51 57 65 69 75 81 83 85 87 93 99 
 Total col=20, Total row=27
 bc#: 3701
 c: 3 6 11 20 29 34 35 37 40 41 46 47 49 52 55 58 60 63 66 72 75 78 99 
 r: 63 68 2 9 11 14 15 20 27 29 32 33 38 45 47 50 51 56 65 69 74 81 83 86 87 92 99 
 Total col=23, Total row=27
 bc#: 3702
 c: 5 6 8 11 12 14 17 20 22 28 34 40 46 52 58 60 63 66 69 72 75 78 81 84 87 90 93 99 
 r: 63 71 7 9 11 15 17 25 27 29 33 35 43 45 47 51 53 61 65 69 79 81 83 87 89 97 99 
 Total col=28, Total row=27
 bc#: 3703
 c: 22 25 28 31 35 37 41 47 60 63 66 69 73 75 79 81 84 93 98 
 r: 63 72 8 9 11 15 18 26 27 29 33 36 44 45 47 51 54 62 65 69 80 81 83 87 90 98 99 
 Total col=19, Total row=27
 bc#: 3704
 c: 8 11 14 17 22 25 28 31 35 41 43 46 49 52 55 58 60 66 73 79 81 84 87 92 95 
 r: 63 73 9 11 15 19 27 29 33 37 45 47 51 55 65 69 81 83 87 91 99 
 Total col=25, Total row=21
 bc#: 3705
 c: 3 6 11 20 29 34 35 37 40 41 46 47 49 52 55 58 60 63 66 72 75 78 99 
 r: 63 74 2 9 11 14 15 20 27 29 32 33 38 45 47 50 51 56 65 68 69 81 83 86 87 92 99 
 Total col=23, Total row=27
 bc#: 3706
 c: 5 6 8 14 17 22 23 25 28 29 31 34 40 46 60 66 73 79 93 99 
 r: 63 75 3 9 11 13 15 21 27 29 31 33 39 45 47 49 51 57 65 67 69 81 83 85 87 93 99 
 Total col=20, Total row=27
 bc#: 3707
 c: 12 14 29 31 35 37 40 43 46 49 55 58 60 63 66 79 81 93 98 99 
 r: 63 76 4 9 11 15 22 27 29 33 40 45 47 51 58 65 69 81 83 87 94 99 
 Total col=20, Total row=22
 bc#: 3708
 c: 3 5 6 8 11 17 20 22 23 25 28 34 41 47 52 61 67 69 72 73 75 78 84 87 90 92 95 
 r: 63 77 5 9 11 15 23 27 29 33 41 45 47 51 59 65 69 81 83 87 95 99 
 Total col=27, Total row=22
 bc#: 3709
 c: 3 12 29 31 35 37 40 43 46 49 60 73 75 79 81 84 87 90 92 93 95 98 
 r: 63 78 6 9 11 15 24 27 29 33 42 45 47 51 60 65 69 81 83 87 96 99 
 Total col=22, Total row=22
 bc#: 3710
 c: 5 6 8 11 12 14 17 20 22 28 34 40 46 52 58 60 63 66 69 72 75 78 81 84 87 90 93 99 
 r: 63 79 7 9 11 15 17 25 27 29 33 35 43 45 47 51 53 61 65 69 71 81 83 87 89 97 99 
 Total col=28, Total row=27
 bc#: 3711
 c: 22 25 28 31 35 37 41 47 60 63 66 69 73 75 79 81 84 93 98 
 r: 63 80 8 9 11 15 18 26 27 29 33 36 44 45 47 51 54 62 65 69 72 81 83 87 90 98 99 
 Total col=19, Total row=27
 bc#: 3712
 c: 5 6 8 14 17 22 23 25 28 29 31 34 40 46 60 66 73 79 93 99 
 r: 63 85 3 9 11 13 15 21 27 29 31 33 39 45 47 49 51 57 65 67 69 75 81 83 87 93 99 
 Total col=20, Total row=27
 bc#: 3713
 c: 3 6 11 20 29 34 35 37 40 41 46 47 49 52 55 58 60 63 66 72 75 78 99 
 r: 63 86 2 9 11 14 15 20 27 29 32 33 38 45 47 50 51 56 65 68 69 74 81 83 87 92 99 
 Total col=23, Total row=27
 bc#: 3714
 c: 5 6 8 11 12 14 17 20 22 28 34 40 46 52 58 60 63 66 69 72 75 78 81 84 87 90 93 99 
 r: 63 89 7 9 11 15 17 25 27 29 33 35 43 45 47 51 53 61 65 69 71 79 81 83 87 97 99 
 Total col=28, Total row=27
 bc#: 3715
 c: 22 25 28 31 35 37 41 47 60 63 66 69 73 75 79 81 84 93 98 
 r: 63 90 8 9 11 15 18 26 27 29 33 36 44 45 47 51 54 62 65 69 72 80 81 83 87 98 99 
 Total col=19, Total row=27
 bc#: 3716
 c: 8 11 14 17 22 25 28 31 35 41 43 46 49 52 55 58 60 66 73 79 81 84 87 92 95 
 r: 63 91 9 11 15 19 27 29 33 37 45 47 51 55 65 69 73 81 83 87 99 
 Total col=25, Total row=21
 bc#: 3717
 c: 3 6 11 20 29 34 35 37 40 41 46 47 49 52 55 58 60 63 66 72 75 78 99 
 r: 63 92 2 9 11 14 15 20 27 29 32 33 38 45 47 50 51 56 65 68 69 74 81 83 86 87 99 
 Total col=23, Total row=27
 bc#: 3718
 c: 5 6 8 14 17 22 23 25 28 29 31 34 40 46 60 66 73 79 93 99 
 r: 63 93 3 9 11 13 15 21 27 29 31 33 39 45 47 49 51 57 65 67 69 75 81 83 85 87 99 
 Total col=20, Total row=27
 bc#: 3719
 c: 12 14 29 31 35 37 40 43 46 49 55 58 60 63 66 79 81 93 98 99 
 r: 63 94 4 9 11 15 22 27 29 33 40 45 47 51 58 65 69 76 81 83 87 99 
 Total col=20, Total row=22
 bc#: 3720
 c: 3 5 6 8 11 17 20 22 23 25 28 34 41 47 52 61 67 69 72 73 75 78 84 87 90 92 95 
 r: 63 95 5 9 11 15 23 27 29 33 41 45 47 51 59 65 69 77 81 83 87 99 
 Total col=27, Total row=22
 bc#: 3721
 c: 3 12 29 31 35 37 40 43 46 49 60 73 75 79 81 84 87 90 92 93 95 98 
 r: 63 96 6 9 11 15 24 27 29 33 42 45 47 51 60 65 69 78 81 83 87 99 
 Total col=22, Total row=22
 bc#: 3722
 c: 5 6 8 11 12 14 17 20 22 28 34 40 46 52 58 60 63 66 69 72 75 78 81 84 87 90 93 99 
 r: 63 97 7 9 11 15 17 25 27 29 33 35 43 45 47 51 53 61 65 69 71 79 81 83 87 89 99 
 Total col=28, Total row=27
 bc#: 3723
 c: 22 25 28 31 35 37 41 47 60 63 66 69 73 75 79 81 84 93 98 
 r: 63 98 8 9 11 15 18 26 27 29 33 36 44 45 47 51 54 62 65 69 72 80 81 83 87 90 99 
 Total col=19, Total row=27
 bc#: 3724
 c: 1 2 4 7 9 10 13 15 16 18 19 21 24 26 27 30 32 33 36 38 39 42 44 45 48 50 51 53 54 56 57 59 62 64 65 68 70 71 74 76 77 80 82 83 85 86 88 89 91 94 96 97 100 
 r: 64 66 10 12 16 28 30 34 46 48 52 70 82 84 88 100 
 Total col=53, Total row=16
 bc#: 3725
 c: 2 10 13 19 36 39 42 45 48 51 53 54 56 59 62 65 68 71 74 76 80 82 85 86 88 91 94 96 100 
 r: 64 67 3 10 12 13 16 21 28 30 31 34 39 46 48 49 52 57 66 70 75 82 84 85 88 93 100 
 Total col=29, Total row=27
 bc#: 3726
 c: 1 4 9 13 15 16 18 21 24 26 27 32 44 51 57 65 68 71 77 80 82 83 86 88 89 91 94 96 97 
 r: 64 68 2 10 12 14 16 20 28 30 32 34 38 46 48 50 52 56 66 70 74 82 84 86 88 92 100 
 Total col=29, Total row=27
 bc#: 3727
 c: 1 2 4 7 9 10 13 15 16 18 19 21 24 26 27 30 32 33 36 38 39 42 44 45 48 50 51 53 54 56 57 59 62 64 65 68 70 71 74 76 77 80 82 83 85 86 88 89 91 94 96 97 100 
 r: 64 70 10 12 16 28 30 34 46 48 52 66 82 84 88 100 
 Total col=53, Total row=16
 bc#: 3728
 c: 2 4 21 24 27 30 33 36 39 42 45 48 51 54 57 64 70 76 82 88 94 96 100 
 r: 64 71 7 10 12 16 17 25 28 30 34 35 43 46 48 52 53 61 66 70 79 82 84 88 89 97 100 
 Total col=23, Total row=27
 bc#: 3729
 c: 1 4 7 9 10 13 15 16 18 19 27 32 38 42 45 48 51 53 54 56 57 65 70 76 82 85 88 91 94 97 
 r: 64 72 8 10 12 16 18 26 28 30 34 36 44 46 48 52 54 62 66 70 80 82 84 88 90 98 100 
 Total col=30, Total row=27
 bc#: 3730
 c: 2 4 7 10 16 19 26 30 32 38 39 45 53 59 62 65 68 71 74 76 80 86 89 94 97 100 
 r: 64 73 10 12 16 19 28 30 34 37 46 48 52 55 66 70 82 84 88 91 100 
 Total col=26, Total row=21
 bc#: 3731
 c: 1 4 9 13 15 16 18 21 24 26 27 32 44 51 57 65 68 71 77 80 82 83 86 88 89 91 94 96 97 
 r: 64 74 2 10 12 14 16 20 28 30 32 34 38 46 48 50 52 56 66 68 70 82 84 86 88 92 100 
 Total col=29, Total row=27
 bc#: 3732
 c: 2 10 13 19 36 39 42 45 48 51 53 54 56 59 62 65 68 71 74 76 80 82 85 86 88 91 94 96 100 
 r: 64 75 3 10 12 13 16 21 28 30 31 34 39 46 48 49 52 57 66 67 70 82 84 85 88 93 100 
 Total col=29, Total row=27
 bc#: 3733
 c: 13 15 30 33 36 39 44 45 50 54 56 59 62 64 80 82 89 97 100 
 r: 64 77 5 10 12 16 23 28 30 34 41 46 48 52 59 66 70 82 84 88 95 100 
 Total col=19, Total row=22
 bc#: 3734
 c: 1 4 7 9 10 15 16 18 19 21 24 26 27 32 38 42 48 51 53 54 57 59 62 64 65 68 70 71 76 82 86 97 
 r: 64 78 6 10 12 16 24 28 30 34 42 46 48 52 60 66 70 82 84 88 96 100 
 Total col=32, Total row=22
 bc#: 3735
 c: 2 4 21 24 27 30 33 36 39 42 45 48 51 54 57 64 70 76 82 88 94 96 100 
 r: 64 79 7 10 12 16 17 25 28 30 34 35 43 46 48 52 53 61 66 70 71 82 84 88 89 97 100 
 Total col=23, Total row=27
 bc#: 3736
 c: 1 4 7 9 10 13 15 16 18 19 27 32 38 42 45 48 51 53 54 56 57 65 70 76 82 85 88 91 94 97 
 r: 64 80 8 10 12 16 18 26 28 30 34 36 44 46 48 52 54 62 66 70 72 82 84 88 90 98 100 
 Total col=30, Total row=27
 bc#: 3737
 c: 1 2 4 7 9 10 13 15 16 18 19 21 24 26 27 30 32 33 36 38 39 42 44 45 48 50 51 53 54 56 57 59 62 64 65 68 70 71 74 76 77 80 82 83 85 86 88 89 91 94 96 97 100 
 r: 64 82 10 12 16 28 30 34 46 48 52 66 70 84 88 100 
 Total col=53, Total row=16
 bc#: 3738
 c: 1 2 4 7 9 10 13 15 16 18 19 21 24 26 27 30 32 33 36 38 39 42 44 45 48 50 51 53 54 56 57 59 62 64 65 68 70 71 74 76 77 80 82 83 85 86 88 89 91 94 96 97 100 
 r: 64 84 10 12 16 28 30 34 46 48 52 66 70 82 88 100 
 Total col=53, Total row=16
 bc#: 3739
 c: 2 10 13 19 36 39 42 45 48 51 53 54 56 59 62 65 68 71 74 76 80 82 85 86 88 91 94 96 100 
 r: 64 85 3 10 12 13 16 21 28 30 31 34 39 46 48 49 52 57 66 67 70 75 82 84 88 93 100 
 Total col=29, Total row=27
 bc#: 3740
 c: 1 4 9 13 15 16 18 21 24 26 27 32 44 51 57 65 68 71 77 80 82 83 86 88 89 91 94 96 97 
 r: 64 86 2 10 12 14 16 20 28 30 32 34 38 46 48 50 52 56 66 68 70 74 82 84 88 92 100 
 Total col=29, Total row=27
 bc#: 3741
 c: 1 2 4 7 9 10 13 15 16 18 19 21 24 26 27 30 32 33 36 38 39 42 44 45 48 50 51 53 54 56 57 59 62 64 65 68 70 71 74 76 77 80 82 83 85 86 88 89 91 94 96 97 100 
 r: 64 88 10 12 16 28 30 34 46 48 52 66 70 82 84 100 
 Total col=53, Total row=16
 bc#: 3742
 c: 2 4 21 24 27 30 33 36 39 42 45 48 51 54 57 64 70 76 82 88 94 96 100 
 r: 64 89 7 10 12 16 17 25 28 30 34 35 43 46 48 52 53 61 66 70 71 79 82 84 88 97 100 
 Total col=23, Total row=27
 bc#: 3743
 c: 1 4 7 9 10 13 15 16 18 19 27 32 38 42 45 48 51 53 54 56 57 65 70 76 82 85 88 91 94 97 
 r: 64 90 8 10 12 16 18 26 28 30 34 36 44 46 48 52 54 62 66 70 72 80 82 84 88 98 100 
 Total col=30, Total row=27
 bc#: 3744
 c: 2 4 7 10 16 19 26 30 32 38 39 45 53 59 62 65 68 71 74 76 80 86 89 94 97 100 
 r: 64 91 10 12 16 19 28 30 34 37 46 48 52 55 66 70 73 82 84 88 100 
 Total col=26, Total row=21
 bc#: 3745
 c: 1 4 9 13 15 16 18 21 24 26 27 32 44 51 57 65 68 71 77 80 82 83 86 88 89 91 94 96 97 
 r: 64 92 2 10 12 14 16 20 28 30 32 34 38 46 48 50 52 56 66 68 70 74 82 84 86 88 100 
 Total col=29, Total row=27
 bc#: 3746
 c: 2 10 13 19 36 39 42 45 48 51 53 54 56 59 62 65 68 71 74 76 80 82 85 86 88 91 94 96 100 
 r: 64 93 3 10 12 13 16 21 28 30 31 34 39 46 48 49 52 57 66 67 70 75 82 84 85 88 100 
 Total col=29, Total row=27
 bc#: 3747
 c: 13 15 30 33 36 39 44 45 50 54 56 59 62 64 80 82 89 97 100 
 r: 64 95 5 10 12 16 23 28 30 34 41 46 48 52 59 66 70 77 82 84 88 100 
 Total col=19, Total row=22
 bc#: 3748
 c: 1 4 7 9 10 15 16 18 19 21 24 26 27 32 38 42 48 51 53 54 57 59 62 64 65 68 70 71 76 82 86 97 
 r: 64 96 6 10 12 16 24 28 30 34 42 46 48 52 60 66 70 78 82 84 88 100 
 Total col=32, Total row=22
 bc#: 3749
 c: 2 4 21 24 27 30 33 36 39 42 45 48 51 54 57 64 70 76 82 88 94 96 100 
 r: 64 97 7 10 12 16 17 25 28 30 34 35 43 46 48 52 53 61 66 70 71 79 82 84 88 89 100 
 Total col=23, Total row=27
 bc#: 3750
 c: 1 4 7 9 10 13 15 16 18 19 27 32 38 42 45 48 51 53 54 56 57 65 70 76 82 85 88 91 94 97 
 r: 64 98 8 10 12 16 18 26 28 30 34 36 44 46 48 52 54 62 66 70 72 80 82 84 88 90 100 
 Total col=30, Total row=27
 bc#: 3751
 c: 1 2 4 7 9 10 13 15 16 18 19 21 24 26 27 30 32 33 36 38 39 42 44 45 48 50 51 53 54 56 57 59 62 64 65 68 70 71 74 76 77 80 82 83 85 86 88 89 91 94 96 97 100 
 r: 64 100 10 12 16 28 30 34 46 48 52 66 70 82 84 88 
 Total col=53, Total row=16
 bc#: 3752
 c: 5 6 8 14 17 22 23 25 28 29 31 34 40 46 60 66 73 79 93 99 
 r: 65 67 3 9 11 13 15 21 27 29 31 33 39 45 47 49 51 57 63 69 75 81 83 85 87 93 99 
 Total col=20, Total row=27
 bc#: 3753
 c: 3 6 11 20 29 34 35 37 40 41 46 47 49 52 55 58 60 63 66 72 75 78 99 
 r: 65 68 2 9 11 14 15 20 27 29 32 33 38 45 47 50 51 56 63 69 74 81 83 86 87 92 99 
 Total col=23, Total row=27
 bc#: 3754
 c: 5 6 8 11 12 14 17 20 22 28 34 40 46 52 58 60 63 66 69 72 75 78 81 84 87 90 93 99 
 r: 65 71 7 9 11 15 17 25 27 29 33 35 43 45 47 51 53 61 63 69 79 81 83 87 89 97 99 
 Total col=28, Total row=27
 bc#: 3755
 c: 22 25 28 31 35 37 41 47 60 63 66 69 73 75 79 81 84 93 98 
 r: 65 72 8 9 11 15 18 26 27 29 33 36 44 45 47 51 54 62 63 69 80 81 83 87 90 98 99 
 Total col=19, Total row=27
 bc#: 3756
 c: 8 11 14 17 22 25 28 31 35 41 43 46 49 52 55 58 60 66 73 79 81 84 87 92 95 
 r: 65 73 9 11 15 19 27 29 33 37 45 47 51 55 63 69 81 83 87 91 99 
 Total col=25, Total row=21
 bc#: 3757
 c: 3 6 11 20 29 34 35 37 40 41 46 47 49 52 55 58 60 63 66 72 75 78 99 
 r: 65 74 2 9 11 14 15 20 27 29 32 33 38 45 47 50 51 56 63 68 69 81 83 86 87 92 99 
 Total col=23, Total row=27
 bc#: 3758
 c: 5 6 8 14 17 22 23 25 28 29 31 34 40 46 60 66 73 79 93 99 
 r: 65 75 3 9 11 13 15 21 27 29 31 33 39 45 47 49 51 57 63 67 69 81 83 85 87 93 99 
 Total col=20, Total row=27
 bc#: 3759
 c: 12 14 29 31 35 37 40 43 46 49 55 58 60 63 66 79 81 93 98 99 
 r: 65 76 4 9 11 15 22 27 29 33 40 45 47 51 58 63 69 81 83 87 94 99 
 Total col=20, Total row=22
 bc#: 3760
 c: 3 5 6 8 11 17 20 22 23 25 28 34 41 47 52 61 67 69 72 73 75 78 84 87 90 92 95 
 r: 65 77 5 9 11 15 23 27 29 33 41 45 47 51 59 63 69 81 83 87 95 99 
 Total col=27, Total row=22
 bc#: 3761
 c: 3 12 29 31 35 37 40 43 46 49 60 73 75 79 81 84 87 90 92 93 95 98 
 r: 65 78 6 9 11 15 24 27 29 33 42 45 47 51 60 63 69 81 83 87 96 99 
 Total col=22, Total row=22
 bc#: 3762
 c: 5 6 8 11 12 14 17 20 22 28 34 40 46 52 58 60 63 66 69 72 75 78 81 84 87 90 93 99 
 r: 65 79 7 9 11 15 17 25 27 29 33 35 43 45 47 51 53 61 63 69 71 81 83 87 89 97 99 
 Total col=28, Total row=27
 bc#: 3763
 c: 22 25 28 31 35 37 41 47 60 63 66 69 73 75 79 81 84 93 98 
 r: 65 80 8 9 11 15 18 26 27 29 33 36 44 45 47 51 54 62 63 69 72 81 83 87 90 98 99 
 Total col=19, Total row=27
 bc#: 3764
 c: 5 6 8 14 17 22 23 25 28 29 31 34 40 46 60 66 73 79 93 99 
 r: 65 85 3 9 11 13 15 21 27 29 31 33 39 45 47 49 51 57 63 67 69 75 81 83 87 93 99 
 Total col=20, Total row=27
 bc#: 3765
 c: 3 6 11 20 29 34 35 37 40 41 46 47 49 52 55 58 60 63 66 72 75 78 99 
 r: 65 86 2 9 11 14 15 20 27 29 32 33 38 45 47 50 51 56 63 68 69 74 81 83 87 92 99 
 Total col=23, Total row=27
 bc#: 3766
 c: 5 6 8 11 12 14 17 20 22 28 34 40 46 52 58 60 63 66 69 72 75 78 81 84 87 90 93 99 
 r: 65 89 7 9 11 15 17 25 27 29 33 35 43 45 47 51 53 61 63 69 71 79 81 83 87 97 99 
 Total col=28, Total row=27
 bc#: 3767
 c: 22 25 28 31 35 37 41 47 60 63 66 69 73 75 79 81 84 93 98 
 r: 65 90 8 9 11 15 18 26 27 29 33 36 44 45 47 51 54 62 63 69 72 80 81 83 87 98 99 
 Total col=19, Total row=27
 bc#: 3768
 c: 8 11 14 17 22 25 28 31 35 41 43 46 49 52 55 58 60 66 73 79 81 84 87 92 95 
 r: 65 91 9 11 15 19 27 29 33 37 45 47 51 55 63 69 73 81 83 87 99 
 Total col=25, Total row=21
 bc#: 3769
 c: 3 6 11 20 29 34 35 37 40 41 46 47 49 52 55 58 60 63 66 72 75 78 99 
 r: 65 92 2 9 11 14 15 20 27 29 32 33 38 45 47 50 51 56 63 68 69 74 81 83 86 87 99 
 Total col=23, Total row=27
 bc#: 3770
 c: 5 6 8 14 17 22 23 25 28 29 31 34 40 46 60 66 73 79 93 99 
 r: 65 93 3 9 11 13 15 21 27 29 31 33 39 45 47 49 51 57 63 67 69 75 81 83 85 87 99 
 Total col=20, Total row=27
 bc#: 3771
 c: 12 14 29 31 35 37 40 43 46 49 55 58 60 63 66 79 81 93 98 99 
 r: 65 94 4 9 11 15 22 27 29 33 40 45 47 51 58 63 69 76 81 83 87 99 
 Total col=20, Total row=22
 bc#: 3772
 c: 3 5 6 8 11 17 20 22 23 25 28 34 41 47 52 61 67 69 72 73 75 78 84 87 90 92 95 
 r: 65 95 5 9 11 15 23 27 29 33 41 45 47 51 59 63 69 77 81 83 87 99 
 Total col=27, Total row=22
 bc#: 3773
 c: 3 12 29 31 35 37 40 43 46 49 60 73 75 79 81 84 87 90 92 93 95 98 
 r: 65 96 6 9 11 15 24 27 29 33 42 45 47 51 60 63 69 78 81 83 87 99 
 Total col=22, Total row=22
 bc#: 3774
 c: 5 6 8 11 12 14 17 20 22 28 34 40 46 52 58 60 63 66 69 72 75 78 81 84 87 90 93 99 
 r: 65 97 7 9 11 15 17 25 27 29 33 35 43 45 47 51 53 61 63 69 71 79 81 83 87 89 99 
 Total col=28, Total row=27
 bc#: 3775
 c: 22 25 28 31 35 37 41 47 60 63 66 69 73 75 79 81 84 93 98 
 r: 65 98 8 9 11 15 18 26 27 29 33 36 44 45 47 51 54 62 63 69 72 80 81 83 87 90 99 
 Total col=19, Total row=27
 bc#: 3776
 c: 2 10 13 19 36 39 42 45 48 51 53 54 56 59 62 65 68 71 74 76 80 82 85 86 88 91 94 96 100 
 r: 66 67 3 10 12 13 16 21 28 30 31 34 39 46 48 49 52 57 64 70 75 82 84 85 88 93 100 
 Total col=29, Total row=27
 bc#: 3777
 c: 1 4 9 13 15 16 18 21 24 26 27 32 44 51 57 65 68 71 77 80 82 83 86 88 89 91 94 96 97 
 r: 66 68 2 10 12 14 16 20 28 30 32 34 38 46 48 50 52 56 64 70 74 82 84 86 88 92 100 
 Total col=29, Total row=27
 bc#: 3778
 c: 1 2 4 7 9 10 13 15 16 18 19 21 24 26 27 30 32 33 36 38 39 42 44 45 48 50 51 53 54 56 57 59 62 64 65 68 70 71 74 76 77 80 82 83 85 86 88 89 91 94 96 97 100 
 r: 66 70 10 12 16 28 30 34 46 48 52 64 82 84 88 100 
 Total col=53, Total row=16
 bc#: 3779
 c: 2 4 21 24 27 30 33 36 39 42 45 48 51 54 57 64 70 76 82 88 94 96 100 
 r: 66 71 7 10 12 16 17 25 28 30 34 35 43 46 48 52 53 61 64 70 79 82 84 88 89 97 100 
 Total col=23, Total row=27
 bc#: 3780
 c: 1 4 7 9 10 13 15 16 18 19 27 32 38 42 45 48 51 53 54 56 57 65 70 76 82 85 88 91 94 97 
 r: 66 72 8 10 12 16 18 26 28 30 34 36 44 46 48 52 54 62 64 70 80 82 84 88 90 98 100 
 Total col=30, Total row=27
 bc#: 3781
 c: 2 4 7 10 16 19 26 30 32 38 39 45 53 59 62 65 68 71 74 76 80 86 89 94 97 100 
 r: 66 73 10 12 16 19 28 30 34 37 46 48 52 55 64 70 82 84 88 91 100 
 Total col=26, Total row=21
 bc#: 3782
 c: 1 4 9 13 15 16 18 21 24 26 27 32 44 51 57 65 68 71 77 80 82 83 86 88 89 91 94 96 97 
 r: 66 74 2 10 12 14 16 20 28 30 32 34 38 46 48 50 52 56 64 68 70 82 84 86 88 92 100 
 Total col=29, Total row=27
 bc#: 3783
 c: 2 10 13 19 36 39 42 45 48 51 53 54 56 59 62 65 68 71 74 76 80 82 85 86 88 91 94 96 100 
 r: 66 75 3 10 12 13 16 21 28 30 31 34 39 46 48 49 52 57 64 67 70 82 84 85 88 93 100 
 Total col=29, Total row=27
 bc#: 3784
 c: 13 15 30 33 36 39 44 45 50 54 56 59 62 64 80 82 89 97 100 
 r: 66 77 5 10 12 16 23 28 30 34 41 46 48 52 59 64 70 82 84 88 95 100 
 Total col=19, Total row=22
 bc#: 3785
 c: 1 4 7 9 10 15 16 18 19 21 24 26 27 32 38 42 48 51 53 54 57 59 62 64 65 68 70 71 76 82 86 97 
 r: 66 78 6 10 12 16 24 28 30 34 42 46 48 52 60 64 70 82 84 88 96 100 
 Total col=32, Total row=22
 bc#: 3786
 c: 2 4 21 24 27 30 33 36 39 42 45 48 51 54 57 64 70 76 82 88 94 96 100 
 r: 66 79 7 10 12 16 17 25 28 30 34 35 43 46 48 52 53 61 64 70 71 82 84 88 89 97 100 
 Total col=23, Total row=27
 bc#: 3787
 c: 1 4 7 9 10 13 15 16 18 19 27 32 38 42 45 48 51 53 54 56 57 65 70 76 82 85 88 91 94 97 
 r: 66 80 8 10 12 16 18 26 28 30 34 36 44 46 48 52 54 62 64 70 72 82 84 88 90 98 100 
 Total col=30, Total row=27
 bc#: 3788
 c: 1 2 4 7 9 10 13 15 16 18 19 21 24 26 27 30 32 33 36 38 39 42 44 45 48 50 51 53 54 56 57 59 62 64 65 68 70 71 74 76 77 80 82 83 85 86 88 89 91 94 96 97 100 
 r: 66 82 10 12 16 28 30 34 46 48 52 64 70 84 88 100 
 Total col=53, Total row=16
 bc#: 3789
 c: 1 2 4 7 9 10 13 15 16 18 19 21 24 26 27 30 32 33 36 38 39 42 44 45 48 50 51 53 54 56 57 59 62 64 65 68 70 71 74 76 77 80 82 83 85 86 88 89 91 94 96 97 100 
 r: 66 84 10 12 16 28 30 34 46 48 52 64 70 82 88 100 
 Total col=53, Total row=16
 bc#: 3790
 c: 2 10 13 19 36 39 42 45 48 51 53 54 56 59 62 65 68 71 74 76 80 82 85 86 88 91 94 96 100 
 r: 66 85 3 10 12 13 16 21 28 30 31 34 39 46 48 49 52 57 64 67 70 75 82 84 88 93 100 
 Total col=29, Total row=27
 bc#: 3791
 c: 1 4 9 13 15 16 18 21 24 26 27 32 44 51 57 65 68 71 77 80 82 83 86 88 89 91 94 96 97 
 r: 66 86 2 10 12 14 16 20 28 30 32 34 38 46 48 50 52 56 64 68 70 74 82 84 88 92 100 
 Total col=29, Total row=27
 bc#: 3792
 c: 1 2 4 7 9 10 13 15 16 18 19 21 24 26 27 30 32 33 36 38 39 42 44 45 48 50 51 53 54 56 57 59 62 64 65 68 70 71 74 76 77 80 82 83 85 86 88 89 91 94 96 97 100 
 r: 66 88 10 12 16 28 30 34 46 48 52 64 70 82 84 100 
 Total col=53, Total row=16
 bc#: 3793
 c: 2 4 21 24 27 30 33 36 39 42 45 48 51 54 57 64 70 76 82 88 94 96 100 
 r: 66 89 7 10 12 16 17 25 28 30 34 35 43 46 48 52 53 61 64 70 71 79 82 84 88 97 100 
 Total col=23, Total row=27
 bc#: 3794
 c: 1 4 7 9 10 13 15 16 18 19 27 32 38 42 45 48 51 53 54 56 57 65 70 76 82 85 88 91 94 97 
 r: 66 90 8 10 12 16 18 26 28 30 34 36 44 46 48 52 54 62 64 70 72 80 82 84 88 98 100 
 Total col=30, Total row=27
 bc#: 3795
 c: 2 4 7 10 16 19 26 30 32 38 39 45 53 59 62 65 68 71 74 76 80 86 89 94 97 100 
 r: 66 91 10 12 16 19 28 30 34 37 46 48 52 55 64 70 73 82 84 88 100 
 Total col=26, Total row=21
 bc#: 3796
 c: 1 4 9 13 15 16 18 21 24 26 27 32 44 51 57 65 68 71 77 80 82 83 86 88 89 91 94 96 97 
 r: 66 92 2 10 12 14 16 20 28 30 32 34 38 46 48 50 52 56 64 68 70 74 82 84 86 88 100 
 Total col=29, Total row=27
 bc#: 3797
 c: 2 10 13 19 36 39 42 45 48 51 53 54 56 59 62 65 68 71 74 76 80 82 85 86 88 91 94 96 100 
 r: 66 93 3 10 12 13 16 21 28 30 31 34 39 46 48 49 52 57 64 67 70 75 82 84 85 88 100 
 Total col=29, Total row=27
 bc#: 3798
 c: 13 15 30 33 36 39 44 45 50 54 56 59 62 64 80 82 89 97 100 
 r: 66 95 5 10 12 16 23 28 30 34 41 46 48 52 59 64 70 77 82 84 88 100 
 Total col=19, Total row=22
 bc#: 3799
 c: 1 4 7 9 10 15 16 18 19 21 24 26 27 32 38 42 48 51 53 54 57 59 62 64 65 68 70 71 76 82 86 97 
 r: 66 96 6 10 12 16 24 28 30 34 42 46 48 52 60 64 70 78 82 84 88 100 
 Total col=32, Total row=22
 bc#: 3800
 c: 2 4 21 24 27 30 33 36 39 42 45 48 51 54 57 64 70 76 82 88 94 96 100 
 r: 66 97 7 10 12 16 17 25 28 30 34 35 43 46 48 52 53 61 64 70 71 79 82 84 88 89 100 
 Total col=23, Total row=27
 bc#: 3801
 c: 1 4 7 9 10 13 15 16 18 19 27 32 38 42 45 48 51 53 54 56 57 65 70 76 82 85 88 91 94 97 
 r: 66 98 8 10 12 16 18 26 28 30 34 36 44 46 48 52 54 62 64 70 72 80 82 84 88 90 100 
 Total col=30, Total row=27
 bc#: 3802
 c: 1 2 4 7 9 10 13 15 16 18 19 21 24 26 27 30 32 33 36 38 39 42 44 45 48 50 51 53 54 56 57 59 62 64 65 68 70 71 74 76 77 80 82 83 85 86 88 89 91 94 96 97 100 
 r: 66 100 10 12 16 28 30 34 46 48 52 64 70 82 84 88 
 Total col=53, Total row=16
 bc#: 3803
 c: 6 13 29 34 40 46 51 60 65 66 68 71 80 82 86 88 91 94 96 99 
 r: 67 68 2 3 13 14 20 21 31 32 38 39 49 50 56 57 74 75 85 86 92 93 
 Total col=20, Total row=22
 bc#: 3804
 c: 5 6 8 14 17 22 23 25 28 29 31 34 40 46 60 66 73 79 93 99 
 r: 67 69 3 9 11 13 15 21 27 29 31 33 39 45 47 49 51 57 63 65 75 81 83 85 87 93 99 
 Total col=20, Total row=27
 bc#: 3805
 c: 2 10 13 19 36 39 42 45 48 51 53 54 56 59 62 65 68 71 74 76 80 82 85 86 88 91 94 96 100 
 r: 67 70 3 10 12 13 16 21 28 30 31 34 39 46 48 49 52 57 64 66 75 82 84 85 88 93 100 
 Total col=29, Total row=27
 bc#: 3806
 c: 2 5 6 8 14 17 22 28 34 36 39 40 42 45 46 48 51 54 60 66 76 82 88 93 94 96 99 100 
 r: 67 71 3 7 13 17 21 25 31 35 39 43 49 53 57 61 75 79 85 89 93 97 
 Total col=28, Total row=22
 bc#: 3807
 c: 10 13 19 22 25 28 31 42 45 48 51 53 54 56 60 65 66 73 76 79 82 85 88 91 93 94 
 r: 67 72 3 8 13 18 21 26 31 36 39 44 49 54 57 62 75 80 85 90 93 98 
 Total col=26, Total row=22
 bc#: 3808
 c: 2 8 10 14 17 19 22 25 28 31 39 45 46 53 59 60 62 65 66 68 71 73 74 76 79 80 86 94 100 
 r: 67 73 3 13 19 21 31 37 39 49 55 57 75 85 91 93 
 Total col=29, Total row=16
 bc#: 3809
 c: 6 13 29 34 40 46 51 60 65 66 68 71 80 82 86 88 91 94 96 99 
 r: 67 74 2 3 13 14 20 21 31 32 38 39 49 50 56 57 68 75 85 86 92 93 
 Total col=20, Total row=22
 bc#: 3810
 c: 2 5 6 8 10 13 14 17 19 22 23 25 28 29 31 34 36 39 40 42 45 46 48 51 53 54 56 59 60 62 65 66 68 71 73 74 76 79 80 82 85 86 88 91 93 94 96 99 100 
 r: 67 75 3 13 21 31 39 49 57 85 93 
 Total col=49, Total row=11
 bc#: 3811
 c: 2 10 14 19 29 31 40 42 46 48 51 53 60 65 66 68 71 74 76 79 85 86 88 91 93 94 96 99 
 r: 67 76 3 4 13 21 22 31 39 40 49 57 58 75 85 93 94 
 Total col=28, Total row=17
 bc#: 3812
 c: 5 6 8 13 17 22 23 25 28 34 36 39 45 54 56 59 62 73 80 82 100 
 r: 67 77 3 5 13 21 23 31 39 41 49 57 59 75 85 93 95 
 Total col=21, Total row=17
 bc#: 3813
 c: 10 19 29 31 40 42 46 48 51 53 54 59 60 62 65 68 71 73 76 79 82 86 93 
 r: 67 78 3 6 13 21 24 31 39 42 49 57 60 75 85 93 96 
 Total col=23, Total row=17
 bc#: 3814
 c: 2 5 6 8 14 17 22 28 34 36 39 40 42 45 46 48 51 54 60 66 76 82 88 93 94 96 99 100 
 r: 67 79 3 7 13 17 21 25 31 35 39 43 49 53 57 61 71 75 85 89 93 97 
 Total col=28, Total row=22
 bc#: 3815
 c: 10 13 19 22 25 28 31 42 45 48 51 53 54 56 60 65 66 73 76 79 82 85 88 91 93 94 
 r: 67 80 3 8 13 18 21 26 31 36 39 44 49 54 57 62 72 75 85 90 93 98 
 Total col=26, Total row=22
 bc#: 3816
 c: 5 6 8 14 17 22 23 25 28 29 31 34 40 46 60 66 73 79 93 99 
 r: 67 81 3 9 11 13 15 21 27 29 31 33 39 45 47 49 51 57 63 65 69 75 83 85 87 93 99 
 Total col=20, Total row=27
 bc#: 3817
 c: 2 10 13 19 36 39 42 45 48 51 53 54 56 59 62 65 68 71 74 76 80 82 85 86 88 91 94 96 100 
 r: 67 82 3 10 12 13 16 21 28 30 31 34 39 46 48 49 52 57 64 66 70 75 84 85 88 93 100 
 Total col=29, Total row=27
 bc#: 3818
 c: 5 6 8 14 17 22 23 25 28 29 31 34 40 46 60 66 73 79 93 99 
 r: 67 83 3 9 11 13 15 21 27 29 31 33 39 45 47 49 51 57 63 65 69 75 81 85 87 93 99 
 Total col=20, Total row=27
 bc#: 3819
 c: 2 10 13 19 36 39 42 45 48 51 53 54 56 59 62 65 68 71 74 76 80 82 85 86 88 91 94 96 100 
 r: 67 84 3 10 12 13 16 21 28 30 31 34 39 46 48 49 52 57 64 66 70 75 82 85 88 93 100 
 Total col=29, Total row=27
 bc#: 3820
 c: 2 5 6 8 10 13 14 17 19 22 23 25 28 29 31 34 36 39 40 42 45 46 48 51 53 54 56 59 60 62 65 66 68 71 73 74 76 79 80 82 85 86 88 91 93 94 96 99 100 
 r: 67 85 3 13 21 31 39 49 57 75 93 
 Total col=49, Total row=11
 bc#: 3821
 c: 6 13 29 34 40 46 51 60 65 66 68 71 80 82 86 88 91 94 96 99 
 r: 67 86 2 3 13 14 20 21 31 32 38 39 49 50 56 57 68 74 75 85 92 93 
 Total col=20, Total row=22
 bc#: 3822
 c: 5 6 8 14 17 22 23 25 28 29 31 34 40 46 60 66 73 79 93 99 
 r: 67 87 3 9 11 13 15 21 27 29 31 33 39 45 47 49 51 57 63 65 69 75 81 83 85 93 99 
 Total col=20, Total row=27
 bc#: 3823
 c: 2 10 13 19 36 39 42 45 48 51 53 54 56 59 62 65 68 71 74 76 80 82 85 86 88 91 94 96 100 
 r: 67 88 3 10 12 13 16 21 28 30 31 34 39 46 48 49 52 57 64 66 70 75 82 84 85 93 100 
 Total col=29, Total row=27
 bc#: 3824
 c: 2 5 6 8 14 17 22 28 34 36 39 40 42 45 46 48 51 54 60 66 76 82 88 93 94 96 99 100 
 r: 67 89 3 7 13 17 21 25 31 35 39 43 49 53 57 61 71 75 79 85 93 97 
 Total col=28, Total row=22
 bc#: 3825
 c: 10 13 19 22 25 28 31 42 45 48 51 53 54 56 60 65 66 73 76 79 82 85 88 91 93 94 
 r: 67 90 3 8 13 18 21 26 31 36 39 44 49 54 57 62 72 75 80 85 93 98 
 Total col=26, Total row=22
 bc#: 3826
 c: 2 8 10 14 17 19 22 25 28 31 39 45 46 53 59 60 62 65 66 68 71 73 74 76 79 80 86 94 100 
 r: 67 91 3 13 19 21 31 37 39 49 55 57 73 75 85 93 
 Total col=29, Total row=16
 bc#: 3827
 c: 6 13 29 34 40 46 51 60 65 66 68 71 80 82 86 88 91 94 96 99 
 r: 67 92 2 3 13 14 20 21 31 32 38 39 49 50 56 57 68 74 75 85 86 93 
 Total col=20, Total row=22
 bc#: 3828
 c: 2 5 6 8 10 13 14 17 19 22 23 25 28 29 31 34 36 39 40 42 45 46 48 51 53 54 56 59 60 62 65 66 68 71 73 74 76 79 80 82 85 86 88 91 93 94 96 99 100 
 r: 67 93 3 13 21 31 39 49 57 75 85 
 Total col=49, Total row=11
 bc#: 3829
 c: 2 10 14 19 29 31 40 42 46 48 51 53 60 65 66 68 71 74 76 79 85 86 88 91 93 94 96 99 
 r: 67 94 3 4 13 21 22 31 39 40 49 57 58 75 76 85 93 
 Total col=28, Total row=17
 bc#: 3830
 c: 5 6 8 13 17 22 23 25 28 34 36 39 45 54 56 59 62 73 80 82 100 
 r: 67 95 3 5 13 21 23 31 39 41 49 57 59 75 77 85 93 
 Total col=21, Total row=17
 bc#: 3831
 c: 10 19 29 31 40 42 46 48 51 53 54 59 60 62 65 68 71 73 76 79 82 86 93 
 r: 67 96 3 6 13 21 24 31 39 42 49 57 60 75 78 85 93 
 Total col=23, Total row=17
 bc#: 3832
 c: 2 5 6 8 14 17 22 28 34 36 39 40 42 45 46 48 51 54 60 66 76 82 88 93 94 96 99 100 
 r: 67 97 3 7 13 17 21 25 31 35 39 43 49 53 57 61 71 75 79 85 89 93 
 Total col=28, Total row=22
 bc#: 3833
 c: 10 13 19 22 25 28 31 42 45 48 51 53 54 56 60 65 66 73 76 79 82 85 88 91 93 94 
 r: 67 98 3 8 13 18 21 26 31 36 39 44 49 54 57 62 72 75 80 85 90 93 
 Total col=26, Total row=22
 bc#: 3834
 c: 5 6 8 14 17 22 23 25 28 29 31 34 40 46 60 66 73 79 93 99 
 r: 67 99 3 9 11 13 15 21 27 29 31 33 39 45 47 49 51 57 63 65 69 75 81 83 85 87 93 
 Total col=20, Total row=27
 bc#: 3835
 c: 2 10 13 19 36 39 42 45 48 51 53 54 56 59 62 65 68 71 74 76 80 82 85 86 88 91 94 96 100 
 r: 67 100 3 10 12 13 16 21 28 30 31 34 39 46 48 49 52 57 64 66 70 75 82 84 85 88 93 
 Total col=29, Total row=27
 bc#: 3836
 c: 3 6 11 20 29 34 35 37 40 41 46 47 49 52 55 58 60 63 66 72 75 78 99 
 r: 68 69 2 9 11 14 15 20 27 29 32 33 38 45 47 50 51 56 63 65 74 81 83 86 87 92 99 
 Total col=23, Total row=27
 bc#: 3837
 c: 1 4 9 13 15 16 18 21 24 26 27 32 44 51 57 65 68 71 77 80 82 83 86 88 89 91 94 96 97 
 r: 68 70 2 10 12 14 16 20 28 30 32 34 38 46 48 50 52 56 64 66 74 82 84 86 88 92 100 
 Total col=29, Total row=27
 bc#: 3838
 c: 4 6 11 20 21 24 27 34 40 46 51 52 57 58 60 63 66 72 75 78 82 88 94 96 99 
 r: 68 71 2 7 14 17 20 25 32 35 38 43 50 53 56 61 74 79 86 89 92 97 
 Total col=25, Total row=22
 bc#: 3839
 c: 1 4 9 13 15 16 18 27 32 35 37 41 47 51 57 60 63 65 66 75 82 88 91 94 97 
 r: 68 72 2 8 14 18 20 26 32 36 38 44 50 54 56 62 74 80 86 90 92 98 
 Total col=25, Total row=22
 bc#: 3840
 c: 4 11 16 26 32 35 41 46 49 52 55 58 60 65 66 68 71 80 86 89 94 97 
 r: 68 73 2 14 19 20 32 37 38 50 55 56 74 86 91 92 
 Total col=22, Total row=16
 bc#: 3841
 c: 6 13 29 34 40 46 51 60 65 66 68 71 80 82 86 88 91 94 96 99 
 r: 68 75 2 3 13 14 20 21 31 32 38 39 49 50 56 57 67 74 85 86 92 93 
 Total col=20, Total row=22
 bc#: 3842
 c: 3 6 11 13 15 20 34 41 44 47 52 72 75 78 80 82 89 97 
 r: 68 77 2 5 14 20 23 32 38 41 50 56 59 74 86 92 95 
 Total col=18, Total row=17
 bc#: 3843
 c: 1 3 4 9 15 16 18 21 24 26 27 29 32 35 37 40 46 49 51 57 60 65 68 71 75 82 86 97 
 r: 68 78 2 6 14 20 24 32 38 42 50 56 60 74 86 92 96 
 Total col=28, Total row=17
 bc#: 3844
 c: 4 6 11 20 21 24 27 34 40 46 51 52 57 58 60 63 66 72 75 78 82 88 94 96 99 
 r: 68 79 2 7 14 17 20 25 32 35 38 43 50 53 56 61 71 74 86 89 92 97 
 Total col=25, Total row=22
 bc#: 3845
 c: 1 4 9 13 15 16 18 27 32 35 37 41 47 51 57 60 63 65 66 75 82 88 91 94 97 
 r: 68 80 2 8 14 18 20 26 32 36 38 44 50 54 56 62 72 74 86 90 92 98 
 Total col=25, Total row=22
 bc#: 3846
 c: 3 6 11 20 29 34 35 37 40 41 46 47 49 52 55 58 60 63 66 72 75 78 99 
 r: 68 81 2 9 11 14 15 20 27 29 32 33 38 45 47 50 51 56 63 65 69 74 83 86 87 92 99 
 Total col=23, Total row=27
 bc#: 3847
 c: 1 4 9 13 15 16 18 21 24 26 27 32 44 51 57 65 68 71 77 80 82 83 86 88 89 91 94 96 97 
 r: 68 82 2 10 12 14 16 20 28 30 32 34 38 46 48 50 52 56 64 66 70 74 84 86 88 92 100 
 Total col=29, Total row=27
 bc#: 3848
 c: 3 6 11 20 29 34 35 37 40 41 46 47 49 52 55 58 60 63 66 72 75 78 99 
 r: 68 83 2 9 11 14 15 20 27 29 32 33 38 45 47 50 51 56 63 65 69 74 81 86 87 92 99 
 Total col=23, Total row=27
 bc#: 3849
 c: 1 4 9 13 15 16 18 21 24 26 27 32 44 51 57 65 68 71 77 80 82 83 86 88 89 91 94 96 97 
 r: 68 84 2 10 12 14 16 20 28 30 32 34 38 46 48 50 52 56 64 66 70 74 82 86 88 92 100 
 Total col=29, Total row=27
 bc#: 3850
 c: 6 13 29 34 40 46 51 60 65 66 68 71 80 82 86 88 91 94 96 99 
 r: 68 85 2 3 13 14 20 21 31 32 38 39 49 50 56 57 67 74 75 86 92 93 
 Total col=20, Total row=22
 bc#: 3851
 c: 3 6 11 20 29 34 35 37 40 41 46 47 49 52 55 58 60 63 66 72 75 78 99 
 r: 68 87 2 9 11 14 15 20 27 29 32 33 38 45 47 50 51 56 63 65 69 74 81 83 86 92 99 
 Total col=23, Total row=27
 bc#: 3852
 c: 1 4 9 13 15 16 18 21 24 26 27 32 44 51 57 65 68 71 77 80 82 83 86 88 89 91 94 96 97 
 r: 68 88 2 10 12 14 16 20 28 30 32 34 38 46 48 50 52 56 64 66 70 74 82 84 86 92 100 
 Total col=29, Total row=27
 bc#: 3853
 c: 4 6 11 20 21 24 27 34 40 46 51 52 57 58 60 63 66 72 75 78 82 88 94 96 99 
 r: 68 89 2 7 14 17 20 25 32 35 38 43 50 53 56 61 71 74 79 86 92 97 
 Total col=25, Total row=22
 bc#: 3854
 c: 1 4 9 13 15 16 18 27 32 35 37 41 47 51 57 60 63 65 66 75 82 88 91 94 97 
 r: 68 90 2 8 14 18 20 26 32 36 38 44 50 54 56 62 72 74 80 86 92 98 
 Total col=25, Total row=22
 bc#: 3855
 c: 4 11 16 26 32 35 41 46 49 52 55 58 60 65 66 68 71 80 86 89 94 97 
 r: 68 91 2 14 19 20 32 37 38 50 55 56 73 74 86 92 
 Total col=22, Total row=16
 bc#: 3856
 c: 6 13 29 34 40 46 51 60 65 66 68 71 80 82 86 88 91 94 96 99 
 r: 68 93 2 3 13 14 20 21 31 32 38 39 49 50 56 57 67 74 75 85 86 92 
 Total col=20, Total row=22
 bc#: 3857
 c: 3 6 11 13 15 20 34 41 44 47 52 72 75 78 80 82 89 97 
 r: 68 95 2 5 14 20 23 32 38 41 50 56 59 74 77 86 92 
 Total col=18, Total row=17
 bc#: 3858
 c: 1 3 4 9 15 16 18 21 24 26 27 29 32 35 37 40 46 49 51 57 60 65 68 71 75 82 86 97 
 r: 68 96 2 6 14 20 24 32 38 42 50 56 60 74 78 86 92 
 Total col=28, Total row=17
 bc#: 3859
 c: 4 6 11 20 21 24 27 34 40 46 51 52 57 58 60 63 66 72 75 78 82 88 94 96 99 
 r: 68 97 2 7 14 17 20 25 32 35 38 43 50 53 56 61 71 74 79 86 89 92 
 Total col=25, Total row=22
 bc#: 3860
 c: 1 4 9 13 15 16 18 27 32 35 37 41 47 51 57 60 63 65 66 75 82 88 91 94 97 
 r: 68 98 2 8 14 18 20 26 32 36 38 44 50 54 56 62 72 74 80 86 90 92 
 Total col=25, Total row=22
 bc#: 3861
 c: 3 6 11 20 29 34 35 37 40 41 46 47 49 52 55 58 60 63 66 72 75 78 99 
 r: 68 99 2 9 11 14 15 20 27 29 32 33 38 45 47 50 51 56 63 65 69 74 81 83 86 87 92 
 Total col=23, Total row=27
 bc#: 3862
 c: 1 4 9 13 15 16 18 21 24 26 27 32 44 51 57 65 68 71 77 80 82 83 86 88 89 91 94 96 97 
 r: 68 100 2 10 12 14 16 20 28 30 32 34 38 46 48 50 52 56 64 66 70 74 82 84 86 88 92 
 Total col=29, Total row=27
 bc#: 3863
 c: 5 6 8 11 12 14 17 20 22 28 34 40 46 52 58 60 63 66 69 72 75 78 81 84 87 90 93 99 
 r: 69 71 7 9 11 15 17 25 27 29 33 35 43 45 47 51 53 61 63 65 79 81 83 87 89 97 99 
 Total col=28, Total row=27
 bc#: 3864
 c: 22 25 28 31 35 37 41 47 60 63 66 69 73 75 79 81 84 93 98 
 r: 69 72 8 9 11 15 18 26 27 29 33 36 44 45 47 51 54 62 63 65 80 81 83 87 90 98 99 
 Total col=19, Total row=27
 bc#: 3865
 c: 8 11 14 17 22 25 28 31 35 41 43 46 49 52 55 58 60 66 73 79 81 84 87 92 95 
 r: 69 73 9 11 15 19 27 29 33 37 45 47 51 55 63 65 81 83 87 91 99 
 Total col=25, Total row=21
 bc#: 3866
 c: 3 6 11 20 29 34 35 37 40 41 46 47 49 52 55 58 60 63 66 72 75 78 99 
 r: 69 74 2 9 11 14 15 20 27 29 32 33 38 45 47 50 51 56 63 65 68 81 83 86 87 92 99 
 Total col=23, Total row=27
 bc#: 3867
 c: 5 6 8 14 17 22 23 25 28 29 31 34 40 46 60 66 73 79 93 99 
 r: 69 75 3 9 11 13 15 21 27 29 31 33 39 45 47 49 51 57 63 65 67 81 83 85 87 93 99 
 Total col=20, Total row=27
 bc#: 3868
 c: 12 14 29 31 35 37 40 43 46 49 55 58 60 63 66 79 81 93 98 99 
 r: 69 76 4 9 11 15 22 27 29 33 40 45 47 51 58 63 65 81 83 87 94 99 
 Total col=20, Total row=22
 bc#: 3869
 c: 3 5 6 8 11 17 20 22 23 25 28 34 41 47 52 61 67 69 72 73 75 78 84 87 90 92 95 
 r: 69 77 5 9 11 15 23 27 29 33 41 45 47 51 59 63 65 81 83 87 95 99 
 Total col=27, Total row=22
 bc#: 3870
 c: 3 12 29 31 35 37 40 43 46 49 60 73 75 79 81 84 87 90 92 93 95 98 
 r: 69 78 6 9 11 15 24 27 29 33 42 45 47 51 60 63 65 81 83 87 96 99 
 Total col=22, Total row=22
 bc#: 3871
 c: 5 6 8 11 12 14 17 20 22 28 34 40 46 52 58 60 63 66 69 72 75 78 81 84 87 90 93 99 
 r: 69 79 7 9 11 15 17 25 27 29 33 35 43 45 47 51 53 61 63 65 71 81 83 87 89 97 99 
 Total col=28, Total row=27
 bc#: 3872
 c: 22 25 28 31 35 37 41 47 60 63 66 69 73 75 79 81 84 93 98 
 r: 69 80 8 9 11 15 18 26 27 29 33 36 44 45 47 51 54 62 63 65 72 81 83 87 90 98 99 
 Total col=19, Total row=27
 bc#: 3873
 c: 5 6 8 14 17 22 23 25 28 29 31 34 40 46 60 66 73 79 93 99 
 r: 69 85 3 9 11 13 15 21 27 29 31 33 39 45 47 49 51 57 63 65 67 75 81 83 87 93 99 
 Total col=20, Total row=27
 bc#: 3874
 c: 3 6 11 20 29 34 35 37 40 41 46 47 49 52 55 58 60 63 66 72 75 78 99 
 r: 69 86 2 9 11 14 15 20 27 29 32 33 38 45 47 50 51 56 63 65 68 74 81 83 87 92 99 
 Total col=23, Total row=27
 bc#: 3875
 c: 5 6 8 11 12 14 17 20 22 28 34 40 46 52 58 60 63 66 69 72 75 78 81 84 87 90 93 99 
 r: 69 89 7 9 11 15 17 25 27 29 33 35 43 45 47 51 53 61 63 65 71 79 81 83 87 97 99 
 Total col=28, Total row=27
 bc#: 3876
 c: 22 25 28 31 35 37 41 47 60 63 66 69 73 75 79 81 84 93 98 
 r: 69 90 8 9 11 15 18 26 27 29 33 36 44 45 47 51 54 62 63 65 72 80 81 83 87 98 99 
 Total col=19, Total row=27
 bc#: 3877
 c: 8 11 14 17 22 25 28 31 35 41 43 46 49 52 55 58 60 66 73 79 81 84 87 92 95 
 r: 69 91 9 11 15 19 27 29 33 37 45 47 51 55 63 65 73 81 83 87 99 
 Total col=25, Total row=21
 bc#: 3878
 c: 3 6 11 20 29 34 35 37 40 41 46 47 49 52 55 58 60 63 66 72 75 78 99 
 r: 69 92 2 9 11 14 15 20 27 29 32 33 38 45 47 50 51 56 63 65 68 74 81 83 86 87 99 
 Total col=23, Total row=27
 bc#: 3879
 c: 5 6 8 14 17 22 23 25 28 29 31 34 40 46 60 66 73 79 93 99 
 r: 69 93 3 9 11 13 15 21 27 29 31 33 39 45 47 49 51 57 63 65 67 75 81 83 85 87 99 
 Total col=20, Total row=27
 bc#: 3880
 c: 12 14 29 31 35 37 40 43 46 49 55 58 60 63 66 79 81 93 98 99 
 r: 69 94 4 9 11 15 22 27 29 33 40 45 47 51 58 63 65 76 81 83 87 99 
 Total col=20, Total row=22
 bc#: 3881
 c: 3 5 6 8 11 17 20 22 23 25 28 34 41 47 52 61 67 69 72 73 75 78 84 87 90 92 95 
 r: 69 95 5 9 11 15 23 27 29 33 41 45 47 51 59 63 65 77 81 83 87 99 
 Total col=27, Total row=22
 bc#: 3882
 c: 3 12 29 31 35 37 40 43 46 49 60 73 75 79 81 84 87 90 92 93 95 98 
 r: 69 96 6 9 11 15 24 27 29 33 42 45 47 51 60 63 65 78 81 83 87 99 
 Total col=22, Total row=22
 bc#: 3883
 c: 5 6 8 11 12 14 17 20 22 28 34 40 46 52 58 60 63 66 69 72 75 78 81 84 87 90 93 99 
 r: 69 97 7 9 11 15 17 25 27 29 33 35 43 45 47 51 53 61 63 65 71 79 81 83 87 89 99 
 Total col=28, Total row=27
 bc#: 3884
 c: 22 25 28 31 35 37 41 47 60 63 66 69 73 75 79 81 84 93 98 
 r: 69 98 8 9 11 15 18 26 27 29 33 36 44 45 47 51 54 62 63 65 72 80 81 83 87 90 99 
 Total col=19, Total row=27
 bc#: 3885
 c: 2 4 21 24 27 30 33 36 39 42 45 48 51 54 57 64 70 76 82 88 94 96 100 
 r: 70 71 7 10 12 16 17 25 28 30 34 35 43 46 48 52 53 61 64 66 79 82 84 88 89 97 100 
 Total col=23, Total row=27
 bc#: 3886
 c: 1 4 7 9 10 13 15 16 18 19 27 32 38 42 45 48 51 53 54 56 57 65 70 76 82 85 88 91 94 97 
 r: 70 72 8 10 12 16 18 26 28 30 34 36 44 46 48 52 54 62 64 66 80 82 84 88 90 98 100 
 Total col=30, Total row=27
 bc#: 3887
 c: 2 4 7 10 16 19 26 30 32 38 39 45 53 59 62 65 68 71 74 76 80 86 89 94 97 100 
 r: 70 73 10 12 16 19 28 30 34 37 46 48 52 55 64 66 82 84 88 91 100 
 Total col=26, Total row=21
 bc#: 3888
 c: 1 4 9 13 15 16 18 21 24 26 27 32 44 51 57 65 68 71 77 80 82 83 86 88 89 91 94 96 97 
 r: 70 74 2 10 12 14 16 20 28 30 32 34 38 46 48 50 52 56 64 66 68 82 84 86 88 92 100 
 Total col=29, Total row=27
 bc#: 3889
 c: 2 10 13 19 36 39 42 45 48 51 53 54 56 59 62 65 68 71 74 76 80 82 85 86 88 91 94 96 100 
 r: 70 75 3 10 12 13 16 21 28 30 31 34 39 46 48 49 52 57 64 66 67 82 84 85 88 93 100 
 Total col=29, Total row=27
 bc#: 3890
 c: 13 15 30 33 36 39 44 45 50 54 56 59 62 64 80 82 89 97 100 
 r: 70 77 5 10 12 16 23 28 30 34 41 46 48 52 59 64 66 82 84 88 95 100 
 Total col=19, Total row=22
 bc#: 3891
 c: 1 4 7 9 10 15 16 18 19 21 24 26 27 32 38 42 48 51 53 54 57 59 62 64 65 68 70 71 76 82 86 97 
 r: 70 78 6 10 12 16 24 28 30 34 42 46 48 52 60 64 66 82 84 88 96 100 
 Total col=32, Total row=22
 bc#: 3892
 c: 2 4 21 24 27 30 33 36 39 42 45 48 51 54 57 64 70 76 82 88 94 96 100 
 r: 70 79 7 10 12 16 17 25 28 30 34 35 43 46 48 52 53 61 64 66 71 82 84 88 89 97 100 
 Total col=23, Total row=27
 bc#: 3893
 c: 1 4 7 9 10 13 15 16 18 19 27 32 38 42 45 48 51 53 54 56 57 65 70 76 82 85 88 91 94 97 
 r: 70 80 8 10 12 16 18 26 28 30 34 36 44 46 48 52 54 62 64 66 72 82 84 88 90 98 100 
 Total col=30, Total row=27
 bc#: 3894
 c: 1 2 4 7 9 10 13 15 16 18 19 21 24 26 27 30 32 33 36 38 39 42 44 45 48 50 51 53 54 56 57 59 62 64 65 68 70 71 74 76 77 80 82 83 85 86 88 89 91 94 96 97 100 
 r: 70 82 10 12 16 28 30 34 46 48 52 64 66 84 88 100 
 Total col=53, Total row=16
 bc#: 3895
 c: 1 2 4 7 9 10 13 15 16 18 19 21 24 26 27 30 32 33 36 38 39 42 44 45 48 50 51 53 54 56 57 59 62 64 65 68 70 71 74 76 77 80 82 83 85 86 88 89 91 94 96 97 100 
 r: 70 84 10 12 16 28 30 34 46 48 52 64 66 82 88 100 
 Total col=53, Total row=16
 bc#: 3896
 c: 2 10 13 19 36 39 42 45 48 51 53 54 56 59 62 65 68 71 74 76 80 82 85 86 88 91 94 96 100 
 r: 70 85 3 10 12 13 16 21 28 30 31 34 39 46 48 49 52 57 64 66 67 75 82 84 88 93 100 
 Total col=29, Total row=27
 bc#: 3897
 c: 1 4 9 13 15 16 18 21 24 26 27 32 44 51 57 65 68 71 77 80 82 83 86 88 89 91 94 96 97 
 r: 70 86 2 10 12 14 16 20 28 30 32 34 38 46 48 50 52 56 64 66 68 74 82 84 88 92 100 
 Total col=29, Total row=27
 bc#: 3898
 c: 1 2 4 7 9 10 13 15 16 18 19 21 24 26 27 30 32 33 36 38 39 42 44 45 48 50 51 53 54 56 57 59 62 64 65 68 70 71 74 76 77 80 82 83 85 86 88 89 91 94 96 97 100 
 r: 70 88 10 12 16 28 30 34 46 48 52 64 66 82 84 100 
 Total col=53, Total row=16
 bc#: 3899
 c: 2 4 21 24 27 30 33 36 39 42 45 48 51 54 57 64 70 76 82 88 94 96 100 
 r: 70 89 7 10 12 16 17 25 28 30 34 35 43 46 48 52 53 61 64 66 71 79 82 84 88 97 100 
 Total col=23, Total row=27
 bc#: 3900
 c: 1 4 7 9 10 13 15 16 18 19 27 32 38 42 45 48 51 53 54 56 57 65 70 76 82 85 88 91 94 97 
 r: 70 90 8 10 12 16 18 26 28 30 34 36 44 46 48 52 54 62 64 66 72 80 82 84 88 98 100 
 Total col=30, Total row=27
 bc#: 3901
 c: 2 4 7 10 16 19 26 30 32 38 39 45 53 59 62 65 68 71 74 76 80 86 89 94 97 100 
 r: 70 91 10 12 16 19 28 30 34 37 46 48 52 55 64 66 73 82 84 88 100 
 Total col=26, Total row=21
 bc#: 3902
 c: 1 4 9 13 15 16 18 21 24 26 27 32 44 51 57 65 68 71 77 80 82 83 86 88 89 91 94 96 97 
 r: 70 92 2 10 12 14 16 20 28 30 32 34 38 46 48 50 52 56 64 66 68 74 82 84 86 88 100 
 Total col=29, Total row=27
 bc#: 3903
 c: 2 10 13 19 36 39 42 45 48 51 53 54 56 59 62 65 68 71 74 76 80 82 85 86 88 91 94 96 100 
 r: 70 93 3 10 12 13 16 21 28 30 31 34 39 46 48 49 52 57 64 66 67 75 82 84 85 88 100 
 Total col=29, Total row=27
 bc#: 3904
 c: 13 15 30 33 36 39 44 45 50 54 56 59 62 64 80 82 89 97 100 
 r: 70 95 5 10 12 16 23 28 30 34 41 46 48 52 59 64 66 77 82 84 88 100 
 Total col=19, Total row=22
 bc#: 3905
 c: 1 4 7 9 10 15 16 18 19 21 24 26 27 32 38 42 48 51 53 54 57 59 62 64 65 68 70 71 76 82 86 97 
 r: 70 96 6 10 12 16 24 28 30 34 42 46 48 52 60 64 66 78 82 84 88 100 
 Total col=32, Total row=22
 bc#: 3906
 c: 2 4 21 24 27 30 33 36 39 42 45 48 51 54 57 64 70 76 82 88 94 96 100 
 r: 70 97 7 10 12 16 17 25 28 30 34 35 43 46 48 52 53 61 64 66 71 79 82 84 88 89 100 
 Total col=23, Total row=27
 bc#: 3907
 c: 1 4 7 9 10 13 15 16 18 19 27 32 38 42 45 48 51 53 54 56 57 65 70 76 82 85 88 91 94 97 
 r: 70 98 8 10 12 16 18 26 28 30 34 36 44 46 48 52 54 62 64 66 72 80 82 84 88 90 100 
 Total col=30, Total row=27
 bc#: 3908
 c: 1 2 4 7 9 10 13 15 16 18 19 21 24 26 27 30 32 33 36 38 39 42 44 45 48 50 51 53 54 56 57 59 62 64 65 68 70 71 74 76 77 80 82 83 85 86 88 89 91 94 96 97 100 
 r: 70 100 10 12 16 28 30 34 46 48 52 64 66 82 84 88 
 Total col=53, Total row=16
 bc#: 3909
 c: 2 4 8 11 14 17 22 28 30 39 45 46 52 58 60 66 76 81 84 87 94 100 
 r: 71 73 7 17 19 25 35 37 43 53 55 61 79 89 91 97 
 Total col=22, Total row=16
 bc#: 3910
 c: 4 6 11 20 21 24 27 34 40 46 51 52 57 58 60 63 66 72 75 78 82 88 94 96 99 
 r: 71 74 2 7 14 17 20 25 32 35 38 43 50 53 56 61 68 79 86 89 92 97 
 Total col=25, Total row=22
 bc#: 3911
 c: 2 5 6 8 14 17 22 28 34 36 39 40 42 45 46 48 51 54 60 66 76 82 88 93 94 96 99 100 
 r: 71 75 3 7 13 17 21 25 31 35 39 43 49 53 57 61 67 79 85 89 93 97 
 Total col=28, Total row=22
 bc#: 3912
 c: 2 4 12 14 21 24 27 40 42 46 48 51 57 58 60 63 66 70 76 81 88 93 94 96 99 
 r: 71 76 4 7 17 22 25 35 40 43 53 58 61 79 89 94 97 
 Total col=25, Total row=17
 bc#: 3913
 c: 5 6 8 11 17 20 22 28 30 33 34 36 39 45 52 54 64 69 72 75 78 82 84 87 90 100 
 r: 71 77 5 7 17 23 25 35 41 43 53 59 61 79 89 95 97 
 Total col=26, Total row=17
 bc#: 3914
 c: 4 12 21 24 27 40 42 46 48 51 54 57 60 64 70 75 76 81 82 84 87 90 93 
 r: 71 78 6 7 17 24 25 35 42 43 53 60 61 79 89 96 97 
 Total col=23, Total row=17
 bc#: 3915
 c: 5 6 8 11 12 14 17 20 22 28 34 40 46 52 58 60 63 66 69 72 75 78 81 84 87 90 93 99 
 r: 71 81 7 9 11 15 17 25 27 29 33 35 43 45 47 51 53 61 63 65 69 79 83 87 89 97 99 
 Total col=28, Total row=27
 bc#: 3916
 c: 2 4 21 24 27 30 33 36 39 42 45 48 51 54 57 64 70 76 82 88 94 96 100 
 r: 71 82 7 10 12 16 17 25 28 30 34 35 43 46 48 52 53 61 64 66 70 79 84 88 89 97 100 
 Total col=23, Total row=27
 bc#: 3917
 c: 5 6 8 11 12 14 17 20 22 28 34 40 46 52 58 60 63 66 69 72 75 78 81 84 87 90 93 99 
 r: 71 83 7 9 11 15 17 25 27 29 33 35 43 45 47 51 53 61 63 65 69 79 81 87 89 97 99 
 Total col=28, Total row=27
 bc#: 3918
 c: 2 4 21 24 27 30 33 36 39 42 45 48 51 54 57 64 70 76 82 88 94 96 100 
 r: 71 84 7 10 12 16 17 25 28 30 34 35 43 46 48 52 53 61 64 66 70 79 82 88 89 97 100 
 Total col=23, Total row=27
 bc#: 3919
 c: 2 5 6 8 14 17 22 28 34 36 39 40 42 45 46 48 51 54 60 66 76 82 88 93 94 96 99 100 
 r: 71 85 3 7 13 17 21 25 31 35 39 43 49 53 57 61 67 75 79 89 93 97 
 Total col=28, Total row=22
 bc#: 3920
 c: 4 6 11 20 21 24 27 34 40 46 51 52 57 58 60 63 66 72 75 78 82 88 94 96 99 
 r: 71 86 2 7 14 17 20 25 32 35 38 43 50 53 56 61 68 74 79 89 92 97 
 Total col=25, Total row=22
 bc#: 3921
 c: 5 6 8 11 12 14 17 20 22 28 34 40 46 52 58 60 63 66 69 72 75 78 81 84 87 90 93 99 
 r: 71 87 7 9 11 15 17 25 27 29 33 35 43 45 47 51 53 61 63 65 69 79 81 83 89 97 99 
 Total col=28, Total row=27
 bc#: 3922
 c: 2 4 21 24 27 30 33 36 39 42 45 48 51 54 57 64 70 76 82 88 94 96 100 
 r: 71 88 7 10 12 16 17 25 28 30 34 35 43 46 48 52 53 61 64 66 70 79 82 84 89 97 100 
 Total col=23, Total row=27
 bc#: 3923
 c: 2 4 8 11 14 17 22 28 30 39 45 46 52 58 60 66 76 81 84 87 94 100 
 r: 71 91 7 17 19 25 35 37 43 53 55 61 73 79 89 97 
 Total col=22, Total row=16
 bc#: 3924
 c: 4 6 11 20 21 24 27 34 40 46 51 52 57 58 60 63 66 72 75 78 82 88 94 96 99 
 r: 71 92 2 7 14 17 20 25 32 35 38 43 50 53 56 61 68 74 79 86 89 97 
 Total col=25, Total row=22
 bc#: 3925
 c: 2 5 6 8 14 17 22 28 34 36 39 40 42 45 46 48 51 54 60 66 76 82 88 93 94 96 99 100 
 r: 71 93 3 7 13 17 21 25 31 35 39 43 49 53 57 61 67 75 79 85 89 97 
 Total col=28, Total row=22
 bc#: 3926
 c: 2 4 12 14 21 24 27 40 42 46 48 51 57 58 60 63 66 70 76 81 88 93 94 96 99 
 r: 71 94 4 7 17 22 25 35 40 43 53 58 61 76 79 89 97 
 Total col=25, Total row=17
 bc#: 3927
 c: 5 6 8 11 17 20 22 28 30 33 34 36 39 45 52 54 64 69 72 75 78 82 84 87 90 100 
 r: 71 95 5 7 17 23 25 35 41 43 53 59 61 77 79 89 97 
 Total col=26, Total row=17
 bc#: 3928
 c: 4 12 21 24 27 40 42 46 48 51 54 57 60 64 70 75 76 81 82 84 87 90 93 
 r: 71 96 6 7 17 24 25 35 42 43 53 60 61 78 79 89 97 
 Total col=23, Total row=17
 bc#: 3929
 c: 5 6 8 11 12 14 17 20 22 28 34 40 46 52 58 60 63 66 69 72 75 78 81 84 87 90 93 99 
 r: 71 99 7 9 11 15 17 25 27 29 33 35 43 45 47 51 53 61 63 65 69 79 81 83 87 89 97 
 Total col=28, Total row=27
 bc#: 3930
 c: 2 4 21 24 27 30 33 36 39 42 45 48 51 54 57 64 70 76 82 88 94 96 100 
 r: 71 100 7 10 12 16 17 25 28 30 34 35 43 46 48 52 53 61 64 66 70 79 82 84 88 89 97 
 Total col=23, Total row=27
 bc#: 3931
 c: 4 7 10 16 19 22 25 28 31 32 35 38 41 45 53 60 65 66 73 76 79 81 84 94 97 
 r: 72 73 8 18 19 26 36 37 44 54 55 62 80 90 91 98 
 Total col=25, Total row=16
 bc#: 3932
 c: 1 4 9 13 15 16 18 27 32 35 37 41 47 51 57 60 63 65 66 75 82 88 91 94 97 
 r: 72 74 2 8 14 18 20 26 32 36 38 44 50 54 56 62 68 80 86 90 92 98 
 Total col=25, Total row=22
 bc#: 3933
 c: 10 13 19 22 25 28 31 42 45 48 51 53 54 56 60 65 66 73 76 79 82 85 88 91 93 94 
 r: 72 75 3 8 13 18 21 26 31 36 39 44 49 54 57 62 67 80 85 90 93 98 
 Total col=26, Total row=22
 bc#: 3934
 c: 1 4 7 9 10 16 18 19 27 31 32 35 37 38 42 48 51 53 57 60 63 65 66 70 76 79 81 85 88 91 93 94 98 
 r: 72 76 4 8 18 22 26 36 40 44 54 58 62 80 90 94 98 
 Total col=33, Total row=17
 bc#: 3935
 c: 13 15 22 25 28 41 45 47 54 56 69 73 75 82 84 97 
 r: 72 77 5 8 18 23 26 36 41 44 54 59 62 80 90 95 98 
 Total col=16, Total row=17
 bc#: 3936
 c: 1 4 7 9 10 15 16 18 19 27 31 32 35 37 38 42 48 51 53 54 57 60 65 70 73 75 76 79 81 82 84 93 97 98 
 r: 72 78 6 8 18 24 26 36 42 44 54 60 62 80 90 96 98 
 Total col=34, Total row=17
 bc#: 3937
 c: 22 25 28 31 35 37 41 47 60 63 66 69 73 75 79 81 84 93 98 
 r: 72 81 8 9 11 15 18 26 27 29 33 36 44 45 47 51 54 62 63 65 69 80 83 87 90 98 99 
 Total col=19, Total row=27
 bc#: 3938
 c: 1 4 7 9 10 13 15 16 18 19 27 32 38 42 45 48 51 53 54 56 57 65 70 76 82 85 88 91 94 97 
 r: 72 82 8 10 12 16 18 26 28 30 34 36 44 46 48 52 54 62 64 66 70 80 84 88 90 98 100 
 Total col=30, Total row=27
 bc#: 3939
 c: 22 25 28 31 35 37 41 47 60 63 66 69 73 75 79 81 84 93 98 
 r: 72 83 8 9 11 15 18 26 27 29 33 36 44 45 47 51 54 62 63 65 69 80 81 87 90 98 99 
 Total col=19, Total row=27
 bc#: 3940
 c: 1 4 7 9 10 13 15 16 18 19 27 32 38 42 45 48 51 53 54 56 57 65 70 76 82 85 88 91 94 97 
 r: 72 84 8 10 12 16 18 26 28 30 34 36 44 46 48 52 54 62 64 66 70 80 82 88 90 98 100 
 Total col=30, Total row=27
 bc#: 3941
 c: 10 13 19 22 25 28 31 42 45 48 51 53 54 56 60 65 66 73 76 79 82 85 88 91 93 94 
 r: 72 85 3 8 13 18 21 26 31 36 39 44 49 54 57 62 67 75 80 90 93 98 
 Total col=26, Total row=22
 bc#: 3942
 c: 1 4 9 13 15 16 18 27 32 35 37 41 47 51 57 60 63 65 66 75 82 88 91 94 97 
 r: 72 86 2 8 14 18 20 26 32 36 38 44 50 54 56 62 68 74 80 90 92 98 
 Total col=25, Total row=22
 bc#: 3943
 c: 22 25 28 31 35 37 41 47 60 63 66 69 73 75 79 81 84 93 98 
 r: 72 87 8 9 11 15 18 26 27 29 33 36 44 45 47 51 54 62 63 65 69 80 81 83 90 98 99 
 Total col=19, Total row=27
 bc#: 3944
 c: 1 4 7 9 10 13 15 16 18 19 27 32 38 42 45 48 51 53 54 56 57 65 70 76 82 85 88 91 94 97 
 r: 72 88 8 10 12 16 18 26 28 30 34 36 44 46 48 52 54 62 64 66 70 80 82 84 90 98 100 
 Total col=30, Total row=27
 bc#: 3945
 c: 4 7 10 16 19 22 25 28 31 32 35 38 41 45 53 60 65 66 73 76 79 81 84 94 97 
 r: 72 91 8 18 19 26 36 37 44 54 55 62 73 80 90 98 
 Total col=25, Total row=16
 bc#: 3946
 c: 1 4 9 13 15 16 18 27 32 35 37 41 47 51 57 60 63 65 66 75 82 88 91 94 97 
 r: 72 92 2 8 14 18 20 26 32 36 38 44 50 54 56 62 68 74 80 86 90 98 
 Total col=25, Total row=22
 bc#: 3947
 c: 10 13 19 22 25 28 31 42 45 48 51 53 54 56 60 65 66 73 76 79 82 85 88 91 93 94 
 r: 72 93 3 8 13 18 21 26 31 36 39 44 49 54 57 62 67 75 80 85 90 98 
 Total col=26, Total row=22
 bc#: 3948
 c: 1 4 7 9 10 16 18 19 27 31 32 35 37 38 42 48 51 53 57 60 63 65 66 70 76 79 81 85 88 91 93 94 98 
 r: 72 94 4 8 18 22 26 36 40 44 54 58 62 76 80 90 98 
 Total col=33, Total row=17
 bc#: 3949
 c: 13 15 22 25 28 41 45 47 54 56 69 73 75 82 84 97 
 r: 72 95 5 8 18 23 26 36 41 44 54 59 62 77 80 90 98 
 Total col=16, Total row=17
 bc#: 3950
 c: 1 4 7 9 10 15 16 18 19 27 31 32 35 37 38 42 48 51 53 54 57 60 65 70 73 75 76 79 81 82 84 93 97 98 
 r: 72 96 6 8 18 24 26 36 42 44 54 60 62 78 80 90 98 
 Total col=34, Total row=17
 bc#: 3951
 c: 22 25 28 31 35 37 41 47 60 63 66 69 73 75 79 81 84 93 98 
 r: 72 99 8 9 11 15 18 26 27 29 33 36 44 45 47 51 54 62 63 65 69 80 81 83 87 90 98 
 Total col=19, Total row=27
 bc#: 3952
 c: 1 4 7 9 10 13 15 16 18 19 27 32 38 42 45 48 51 53 54 56 57 65 70 76 82 85 88 91 94 97 
 r: 72 100 8 10 12 16 18 26 28 30 34 36 44 46 48 52 54 62 64 66 70 80 82 84 88 90 98 
 Total col=30, Total row=27
 bc#: 3953
 c: 4 11 16 26 32 35 41 46 49 52 55 58 60 65 66 68 71 80 86 89 94 97 
 r: 73 74 2 14 19 20 32 37 38 50 55 56 68 86 91 92 
 Total col=22, Total row=16
 bc#: 3954
 c: 2 8 10 14 17 19 22 25 28 31 39 45 46 53 59 60 62 65 66 68 71 73 74 76 79 80 86 94 100 
 r: 73 75 3 13 19 21 31 37 39 49 55 57 67 85 91 93 
 Total col=29, Total row=16
 bc#: 3955
 c: 2 4 7 10 14 16 19 26 31 32 35 38 43 46 49 53 55 58 60 65 66 68 71 74 76 79 81 86 94 
 r: 73 76 4 19 22 37 40 55 58 91 94 
 Total col=29, Total row=11
 bc#: 3956
 c: 8 11 17 22 25 28 30 39 41 45 52 59 62 73 80 84 87 89 92 95 97 100 
 r: 73 77 5 19 23 37 41 55 59 91 95 
 Total col=22, Total row=11
 bc#: 3957
 c: 4 7 10 16 19 26 31 32 35 38 43 46 49 53 59 60 62 65 68 71 73 76 79 81 84 86 87 92 95 97 
 r: 73 78 6 19 24 37 42 55 60 91 96 
 Total col=30, Total row=11
 bc#: 3958
 c: 2 4 8 11 14 17 22 28 30 39 45 46 52 58 60 66 76 81 84 87 94 100 
 r: 73 79 7 17 19 25 35 37 43 53 55 61 71 89 91 97 
 Total col=22, Total row=16
 bc#: 3959
 c: 4 7 10 16 19 22 25 28 31 32 35 38 41 45 53 60 65 66 73 76 79 81 84 94 97 
 r: 73 80 8 18 19 26 36 37 44 54 55 62 72 90 91 98 
 Total col=25, Total row=16
 bc#: 3960
 c: 8 11 14 17 22 25 28 31 35 41 43 46 49 52 55 58 60 66 73 79 81 84 87 92 95 
 r: 73 81 9 11 15 19 27 29 33 37 45 47 51 55 63 65 69 83 87 91 99 
 Total col=25, Total row=21
 bc#: 3961
 c: 2 4 7 10 16 19 26 30 32 38 39 45 53 59 62 65 68 71 74 76 80 86 89 94 97 100 
 r: 73 82 10 12 16 19 28 30 34 37 46 48 52 55 64 66 70 84 88 91 100 
 Total col=26, Total row=21
 bc#: 3962
 c: 8 11 14 17 22 25 28 31 35 41 43 46 49 52 55 58 60 66 73 79 81 84 87 92 95 
 r: 73 83 9 11 15 19 27 29 33 37 45 47 51 55 63 65 69 81 87 91 99 
 Total col=25, Total row=21
 bc#: 3963
 c: 2 4 7 10 16 19 26 30 32 38 39 45 53 59 62 65 68 71 74 76 80 86 89 94 97 100 
 r: 73 84 10 12 16 19 28 30 34 37 46 48 52 55 64 66 70 82 88 91 100 
 Total col=26, Total row=21
 bc#: 3964
 c: 2 8 10 14 17 19 22 25 28 31 39 45 46 53 59 60 62 65 66 68 71 73 74 76 79 80 86 94 100 
 r: 73 85 3 13 19 21 31 37 39 49 55 57 67 75 91 93 
 Total col=29, Total row=16
 bc#: 3965
 c: 4 11 16 26 32 35 41 46 49 52 55 58 60 65 66 68 71 80 86 89 94 97 
 r: 73 86 2 14 19 20 32 37 38 50 55 56 68 74 91 92 
 Total col=22, Total row=16
 bc#: 3966
 c: 8 11 14 17 22 25 28 31 35 41 43 46 49 52 55 58 60 66 73 79 81 84 87 92 95 
 r: 73 87 9 11 15 19 27 29 33 37 45 47 51 55 63 65 69 81 83 91 99 
 Total col=25, Total row=21
 bc#: 3967
 c: 2 4 7 10 16 19 26 30 32 38 39 45 53 59 62 65 68 71 74 76 80 86 89 94 97 100 
 r: 73 88 10 12 16 19 28 30 34 37 46 48 52 55 64 66 70 82 84 91 100 
 Total col=26, Total row=21
 bc#: 3968
 c: 2 4 8 11 14 17 22 28 30 39 45 46 52 58 60 66 76 81 84 87 94 100 
 r: 73 89 7 17 19 25 35 37 43 53 55 61 71 79 91 97 
 Total col=22, Total row=16
 bc#: 3969
 c: 4 7 10 16 19 22 25 28 31 32 35 38 41 45 53 60 65 66 73 76 79 81 84 94 97 
 r: 73 90 8 18 19 26 36 37 44 54 55 62 72 80 91 98 
 Total col=25, Total row=16
 bc#: 3970
 c: 4 11 16 26 32 35 41 46 49 52 55 58 60 65 66 68 71 80 86 89 94 97 
 r: 73 92 2 14 19 20 32 37 38 50 55 56 68 74 86 91 
 Total col=22, Total row=16
 bc#: 3971
 c: 2 8 10 14 17 19 22 25 28 31 39 45 46 53 59 60 62 65 66 68 71 73 74 76 79 80 86 94 100 
 r: 73 93 3 13 19 21 31 37 39 49 55 57 67 75 85 91 
 Total col=29, Total row=16
 bc#: 3972
 c: 2 4 7 10 14 16 19 26 31 32 35 38 43 46 49 53 55 58 60 65 66 68 71 74 76 79 81 86 94 
 r: 73 94 4 19 22 37 40 55 58 76 91 
 Total col=29, Total row=11
 bc#: 3973
 c: 8 11 17 22 25 28 30 39 41 45 52 59 62 73 80 84 87 89 92 95 97 100 
 r: 73 95 5 19 23 37 41 55 59 77 91 
 Total col=22, Total row=11
 bc#: 3974
 c: 4 7 10 16 19 26 31 32 35 38 43 46 49 53 59 60 62 65 68 71 73 76 79 81 84 86 87 92 95 97 
 r: 73 96 6 19 24 37 42 55 60 78 91 
 Total col=30, Total row=11
 bc#: 3975
 c: 2 4 8 11 14 17 22 28 30 39 45 46 52 58 60 66 76 81 84 87 94 100 
 r: 73 97 7 17 19 25 35 37 43 53 55 61 71 79 89 91 
 Total col=22, Total row=16
 bc#: 3976
 c: 4 7 10 16 19 22 25 28 31 32 35 38 41 45 53 60 65 66 73 76 79 81 84 94 97 
 r: 73 98 8 18 19 26 36 37 44 54 55 62 72 80 90 91 
 Total col=25, Total row=16
 bc#: 3977
 c: 8 11 14 17 22 25 28 31 35 41 43 46 49 52 55 58 60 66 73 79 81 84 87 92 95 
 r: 73 99 9 11 15 19 27 29 33 37 45 47 51 55 63 65 69 81 83 87 91 
 Total col=25, Total row=21
 bc#: 3978
 c: 2 4 7 10 16 19 26 30 32 38 39 45 53 59 62 65 68 71 74 76 80 86 89 94 97 100 
 r: 73 100 10 12 16 19 28 30 34 37 46 48 52 55 64 66 70 82 84 88 91 
 Total col=26, Total row=21
 bc#: 3979
 c: 6 13 29 34 40 46 51 60 65 66 68 71 80 82 86 88 91 94 96 99 
 r: 74 75 2 3 13 14 20 21 31 32 38 39 49 50 56 57 67 68 85 86 92 93 
 Total col=20, Total row=22
 bc#: 3980
 c: 3 6 11 13 15 20 34 41 44 47 52 72 75 78 80 82 89 97 
 r: 74 77 2 5 14 20 23 32 38 41 50 56 59 68 86 92 95 
 Total col=18, Total row=17
 bc#: 3981
 c: 1 3 4 9 15 16 18 21 24 26 27 29 32 35 37 40 46 49 51 57 60 65 68 71 75 82 86 97 
 r: 74 78 2 6 14 20 24 32 38 42 50 56 60 68 86 92 96 
 Total col=28, Total row=17
 bc#: 3982
 c: 4 6 11 20 21 24 27 34 40 46 51 52 57 58 60 63 66 72 75 78 82 88 94 96 99 
 r: 74 79 2 7 14 17 20 25 32 35 38 43 50 53 56 61 68 71 86 89 92 97 
 Total col=25, Total row=22
 bc#: 3983
 c: 1 4 9 13 15 16 18 27 32 35 37 41 47 51 57 60 63 65 66 75 82 88 91 94 97 
 r: 74 80 2 8 14 18 20 26 32 36 38 44 50 54 56 62 68 72 86 90 92 98 
 Total col=25, Total row=22
 bc#: 3984
 c: 3 6 11 20 29 34 35 37 40 41 46 47 49 52 55 58 60 63 66 72 75 78 99 
 r: 74 81 2 9 11 14 15 20 27 29 32 33 38 45 47 50 51 56 63 65 68 69 83 86 87 92 99 
 Total col=23, Total row=27
 bc#: 3985
 c: 1 4 9 13 15 16 18 21 24 26 27 32 44 51 57 65 68 71 77 80 82 83 86 88 89 91 94 96 97 
 r: 74 82 2 10 12 14 16 20 28 30 32 34 38 46 48 50 52 56 64 66 68 70 84 86 88 92 100 
 Total col=29, Total row=27
 bc#: 3986
 c: 3 6 11 20 29 34 35 37 40 41 46 47 49 52 55 58 60 63 66 72 75 78 99 
 r: 74 83 2 9 11 14 15 20 27 29 32 33 38 45 47 50 51 56 63 65 68 69 81 86 87 92 99 
 Total col=23, Total row=27
 bc#: 3987
 c: 1 4 9 13 15 16 18 21 24 26 27 32 44 51 57 65 68 71 77 80 82 83 86 88 89 91 94 96 97 
 r: 74 84 2 10 12 14 16 20 28 30 32 34 38 46 48 50 52 56 64 66 68 70 82 86 88 92 100 
 Total col=29, Total row=27
 bc#: 3988
 c: 6 13 29 34 40 46 51 60 65 66 68 71 80 82 86 88 91 94 96 99 
 r: 74 85 2 3 13 14 20 21 31 32 38 39 49 50 56 57 67 68 75 86 92 93 
 Total col=20, Total row=22
 bc#: 3989
 c: 3 6 11 20 29 34 35 37 40 41 46 47 49 52 55 58 60 63 66 72 75 78 99 
 r: 74 87 2 9 11 14 15 20 27 29 32 33 38 45 47 50 51 56 63 65 68 69 81 83 86 92 99 
 Total col=23, Total row=27
 bc#: 3990
 c: 1 4 9 13 15 16 18 21 24 26 27 32 44 51 57 65 68 71 77 80 82 83 86 88 89 91 94 96 97 
 r: 74 88 2 10 12 14 16 20 28 30 32 34 38 46 48 50 52 56 64 66 68 70 82 84 86 92 100 
 Total col=29, Total row=27
 bc#: 3991
 c: 4 6 11 20 21 24 27 34 40 46 51 52 57 58 60 63 66 72 75 78 82 88 94 96 99 
 r: 74 89 2 7 14 17 20 25 32 35 38 43 50 53 56 61 68 71 79 86 92 97 
 Total col=25, Total row=22
 bc#: 3992
 c: 1 4 9 13 15 16 18 27 32 35 37 41 47 51 57 60 63 65 66 75 82 88 91 94 97 
 r: 74 90 2 8 14 18 20 26 32 36 38 44 50 54 56 62 68 72 80 86 92 98 
 Total col=25, Total row=22
 bc#: 3993
 c: 4 11 16 26 32 35 41 46 49 52 55 58 60 65 66 68 71 80 86 89 94 97 
 r: 74 91 2 14 19 20 32 37 38 50 55 56 68 73 86 92 
 Total col=22, Total row=16
 bc#: 3994
 c: 6 13 29 34 40 46 51 60 65 66 68 71 80 82 86 88 91 94 96 99 
 r: 74 93 2 3 13 14 20 21 31 32 38 39 49 50 56 57 67 68 75 85 86 92 
 Total col=20, Total row=22
 bc#: 3995
 c: 3 6 11 13 15 20 34 41 44 47 52 72 75 78 80 82 89 97 
 r: 74 95 2 5 14 20 23 32 38 41 50 56 59 68 77 86 92 
 Total col=18, Total row=17
 bc#: 3996
 c: 1 3 4 9 15 16 18 21 24 26 27 29 32 35 37 40 46 49 51 57 60 65 68 71 75 82 86 97 
 r: 74 96 2 6 14 20 24 32 38 42 50 56 60 68 78 86 92 
 Total col=28, Total row=17
 bc#: 3997
 c: 4 6 11 20 21 24 27 34 40 46 51 52 57 58 60 63 66 72 75 78 82 88 94 96 99 
 r: 74 97 2 7 14 17 20 25 32 35 38 43 50 53 56 61 68 71 79 86 89 92 
 Total col=25, Total row=22
 bc#: 3998
 c: 1 4 9 13 15 16 18 27 32 35 37 41 47 51 57 60 63 65 66 75 82 88 91 94 97 
 r: 74 98 2 8 14 18 20 26 32 36 38 44 50 54 56 62 68 72 80 86 90 92 
 Total col=25, Total row=22
 bc#: 3999
 c: 3 6 11 20 29 34 35 37 40 41 46 47 49 52 55 58 60 63 66 72 75 78 99 
 r: 74 99 2 9 11 14 15 20 27 29 32 33 38 45 47 50 51 56 63 65 68 69 81 83 86 87 92 
 Total col=23, Total row=27
 bc#: 4000
 c: 1 4 9 13 15 16 18 21 24 26 27 32 44 51 57 65 68 71 77 80 82 83 86 88 89 91 94 96 97 
 r: 74 100 2 10 12 14 16 20 28 30 32 34 38 46 48 50 52 56 64 66 68 70 82 84 86 88 92 
 Total col=29, Total row=27
 bc#: 4001
 c: 2 10 14 19 29 31 40 42 46 48 51 53 60 65 66 68 71 74 76 79 85 86 88 91 93 94 96 99 
 r: 75 76 3 4 13 21 22 31 39 40 49 57 58 67 85 93 94 
 Total col=28, Total row=17
 bc#: 4002
 c: 5 6 8 13 17 22 23 25 28 34 36 39 45 54 56 59 62 73 80 82 100 
 r: 75 77 3 5 13 21 23 31 39 41 49 57 59 67 85 93 95 
 Total col=21, Total row=17
 bc#: 4003
 c: 10 19 29 31 40 42 46 48 51 53 54 59 60 62 65 68 71 73 76 79 82 86 93 
 r: 75 78 3 6 13 21 24 31 39 42 49 57 60 67 85 93 96 
 Total col=23, Total row=17
 bc#: 4004
 c: 2 5 6 8 14 17 22 28 34 36 39 40 42 45 46 48 51 54 60 66 76 82 88 93 94 96 99 100 
 r: 75 79 3 7 13 17 21 25 31 35 39 43 49 53 57 61 67 71 85 89 93 97 
 Total col=28, Total row=22
 bc#: 4005
 c: 10 13 19 22 25 28 31 42 45 48 51 53 54 56 60 65 66 73 76 79 82 85 88 91 93 94 
 r: 75 80 3 8 13 18 21 26 31 36 39 44 49 54 57 62 67 72 85 90 93 98 
 Total col=26, Total row=22
 bc#: 4006
 c: 5 6 8 14 17 22 23 25 28 29 31 34 40 46 60 66 73 79 93 99 
 r: 75 81 3 9 11 13 15 21 27 29 31 33 39 45 47 49 51 57 63 65 67 69 83 85 87 93 99 
 Total col=20, Total row=27
 bc#: 4007
 c: 2 10 13 19 36 39 42 45 48 51 53 54 56 59 62 65 68 71 74 76 80 82 85 86 88 91 94 96 100 
 r: 75 82 3 10 12 13 16 21 28 30 31 34 39 46 48 49 52 57 64 66 67 70 84 85 88 93 100 
 Total col=29, Total row=27
 bc#: 4008
 c: 5 6 8 14 17 22 23 25 28 29 31 34 40 46 60 66 73 79 93 99 
 r: 75 83 3 9 11 13 15 21 27 29 31 33 39 45 47 49 51 57 63 65 67 69 81 85 87 93 99 
 Total col=20, Total row=27
 bc#: 4009
 c: 2 10 13 19 36 39 42 45 48 51 53 54 56 59 62 65 68 71 74 76 80 82 85 86 88 91 94 96 100 
 r: 75 84 3 10 12 13 16 21 28 30 31 34 39 46 48 49 52 57 64 66 67 70 82 85 88 93 100 
 Total col=29, Total row=27
 bc#: 4010
 c: 2 5 6 8 10 13 14 17 19 22 23 25 28 29 31 34 36 39 40 42 45 46 48 51 53 54 56 59 60 62 65 66 68 71 73 74 76 79 80 82 85 86 88 91 93 94 96 99 100 
 r: 75 85 3 13 21 31 39 49 57 67 93 
 Total col=49, Total row=11
 bc#: 4011
 c: 6 13 29 34 40 46 51 60 65 66 68 71 80 82 86 88 91 94 96 99 
 r: 75 86 2 3 13 14 20 21 31 32 38 39 49 50 56 57 67 68 74 85 92 93 
 Total col=20, Total row=22
 bc#: 4012
 c: 5 6 8 14 17 22 23 25 28 29 31 34 40 46 60 66 73 79 93 99 
 r: 75 87 3 9 11 13 15 21 27 29 31 33 39 45 47 49 51 57 63 65 67 69 81 83 85 93 99 
 Total col=20, Total row=27
 bc#: 4013
 c: 2 10 13 19 36 39 42 45 48 51 53 54 56 59 62 65 68 71 74 76 80 82 85 86 88 91 94 96 100 
 r: 75 88 3 10 12 13 16 21 28 30 31 34 39 46 48 49 52 57 64 66 67 70 82 84 85 93 100 
 Total col=29, Total row=27
 bc#: 4014
 c: 2 5 6 8 14 17 22 28 34 36 39 40 42 45 46 48 51 54 60 66 76 82 88 93 94 96 99 100 
 r: 75 89 3 7 13 17 21 25 31 35 39 43 49 53 57 61 67 71 79 85 93 97 
 Total col=28, Total row=22
 bc#: 4015
 c: 10 13 19 22 25 28 31 42 45 48 51 53 54 56 60 65 66 73 76 79 82 85 88 91 93 94 
 r: 75 90 3 8 13 18 21 26 31 36 39 44 49 54 57 62 67 72 80 85 93 98 
 Total col=26, Total row=22
 bc#: 4016
 c: 2 8 10 14 17 19 22 25 28 31 39 45 46 53 59 60 62 65 66 68 71 73 74 76 79 80 86 94 100 
 r: 75 91 3 13 19 21 31 37 39 49 55 57 67 73 85 93 
 Total col=29, Total row=16
 bc#: 4017
 c: 6 13 29 34 40 46 51 60 65 66 68 71 80 82 86 88 91 94 96 99 
 r: 75 92 2 3 13 14 20 21 31 32 38 39 49 50 56 57 67 68 74 85 86 93 
 Total col=20, Total row=22
 bc#: 4018
 c: 2 5 6 8 10 13 14 17 19 22 23 25 28 29 31 34 36 39 40 42 45 46 48 51 53 54 56 59 60 62 65 66 68 71 73 74 76 79 80 82 85 86 88 91 93 94 96 99 100 
 r: 75 93 3 13 21 31 39 49 57 67 85 
 Total col=49, Total row=11
 bc#: 4019
 c: 2 10 14 19 29 31 40 42 46 48 51 53 60 65 66 68 71 74 76 79 85 86 88 91 93 94 96 99 
 r: 75 94 3 4 13 21 22 31 39 40 49 57 58 67 76 85 93 
 Total col=28, Total row=17
 bc#: 4020
 c: 5 6 8 13 17 22 23 25 28 34 36 39 45 54 56 59 62 73 80 82 100 
 r: 75 95 3 5 13 21 23 31 39 41 49 57 59 67 77 85 93 
 Total col=21, Total row=17
 bc#: 4021
 c: 10 19 29 31 40 42 46 48 51 53 54 59 60 62 65 68 71 73 76 79 82 86 93 
 r: 75 96 3 6 13 21 24 31 39 42 49 57 60 67 78 85 93 
 Total col=23, Total row=17
 bc#: 4022
 c: 2 5 6 8 14 17 22 28 34 36 39 40 42 45 46 48 51 54 60 66 76 82 88 93 94 96 99 100 
 r: 75 97 3 7 13 17 21 25 31 35 39 43 49 53 57 61 67 71 79 85 89 93 
 Total col=28, Total row=22
 bc#: 4023
 c: 10 13 19 22 25 28 31 42 45 48 51 53 54 56 60 65 66 73 76 79 82 85 88 91 93 94 
 r: 75 98 3 8 13 18 21 26 31 36 39 44 49 54 57 62 67 72 80 85 90 93 
 Total col=26, Total row=22
 bc#: 4024
 c: 5 6 8 14 17 22 23 25 28 29 31 34 40 46 60 66 73 79 93 99 
 r: 75 99 3 9 11 13 15 21 27 29 31 33 39 45 47 49 51 57 63 65 67 69 81 83 85 87 93 
 Total col=20, Total row=27
 bc#: 4025
 c: 2 10 13 19 36 39 42 45 48 51 53 54 56 59 62 65 68 71 74 76 80 82 85 86 88 91 94 96 100 
 r: 75 100 3 10 12 13 16 21 28 30 31 34 39 46 48 49 52 57 64 66 67 70 82 84 85 88 93 
 Total col=29, Total row=27